application_id,gender,international,gpa,major,race,gmat,work_exp,work_industry,admission
1,0,False,3.3,Business,Asian,620.0,3.0,Financial Services,1
2,1,False,3.28,Humanities,Black,680.0,5.0,Investment Management,0
3,0,True,3.3,Business,Unknown,710.0,5.0,Technology,1
4,1,False,3.47,STEM,Black,690.0,6.0,Technology,0
5,1,False,3.35,STEM,Hispanic,590.0,5.0,Consulting,0
6,1,False,3.18,Business,White,610.0,6.0,Consulting,0
7,0,False,2.93,STEM,Other,590.0,3.0,Technology,1
8,1,True,3.02,Business,Unknown,630.0,6.0,Financial Services,0
9,1,False,3.24,Business,White,590.0,2.0,Nonprofit/Gov,0
10,1,False,3.27,Humanities,Asian,690.0,3.0,Consulting,0
11,1,False,3.05,Humanities,White,580.0,5.0,Technology,0
12,1,True,2.85,Humanities,Unknown,580.0,4.0,PE/VC,0
14,0,False,3.39,Business,Black,690.0,4.0,Nonprofit/Gov,0
15,0,False,3.03,STEM,White,600.0,5.0,Technology,1
16,0,True,3.05,Humanities,Unknown,710.0,4.0,Consulting,1
17,0,False,3.32,Business,Asian,710.0,5.0,PE/VC,1
18,1,False,3.23,Humanities,Black,700.0,4.0,Health Care,0
19,1,False,3.13,Humanities,White,630.0,6.0,Financial Services,0
20,1,True,3.09,Business,Unknown,670.0,8.0,Consulting,0
21,1,False,3.46,Business,White,760.0,5.0,Investment Banking,1
22,0,False,3.64,Humanities,Black,710.0,6.0,Financial Services,0
23,0,True,3.42,Business,Unknown,640.0,6.0,Consulting,1
24,1,False,3.4,Business,White,680.0,6.0,PE/VC,0
25,0,False,3.47,STEM,White,710.0,5.0,Consulting,1
26,1,False,3.26,Humanities,Asian,690.0,5.0,Technology,1
27,1,True,2.99,STEM,Unknown,640.0,5.0,Consulting,0
28,1,False,3.39,STEM,Other,730.0,4.0,Other,0
29,1,False,3.08,Business,Asian,570.0,7.0,Retail,0
30,1,True,3.65,STEM,Unknown,700.0,5.0,Consulting,1
31,1,True,3.04,STEM,Unknown,610.0,4.0,Consulting,0
32,1,False,3.19,Humanities,White,580.0,5.0,PE/VC,0
33,1,False,3.33,Humanities,Black,700.0,6.0,Investment Banking,0
34,0,False,3.53,STEM,White,710.0,5.0,Consulting,1
35,1,False,3.5,Business,White,650.0,7.0,Consulting,0
36,1,True,3.22,Humanities,Unknown,670.0,4.0,Other,0
37,1,False,3.5,STEM,Hispanic,720.0,5.0,Health Care,0
38,0,False,3.16,STEM,Black,590.0,4.0,Investment Management,0
39,0,False,3.3,Humanities,Asian,740.0,6.0,Investment Banking,1
40,0,False,3.45,Humanities,Asian,640.0,3.0,PE/VC,1
41,0,True,3.12,Business,Unknown,610.0,4.0,PE/VC,1
42,0,True,3.41,Business,Unknown,600.0,7.0,Nonprofit/Gov,1
43,1,False,3.38,Humanities,Asian,720.0,5.0,Consulting,0
44,0,False,2.93,Humanities,Other,590.0,4.0,Consulting,1
45,1,False,3.27,STEM,Other,650.0,5.0,Consulting,0
46,1,False,3.32,STEM,Asian,730.0,4.0,Health Care,0
47,1,True,3.13,Humanities,Unknown,610.0,5.0,PE/VC,0
48,1,False,3.33,STEM,Hispanic,720.0,7.0,Consulting,1
49,1,False,3.23,STEM,Black,660.0,6.0,Other,0
50,1,False,3.38,STEM,Hispanic,680.0,5.0,Consulting,0
52,1,False,3.43,Business,Asian,650.0,4.0,Nonprofit/Gov,0
53,1,False,3.19,Business,White,650.0,5.0,Financial Services,0
54,0,False,3.23,STEM,Asian,700.0,6.0,PE/VC,1
55,1,False,2.96,STEM,Black,610.0,6.0,Consulting,0
56,0,False,3.44,STEM,Black,680.0,4.0,PE/VC,0
57,1,False,3.09,Business,Other,610.0,6.0,Consulting,0
58,0,True,3.05,Business,Unknown,650.0,7.0,Health Care,1
59,1,True,3.01,Humanities,Unknown,660.0,6.0,Consulting,0
60,1,False,3.41,Humanities,White,740.0,4.0,Financial Services,0
61,0,False,3.27,Business,White,670.0,5.0,Consulting,1
62,1,False,3.13,Humanities,Black,630.0,5.0,Financial Services,0
63,0,True,3.0,STEM,Unknown,640.0,3.0,Financial Services,1
64,1,False,3.36,STEM,Black,650.0,5.0,Technology,0
65,0,False,3.39,Humanities,White,680.0,5.0,Investment Banking,1
66,1,True,3.31,Business,Unknown,670.0,4.0,Nonprofit/Gov,0
67,1,False,3.07,STEM,Other,570.0,6.0,Other,0
68,1,False,3.53,STEM,White,690.0,5.0,Technology,0
69,1,False,3.49,Business,Black,620.0,4.0,Energy,0
70,1,False,3.41,Humanities,White,690.0,6.0,Technology,1
71,1,True,3.34,STEM,Unknown,690.0,5.0,Nonprofit/Gov,0
73,0,True,3.34,STEM,Unknown,680.0,5.0,PE/VC,1
74,0,True,2.89,Humanities,Unknown,670.0,5.0,Consulting,1
75,0,True,3.35,Business,Unknown,640.0,5.0,PE/VC,1
77,1,False,3.18,Humanities,Black,640.0,4.0,PE/VC,0
78,1,True,3.2,Humanities,Unknown,640.0,5.0,Nonprofit/Gov,0
79,1,False,3.17,Business,Hispanic,640.0,4.0,Other,0
80,0,False,3.1,STEM,Asian,680.0,4.0,Health Care,1
81,1,False,2.93,Humanities,Hispanic,620.0,4.0,Technology,0
82,1,True,3.2,STEM,Unknown,730.0,4.0,PE/VC,0
83,1,False,3.52,STEM,Hispanic,610.0,6.0,Consulting,0
84,0,False,3.35,Humanities,White,710.0,6.0,Consulting,1
85,1,False,3.15,STEM,Hispanic,620.0,4.0,PE/VC,0
86,1,False,3.21,Business,Hispanic,640.0,6.0,Nonprofit/Gov,0
87,1,False,3.1,Business,Hispanic,670.0,7.0,Financial Services,0
88,1,False,3.48,Business,White,710.0,5.0,Consulting,1
89,1,False,3.15,Humanities,Asian,650.0,6.0,Consulting,0
90,1,False,3.09,Business,Other,610.0,6.0,Consulting,0
91,0,False,3.14,Humanities,Hispanic,660.0,6.0,Consulting,0
92,1,False,2.97,STEM,Asian,580.0,4.0,Consulting,0
93,1,False,3.17,STEM,White,670.0,5.0,PE/VC,0
94,0,False,3.23,Humanities,White,620.0,7.0,Nonprofit/Gov,1
95,0,False,3.05,Humanities,White,600.0,5.0,Other,1
96,1,False,3.32,Business,Black,670.0,4.0,Consulting,1
97,1,False,3.08,Humanities,Asian,640.0,5.0,Technology,0
98,1,True,3.36,STEM,Unknown,690.0,5.0,CPG,0
99,1,False,3.1,Humanities,White,610.0,5.0,Health Care,0
100,0,False,3.38,Humanities,White,660.0,5.0,Consulting,1
101,1,False,3.26,Humanities,Hispanic,650.0,6.0,Real Estate,0
102,1,False,3.2,Humanities,Hispanic,600.0,4.0,Investment Banking,0
103,1,False,3.65,Humanities,Black,700.0,6.0,Health Care,0
104,0,True,3.34,Business,Unknown,650.0,5.0,Financial Services,1
105,0,False,3.3,Humanities,Hispanic,670.0,4.0,Nonprofit/Gov,1
106,1,False,3.11,Business,Asian,610.0,6.0,PE/VC,0
107,1,True,3.08,Humanities,Unknown,740.0,4.0,Health Care,0
108,1,False,3.2,STEM,White,590.0,5.0,Consulting,0
109,1,True,3.3,STEM,Unknown,590.0,5.0,Other,0
110,1,False,3.21,Humanities,Black,610.0,4.0,PE/VC,0
111,0,False,3.26,Humanities,Black,670.0,6.0,Consulting,0
112,0,False,3.29,STEM,Hispanic,640.0,6.0,Investment Banking,0
113,0,False,3.25,Humanities,Hispanic,640.0,5.0,Other,0
114,0,False,3.2,Humanities,Asian,680.0,7.0,Consulting,1
115,0,False,3.23,STEM,Asian,610.0,5.0,Nonprofit/Gov,1
116,1,False,3.32,Humanities,Hispanic,670.0,4.0,Media/Entertainment,0
117,0,False,3.46,STEM,White,660.0,5.0,Consulting,1
118,0,False,3.29,Humanities,Black,610.0,4.0,Consulting,0
119,1,False,3.33,Humanities,White,680.0,4.0,Financial Services,1
120,0,True,2.99,Humanities,Unknown,570.0,6.0,Real Estate,1
121,1,False,3.22,Business,Black,610.0,5.0,Technology,0
122,0,True,3.29,Business,Unknown,710.0,4.0,Consulting,1
123,1,True,3.26,Humanities,Unknown,650.0,4.0,PE/VC,0
124,1,False,3.25,Humanities,Asian,620.0,6.0,Technology,0
125,1,True,3.32,STEM,Unknown,630.0,6.0,Technology,0
126,1,False,3.44,Business,White,740.0,6.0,PE/VC,0
127,1,True,3.4,Humanities,Unknown,730.0,5.0,Nonprofit/Gov,0
128,0,False,3.51,Humanities,Black,700.0,7.0,Nonprofit/Gov,0
129,0,False,3.43,Humanities,Black,710.0,7.0,Other,0
130,0,False,3.27,Business,White,660.0,6.0,Other,1
131,1,False,3.34,Humanities,White,700.0,4.0,Consulting,1
132,1,False,3.07,Humanities,Other,640.0,6.0,Other,0
133,1,True,3.36,Humanities,Unknown,670.0,2.0,PE/VC,0
134,1,False,3.21,Humanities,White,690.0,7.0,Real Estate,0
135,0,False,3.28,Humanities,White,610.0,6.0,Consulting,1
136,0,False,3.06,Business,Black,650.0,5.0,Consulting,0
137,1,False,3.32,Business,White,670.0,4.0,Financial Services,0
138,1,True,3.33,Humanities,Unknown,670.0,5.0,Consulting,0
139,0,False,3.31,STEM,Asian,600.0,5.0,Investment Banking,1
140,1,False,3.16,STEM,Hispanic,570.0,5.0,Technology,0
141,1,False,3.2,STEM,Asian,600.0,6.0,Consulting,0
142,1,True,3.17,STEM,Unknown,600.0,4.0,Investment Banking,0
143,0,True,3.48,STEM,Unknown,780.0,5.0,PE/VC,1
144,1,False,3.1,STEM,Asian,570.0,5.0,Nonprofit/Gov,0
145,1,False,2.95,Business,Asian,590.0,5.0,Investment Management,0
146,1,False,3.32,Humanities,White,570.0,6.0,Technology,0
147,1,False,3.24,Humanities,Black,660.0,7.0,Investment Management,0
148,0,False,3.21,STEM,Black,580.0,6.0,Financial Services,0
149,1,False,3.32,Humanities,Asian,660.0,4.0,Investment Banking,0
150,1,False,3.2,Humanities,Hispanic,630.0,6.0,Technology,0
151,1,False,3.37,Business,Asian,710.0,5.0,Technology,1
152,1,False,3.14,Humanities,Asian,620.0,5.0,Technology,0
153,0,True,3.32,Humanities,Unknown,650.0,5.0,Real Estate,1
154,0,True,3.13,Business,Unknown,580.0,4.0,Consulting,1
155,0,False,3.55,Humanities,Asian,680.0,6.0,PE/VC,1
156,1,False,3.22,STEM,White,620.0,5.0,PE/VC,0
157,1,True,3.42,STEM,Unknown,630.0,6.0,Financial Services,0
158,0,False,3.18,STEM,Asian,650.0,6.0,Nonprofit/Gov,1
159,1,True,3.14,STEM,Unknown,620.0,6.0,Nonprofit/Gov,0
160,1,True,3.24,Humanities,Unknown,680.0,7.0,PE/VC,0
161,1,False,3.3,Business,White,630.0,3.0,PE/VC,0
162,0,False,3.2,STEM,White,610.0,4.0,Consulting,1
163,1,False,3.41,Humanities,Black,710.0,4.0,PE/VC,0
164,1,True,3.03,STEM,Unknown,570.0,5.0,Consulting,0
165,1,False,3.3,Humanities,Asian,640.0,9.0,Consulting,0
166,0,False,3.17,STEM,White,600.0,4.0,Nonprofit/Gov,1
167,0,False,3.43,Business,White,680.0,3.0,Consulting,1
168,1,False,3.36,STEM,Black,700.0,5.0,PE/VC,1
169,0,True,3.15,STEM,Unknown,650.0,5.0,Investment Banking,1
170,0,False,3.23,Business,Black,680.0,6.0,Health Care,1
171,0,False,3.36,Humanities,Asian,710.0,4.0,CPG,1
172,1,False,3.0,STEM,Asian,570.0,6.0,Financial Services,0
173,1,False,3.25,Humanities,Asian,640.0,7.0,PE/VC,0
174,1,False,3.15,Humanities,Hispanic,620.0,3.0,PE/VC,0
175,0,True,3.17,STEM,Unknown,630.0,6.0,Nonprofit/Gov,1
176,1,False,2.97,STEM,Asian,610.0,6.0,Technology,0
177,0,False,3.25,Humanities,White,670.0,5.0,Consulting,1
178,1,False,3.33,Humanities,Other,640.0,3.0,Other,0
179,1,False,3.43,Business,Asian,680.0,3.0,Consulting,0
180,1,True,3.17,Humanities,Unknown,670.0,4.0,Technology,0
181,1,True,3.4,Business,Unknown,750.0,4.0,Nonprofit/Gov,0
182,1,False,3.24,STEM,Black,600.0,5.0,Investment Management,0
183,1,False,3.34,Humanities,White,700.0,5.0,Consulting,1
184,1,True,3.29,Humanities,Unknown,660.0,6.0,Energy,0
185,1,True,3.04,Business,Unknown,660.0,6.0,Nonprofit/Gov,0
186,1,True,3.4,Humanities,Unknown,690.0,6.0,Other,1
187,1,True,3.01,Humanities,Unknown,670.0,6.0,Technology,0
188,1,False,3.54,STEM,Hispanic,700.0,5.0,Other,0
189,1,False,3.23,STEM,White,710.0,6.0,PE/VC,0
190,1,True,3.15,Humanities,Unknown,650.0,6.0,Consulting,0
191,0,False,3.32,Humanities,White,730.0,5.0,Nonprofit/Gov,1
192,1,False,3.47,Business,Asian,690.0,7.0,Investment Management,0
193,0,False,3.29,Business,Black,590.0,3.0,Real Estate,0
194,1,False,3.2,STEM,Asian,690.0,5.0,Energy,0
195,0,True,3.48,Humanities,Unknown,670.0,5.0,Financial Services,1
196,0,False,3.14,Business,White,600.0,3.0,Nonprofit/Gov,1
197,1,True,3.45,Humanities,Unknown,620.0,5.0,Consulting,0
198,1,False,3.31,STEM,Hispanic,620.0,3.0,PE/VC,0
199,0,False,3.6,Humanities,Other,670.0,5.0,Consulting,1
200,1,False,3.5,STEM,Hispanic,700.0,6.0,Investment Management,1
201,1,False,3.61,Business,Hispanic,690.0,5.0,Technology,0
202,1,False,3.11,STEM,Black,650.0,5.0,Financial Services,0
203,1,True,3.1,Humanities,Unknown,580.0,6.0,Consulting,0
204,1,True,3.06,STEM,Unknown,620.0,6.0,Nonprofit/Gov,0
205,1,True,3.18,Business,Unknown,630.0,3.0,Nonprofit/Gov,0
206,1,False,3.05,Humanities,White,570.0,8.0,Consulting,0
207,1,False,3.45,Humanities,Other,700.0,6.0,Consulting,1
208,0,True,3.26,Business,Unknown,630.0,6.0,Consulting,1
209,1,False,3.35,Business,White,660.0,5.0,Consulting,1
210,0,False,3.23,Business,White,670.0,5.0,Nonprofit/Gov,1
211,1,True,3.11,Business,Unknown,640.0,4.0,Nonprofit/Gov,0
212,0,False,3.44,Business,White,750.0,5.0,Technology,1
213,0,False,3.14,Humanities,Black,580.0,5.0,Technology,0
214,0,False,3.24,Business,White,660.0,6.0,Technology,1
215,1,True,3.43,Humanities,Unknown,610.0,5.0,Technology,0
216,1,False,3.27,STEM,Asian,600.0,5.0,PE/VC,0
217,1,False,3.41,Humanities,Asian,670.0,5.0,Consulting,0
218,0,False,3.02,Humanities,Asian,570.0,4.0,Consulting,1
219,1,False,3.24,STEM,White,670.0,3.0,Consulting,0
220,1,False,3.23,STEM,Black,630.0,5.0,Technology,0
221,1,False,3.09,Humanities,Asian,690.0,5.0,Other,0
222,1,False,3.64,STEM,Black,680.0,4.0,PE/VC,0
223,1,False,3.71,STEM,White,720.0,6.0,Other,0
224,0,False,3.19,Business,Asian,630.0,5.0,Investment Banking,1
225,0,False,3.24,STEM,Asian,670.0,4.0,Consulting,1
226,1,False,3.01,Humanities,Asian,610.0,4.0,PE/VC,0
227,1,False,3.4,Business,Asian,630.0,4.0,Consulting,0
228,0,False,3.18,Humanities,Black,650.0,5.0,Consulting,0
229,1,True,3.39,Humanities,Unknown,650.0,6.0,Other,0
230,0,False,3.06,STEM,Hispanic,640.0,6.0,Nonprofit/Gov,0
231,1,True,3.01,Business,Unknown,610.0,6.0,Technology,0
232,1,False,3.34,Business,Asian,590.0,5.0,PE/VC,0
233,1,True,3.34,STEM,Unknown,680.0,8.0,Technology,0
234,1,True,3.33,STEM,Unknown,720.0,5.0,Nonprofit/Gov,1
235,1,False,3.4,STEM,Black,680.0,4.0,Other,0
236,1,False,3.02,STEM,Black,590.0,5.0,Consulting,0
237,1,False,3.49,Humanities,White,720.0,3.0,Consulting,0
238,1,False,3.45,Humanities,White,710.0,4.0,PE/VC,0
239,1,False,3.33,Humanities,White,660.0,5.0,Media/Entertainment,0
240,0,False,3.27,Humanities,Black,680.0,5.0,Health Care,0
241,0,False,3.15,Business,White,620.0,6.0,Technology,1
242,0,False,3.11,STEM,Asian,620.0,4.0,Financial Services,1
243,1,True,3.15,Humanities,Unknown,590.0,5.0,Investment Management,0
244,1,False,3.11,Business,Asian,600.0,7.0,PE/VC,0
245,1,False,3.17,Business,Asian,640.0,6.0,Other,0
246,0,False,3.02,STEM,Asian,570.0,5.0,Other,1
247,1,True,3.04,STEM,Unknown,630.0,5.0,Other,0
248,1,False,3.22,STEM,White,650.0,5.0,PE/VC,0
249,1,True,3.77,STEM,Unknown,780.0,5.0,Consulting,0
250,0,False,3.31,Business,Hispanic,590.0,5.0,Nonprofit/Gov,0
251,1,False,3.3,Humanities,Asian,660.0,4.0,Investment Banking,0
252,1,False,3.26,Humanities,White,690.0,4.0,Nonprofit/Gov,0
253,1,False,3.1,Humanities,White,570.0,5.0,Financial Services,0
254,0,False,3.61,Humanities,Black,740.0,6.0,Health Care,1
255,0,False,3.33,Business,Black,620.0,5.0,Consulting,0
256,1,True,3.28,Humanities,Unknown,750.0,3.0,Nonprofit/Gov,0
257,0,False,3.47,STEM,Black,730.0,4.0,Technology,0
258,1,True,3.27,Humanities,Unknown,640.0,4.0,Investment Banking,0
259,1,False,3.33,STEM,Black,670.0,3.0,Technology,0
260,0,False,3.28,Humanities,Black,650.0,5.0,PE/VC,0
261,1,True,3.32,Humanities,Unknown,750.0,4.0,Consulting,0
262,1,False,3.1,Business,Black,620.0,6.0,Consulting,0
263,1,False,3.21,Business,White,630.0,6.0,Investment Management,0
264,1,False,3.12,Humanities,Hispanic,620.0,4.0,PE/VC,0
265,1,True,3.05,Humanities,Unknown,600.0,5.0,Technology,0
266,1,False,3.31,Humanities,White,620.0,5.0,Nonprofit/Gov,0
267,1,False,3.28,STEM,White,600.0,5.0,Consulting,0
268,1,False,2.95,Humanities,Hispanic,600.0,5.0,Nonprofit/Gov,0
269,0,False,3.19,STEM,Hispanic,690.0,4.0,PE/VC,0
270,0,True,3.34,Humanities,Unknown,670.0,5.0,Nonprofit/Gov,1
271,0,True,3.34,Business,Unknown,620.0,4.0,Consulting,1
272,1,False,3.43,Humanities,Other,680.0,5.0,Other,0
273,0,False,3.23,Humanities,Other,670.0,6.0,Investment Banking,1
274,1,False,3.31,STEM,Asian,650.0,4.0,Investment Banking,0
275,1,True,3.3,STEM,Unknown,650.0,5.0,Technology,0
276,0,False,3.05,Humanities,Asian,630.0,5.0,Consulting,1
277,1,False,3.52,Humanities,White,770.0,3.0,Investment Banking,0
278,0,False,3.15,Business,Black,570.0,5.0,Financial Services,0
279,0,False,3.11,Business,Black,660.0,6.0,Technology,0
280,1,False,3.05,Business,Asian,610.0,5.0,PE/VC,0
281,1,True,3.04,Business,Unknown,570.0,5.0,PE/VC,0
282,1,False,3.3,Business,White,650.0,6.0,Technology,0
283,1,False,3.58,Business,White,740.0,4.0,Investment Banking,1
284,0,False,2.97,Humanities,Asian,590.0,4.0,Nonprofit/Gov,1
285,1,False,3.29,STEM,Black,630.0,5.0,PE/VC,0
286,0,False,3.49,Business,Asian,780.0,6.0,PE/VC,1
287,0,True,3.33,STEM,Unknown,640.0,7.0,Consulting,1
288,1,False,3.14,Business,Hispanic,580.0,2.0,PE/VC,0
289,1,False,3.42,STEM,Asian,750.0,3.0,Media/Entertainment,1
290,1,True,3.18,STEM,Unknown,600.0,4.0,Technology,0
291,1,False,2.98,Business,Asian,630.0,7.0,Nonprofit/Gov,0
292,0,True,2.99,Humanities,Unknown,630.0,6.0,Nonprofit/Gov,1
293,1,False,3.1,Business,White,600.0,7.0,Nonprofit/Gov,0
294,0,False,3.35,Business,Asian,670.0,5.0,Technology,1
295,1,False,2.95,Humanities,Asian,570.0,4.0,Consulting,0
296,1,False,3.16,Business,Asian,580.0,5.0,Consulting,0
297,0,True,3.34,Humanities,Unknown,570.0,5.0,Consulting,1
298,1,False,3.14,Business,Black,660.0,5.0,Financial Services,0
299,1,False,3.1,STEM,Asian,630.0,4.0,PE/VC,0
300,1,False,3.21,Humanities,White,660.0,3.0,Nonprofit/Gov,0
301,1,False,3.37,Business,Hispanic,690.0,5.0,Nonprofit/Gov,0
302,1,False,3.36,Business,Asian,720.0,4.0,Technology,1
303,1,False,3.2,Humanities,Hispanic,650.0,6.0,Technology,0
304,0,False,3.15,Business,Black,620.0,6.0,Consulting,0
305,1,False,3.53,STEM,Asian,660.0,5.0,Investment Banking,1
306,0,False,3.24,Humanities,Hispanic,660.0,6.0,Consulting,0
307,0,False,3.25,Humanities,Asian,710.0,6.0,Technology,1
308,0,False,3.34,Humanities,Asian,760.0,4.0,PE/VC,1
309,1,False,3.16,STEM,Asian,650.0,5.0,Health Care,0
310,1,False,3.4,STEM,White,630.0,5.0,Investment Banking,0
311,1,False,3.49,Business,Other,700.0,5.0,Investment Management,1
312,1,False,3.17,Humanities,Hispanic,670.0,2.0,Investment Banking,0
313,1,False,3.3,Business,White,650.0,4.0,PE/VC,0
314,0,False,3.25,Humanities,Asian,580.0,5.0,Consulting,1
315,1,False,3.33,Business,White,580.0,5.0,Consulting,0
316,0,False,3.29,Humanities,Asian,700.0,4.0,Investment Management,1
317,1,False,3.32,Humanities,White,700.0,6.0,PE/VC,0
318,0,True,3.33,STEM,Unknown,680.0,4.0,Health Care,1
319,0,False,3.32,Humanities,White,630.0,5.0,Consulting,1
320,1,False,3.03,Humanities,Asian,590.0,4.0,Consulting,0
321,1,False,3.44,Business,Black,650.0,6.0,Investment Banking,0
322,0,True,3.24,STEM,Unknown,610.0,5.0,Other,1
323,0,False,3.36,Humanities,Black,650.0,6.0,Technology,0
324,0,True,3.14,Humanities,Unknown,580.0,5.0,Nonprofit/Gov,1
325,1,False,3.2,STEM,Asian,710.0,4.0,Other,0
326,1,False,3.1,Humanities,Hispanic,570.0,5.0,Health Care,0
327,1,False,3.37,Humanities,White,660.0,4.0,Consulting,0
328,1,True,3.31,Humanities,Unknown,610.0,6.0,Technology,0
329,1,False,3.34,STEM,White,750.0,6.0,Other,0
330,1,False,3.38,Business,Asian,570.0,4.0,Other,0
331,0,False,3.32,Humanities,Hispanic,600.0,5.0,Financial Services,0
332,1,True,3.33,Business,Unknown,670.0,5.0,Consulting,1
333,1,False,3.23,STEM,White,600.0,5.0,Other,0
334,1,True,3.06,STEM,Unknown,630.0,5.0,Financial Services,0
335,1,True,3.01,Business,Unknown,570.0,7.0,Real Estate,0
336,0,False,3.21,Humanities,White,700.0,6.0,PE/VC,1
337,1,False,3.5,Humanities,Asian,670.0,5.0,Nonprofit/Gov,0
338,0,True,3.29,Humanities,Unknown,690.0,4.0,Financial Services,1
339,1,True,3.2,Business,Unknown,650.0,5.0,Consulting,0
340,1,True,3.11,Humanities,Unknown,600.0,5.0,Consulting,0
341,0,False,3.1,Business,Other,620.0,6.0,Real Estate,1
342,1,False,3.39,Business,White,730.0,6.0,Investment Banking,0
343,1,True,3.28,Business,Unknown,660.0,4.0,Technology,0
344,0,False,3.18,STEM,White,590.0,6.0,Nonprofit/Gov,1
345,0,False,2.96,Humanities,White,580.0,7.0,Financial Services,1
346,1,True,3.58,STEM,Unknown,710.0,5.0,Investment Banking,1
347,0,False,3.35,STEM,White,700.0,5.0,Technology,1
348,1,False,3.16,STEM,Black,650.0,5.0,Technology,0
349,1,False,3.1,STEM,White,620.0,4.0,Other,0
350,1,False,3.17,STEM,Hispanic,700.0,5.0,Consulting,0
351,1,False,3.2,Business,Asian,690.0,5.0,Consulting,0
352,0,True,3.09,Humanities,Unknown,660.0,6.0,Financial Services,1
353,0,False,3.47,Humanities,White,760.0,4.0,Technology,1
354,1,False,3.24,STEM,White,630.0,6.0,Consulting,0
355,1,False,3.28,STEM,Black,720.0,5.0,PE/VC,1
356,1,False,3.37,STEM,White,690.0,5.0,Consulting,1
357,0,True,3.31,Humanities,Unknown,630.0,6.0,Nonprofit/Gov,1
358,0,True,3.03,Humanities,Unknown,660.0,5.0,Consulting,1
359,1,True,3.05,Humanities,Unknown,580.0,3.0,Consulting,0
360,1,False,3.06,Humanities,Asian,600.0,5.0,PE/VC,0
361,1,False,3.41,Humanities,Black,620.0,4.0,Consulting,0
362,1,True,3.46,Humanities,Unknown,650.0,7.0,Health Care,0
363,1,False,3.16,STEM,Black,620.0,5.0,Consulting,0
364,1,False,3.06,Business,Other,630.0,5.0,Other,0
365,0,False,3.42,Humanities,White,700.0,6.0,Consulting,1
366,0,False,3.27,Business,White,660.0,4.0,Consulting,1
367,1,True,3.08,STEM,Unknown,580.0,6.0,PE/VC,0
368,1,False,3.27,Humanities,Black,690.0,6.0,Other,0
369,1,False,3.22,Business,Asian,580.0,5.0,Investment Banking,0
370,0,False,3.16,Humanities,White,620.0,5.0,Technology,1
371,1,True,3.39,STEM,Unknown,710.0,6.0,Investment Banking,0
372,1,False,3.22,STEM,White,570.0,6.0,Other,0
373,0,False,3.12,Business,Hispanic,570.0,4.0,PE/VC,0
374,0,True,3.21,STEM,Unknown,600.0,4.0,Consulting,1
375,0,False,3.01,Humanities,Black,660.0,8.0,Technology,0
376,0,False,3.47,Business,Black,640.0,6.0,PE/VC,0
377,0,True,3.18,Business,Unknown,690.0,3.0,Financial Services,1
378,1,True,3.38,Humanities,Unknown,680.0,7.0,CPG,0
379,0,False,3.11,STEM,Other,610.0,6.0,PE/VC,1
380,1,True,3.08,Humanities,Unknown,620.0,6.0,Technology,0
381,0,False,3.26,STEM,White,650.0,6.0,Consulting,1
382,1,False,3.21,Business,Asian,630.0,4.0,Consulting,0
383,0,False,3.1,Business,Asian,610.0,5.0,Nonprofit/Gov,1
384,1,True,3.17,Business,Unknown,580.0,6.0,Consulting,0
385,1,False,3.43,Humanities,Hispanic,660.0,4.0,CPG,1
386,0,False,3.31,STEM,White,620.0,5.0,Investment Banking,1
387,0,False,3.03,Humanities,Asian,590.0,5.0,Consulting,1
388,0,True,3.08,STEM,Unknown,630.0,5.0,Health Care,1
389,0,False,3.18,Humanities,Hispanic,620.0,6.0,Investment Management,0
390,1,False,3.47,Business,White,690.0,6.0,Other,0
391,1,False,3.42,Business,Asian,720.0,3.0,Consulting,0
392,0,False,3.34,Business,White,680.0,4.0,Financial Services,1
393,1,True,3.37,Business,Unknown,680.0,5.0,Health Care,0
394,0,False,3.49,Humanities,White,690.0,5.0,Financial Services,1
395,1,True,3.32,STEM,Unknown,580.0,5.0,Real Estate,0
396,1,False,3.3,Humanities,Other,620.0,5.0,CPG,0
397,1,False,3.38,Humanities,White,680.0,4.0,Financial Services,0
398,1,False,3.18,STEM,White,590.0,4.0,PE/VC,0
399,0,False,3.28,STEM,Hispanic,630.0,5.0,Other,0
400,1,False,3.24,Humanities,White,600.0,3.0,PE/VC,0
401,1,False,3.15,Humanities,Black,610.0,6.0,Consulting,0
402,1,False,3.16,STEM,Black,600.0,6.0,PE/VC,0
403,1,True,3.22,Humanities,Unknown,640.0,5.0,Other,0
404,0,False,3.35,Business,White,620.0,6.0,Consulting,1
405,0,False,3.36,Business,White,620.0,4.0,PE/VC,1
406,0,False,3.06,Business,White,580.0,5.0,Investment Banking,1
407,1,False,3.17,STEM,Black,660.0,5.0,Investment Banking,0
408,0,False,3.06,Business,White,610.0,6.0,Nonprofit/Gov,1
409,1,True,3.39,Humanities,Unknown,670.0,7.0,Investment Banking,0
410,1,False,3.44,Business,Asian,600.0,5.0,Health Care,0
411,1,False,3.14,Humanities,Asian,640.0,5.0,Consulting,0
412,0,False,3.29,Business,White,600.0,5.0,Consulting,1
413,0,False,3.18,Humanities,Asian,630.0,4.0,PE/VC,1
414,1,False,3.52,Business,Asian,730.0,6.0,PE/VC,0
415,1,True,3.31,Humanities,Unknown,630.0,5.0,Financial Services,0
417,1,False,3.26,STEM,White,650.0,5.0,Consulting,0
419,1,False,3.07,Business,White,570.0,4.0,Consulting,0
420,1,True,3.11,Business,Unknown,620.0,5.0,Health Care,0
421,1,False,3.21,Humanities,Black,700.0,5.0,Nonprofit/Gov,0
422,1,False,3.29,Humanities,Asian,640.0,6.0,Investment Banking,0
423,1,False,3.39,Business,Asian,710.0,3.0,PE/VC,0
424,1,False,3.22,Business,White,650.0,4.0,Investment Banking,0
425,1,False,3.23,STEM,Black,680.0,5.0,Consulting,0
426,0,True,3.0,Humanities,Unknown,630.0,5.0,Consulting,1
427,1,True,3.12,Humanities,Unknown,630.0,4.0,PE/VC,0
428,0,False,3.23,Humanities,Black,630.0,5.0,PE/VC,0
429,1,True,3.34,Humanities,Unknown,760.0,4.0,Consulting,0
430,1,False,3.18,Business,Asian,640.0,5.0,Health Care,0
431,1,False,3.33,STEM,White,640.0,4.0,Consulting,0
432,1,False,3.56,STEM,White,710.0,6.0,Technology,0
433,1,False,3.13,Humanities,White,580.0,4.0,Consulting,0
434,1,True,3.54,Business,Unknown,690.0,4.0,PE/VC,1
436,1,False,3.28,STEM,Asian,680.0,5.0,Other,0
437,0,False,3.43,Humanities,White,770.0,5.0,Consulting,1
439,1,False,3.37,Humanities,White,640.0,4.0,Consulting,0
440,1,False,3.17,Business,White,630.0,5.0,Technology,0
441,0,False,3.46,STEM,White,680.0,7.0,PE/VC,1
442,1,True,3.25,Business,Unknown,670.0,5.0,Consulting,0
443,0,False,3.25,STEM,White,620.0,4.0,Technology,1
444,0,False,3.44,Humanities,Hispanic,740.0,5.0,Technology,0
445,0,False,3.18,Humanities,White,570.0,5.0,Investment Management,1
446,1,True,3.22,STEM,Unknown,630.0,5.0,Investment Banking,0
447,0,False,3.03,Business,Black,590.0,4.0,Consulting,0
448,1,False,3.3,Business,Black,680.0,4.0,Investment Banking,0
449,1,False,3.33,Business,White,660.0,5.0,Investment Banking,0
450,1,False,3.47,Business,Asian,660.0,6.0,Real Estate,0
451,1,False,3.3,Humanities,Black,610.0,5.0,Consulting,0
452,1,True,3.33,Business,Unknown,680.0,5.0,Consulting,0
453,1,True,3.11,Business,Unknown,570.0,4.0,Technology,0
454,1,False,3.21,Humanities,Asian,650.0,5.0,Nonprofit/Gov,0
455,1,False,3.21,STEM,Black,650.0,6.0,Nonprofit/Gov,0
456,1,False,3.27,Humanities,Black,650.0,6.0,Technology,0
457,1,False,3.19,Business,White,650.0,5.0,Technology,0
458,1,False,3.43,Humanities,Asian,640.0,4.0,Real Estate,0
459,0,False,3.17,Business,Other,660.0,6.0,Technology,1
460,1,False,3.4,Business,Asian,680.0,5.0,Consulting,1
462,1,False,3.08,Humanities,White,690.0,5.0,PE/VC,0
463,1,True,3.46,Business,Unknown,640.0,5.0,Real Estate,0
464,1,False,3.28,Business,Asian,600.0,6.0,Investment Banking,0
465,0,False,3.06,STEM,White,590.0,6.0,Consulting,1
467,1,False,3.35,Business,White,760.0,5.0,Health Care,0
469,0,False,3.36,Humanities,Asian,670.0,4.0,Other,1
470,0,False,3.22,Humanities,White,670.0,6.0,Technology,1
471,1,False,3.37,Humanities,Hispanic,720.0,6.0,Nonprofit/Gov,1
472,0,False,3.17,Humanities,Black,630.0,6.0,Nonprofit/Gov,0
473,1,False,3.48,Business,Black,690.0,5.0,Investment Banking,1
474,0,False,3.34,STEM,Other,680.0,5.0,Technology,1
475,0,False,3.18,STEM,Hispanic,680.0,7.0,Consulting,0
477,1,True,3.13,Humanities,Unknown,640.0,4.0,Financial Services,0
478,1,False,3.44,Business,White,740.0,4.0,Technology,0
479,1,False,3.24,STEM,Hispanic,620.0,5.0,PE/VC,0
480,0,False,3.26,Humanities,Hispanic,670.0,5.0,Investment Banking,0
481,1,True,3.3,STEM,Unknown,600.0,2.0,PE/VC,0
482,0,True,3.21,STEM,Unknown,590.0,6.0,PE/VC,1
483,0,True,3.28,Business,Unknown,600.0,6.0,Consulting,1
484,0,False,3.27,Business,Other,580.0,5.0,Financial Services,1
485,0,True,3.2,STEM,Unknown,610.0,5.0,Real Estate,1
486,1,True,3.15,Business,Unknown,600.0,5.0,Nonprofit/Gov,0
487,1,False,3.54,Humanities,Hispanic,700.0,4.0,Media/Entertainment,0
488,1,False,3.27,Business,White,620.0,5.0,Technology,0
489,1,True,3.48,STEM,Unknown,680.0,3.0,Consulting,0
490,1,False,3.11,STEM,White,640.0,5.0,Nonprofit/Gov,0
491,1,True,3.3,Business,Unknown,600.0,5.0,Consulting,0
492,1,False,3.22,Humanities,White,640.0,3.0,PE/VC,0
493,1,False,3.11,Business,White,570.0,3.0,Nonprofit/Gov,0
494,0,True,3.18,STEM,Unknown,620.0,4.0,Nonprofit/Gov,1
495,1,False,3.15,Humanities,White,680.0,8.0,CPG,0
496,1,False,3.33,STEM,Hispanic,640.0,5.0,PE/VC,0
497,1,False,3.28,STEM,White,680.0,4.0,PE/VC,0
498,1,False,3.42,Business,White,720.0,3.0,PE/VC,1
499,1,False,3.28,STEM,White,650.0,5.0,Financial Services,0
500,1,False,3.06,STEM,Black,600.0,5.0,PE/VC,0
501,0,False,3.12,Business,Black,650.0,3.0,Financial Services,0
502,1,False,2.96,Humanities,Black,620.0,5.0,PE/VC,0
504,0,False,3.37,Humanities,Black,640.0,4.0,Technology,0
505,1,True,3.27,STEM,Unknown,620.0,6.0,Consulting,0
506,1,True,3.11,STEM,Unknown,590.0,5.0,Consulting,0
507,0,False,3.33,STEM,White,660.0,5.0,Technology,1
509,1,False,3.2,STEM,Asian,650.0,6.0,PE/VC,0
510,1,False,3.06,Humanities,White,630.0,5.0,Technology,0
512,0,True,3.47,Business,Unknown,650.0,4.0,Investment Banking,1
513,0,False,3.13,STEM,Asian,620.0,6.0,Nonprofit/Gov,0
514,1,False,3.18,STEM,Asian,620.0,4.0,Consulting,0
515,1,False,3.17,Business,Other,610.0,4.0,Consulting,0
516,1,False,3.32,Humanities,White,630.0,5.0,Consulting,0
517,1,True,3.31,Business,Unknown,700.0,4.0,Health Care,0
518,0,True,3.23,Humanities,Unknown,630.0,6.0,Consulting,1
519,1,True,3.2,Humanities,Unknown,570.0,4.0,Real Estate,0
520,0,False,3.18,Business,Black,600.0,5.0,Health Care,0
521,1,False,3.32,Business,Asian,610.0,5.0,Nonprofit/Gov,0
522,1,True,3.08,Business,Unknown,690.0,6.0,Technology,0
523,1,False,3.32,STEM,Hispanic,690.0,4.0,Financial Services,0
524,1,True,3.16,STEM,Unknown,660.0,4.0,Technology,0
525,1,True,3.33,Business,Unknown,720.0,4.0,Other,0
526,1,False,3.04,Humanities,Hispanic,570.0,5.0,Nonprofit/Gov,0
527,1,False,3.18,Humanities,Asian,670.0,5.0,Technology,0
528,0,False,3.03,STEM,White,600.0,5.0,Financial Services,1
529,0,False,3.42,Humanities,Other,760.0,5.0,Other,1
530,0,False,3.27,Humanities,Other,650.0,6.0,Investment Banking,1
531,0,True,3.13,Business,Unknown,650.0,5.0,Technology,1
532,1,False,3.2,Business,Asian,610.0,5.0,PE/VC,0
533,1,False,3.48,STEM,Black,690.0,5.0,Investment Banking,0
534,0,True,3.19,Business,Unknown,590.0,6.0,Investment Banking,1
535,0,False,3.35,Humanities,White,720.0,5.0,Investment Banking,1
536,1,False,3.61,Business,Asian,690.0,5.0,Investment Banking,0
537,1,False,3.23,STEM,Black,630.0,4.0,Retail,0
538,1,False,3.35,Humanities,Asian,570.0,6.0,PE/VC,0
539,1,False,3.03,STEM,White,570.0,4.0,PE/VC,0
540,1,False,3.42,STEM,Asian,710.0,5.0,Other,0
541,0,True,3.16,Humanities,Unknown,690.0,4.0,Consulting,1
542,1,False,3.43,STEM,White,700.0,4.0,PE/VC,0
543,1,False,3.33,Humanities,Hispanic,640.0,5.0,Technology,0
544,1,True,3.15,STEM,Unknown,680.0,4.0,Technology,0
545,1,False,3.25,Humanities,Hispanic,660.0,3.0,Nonprofit/Gov,0
546,1,False,3.3,Humanities,Hispanic,780.0,5.0,Consulting,0
547,1,False,3.0,Humanities,Other,570.0,4.0,Technology,0
548,0,False,3.5,Humanities,White,680.0,6.0,Consulting,1
549,1,False,3.22,STEM,Black,700.0,4.0,Real Estate,0
550,1,False,3.21,STEM,Asian,570.0,4.0,Other,0
552,0,False,2.93,Humanities,Asian,590.0,4.0,Nonprofit/Gov,0
554,1,False,3.27,Business,White,740.0,5.0,Financial Services,0
555,1,False,3.33,Humanities,Black,620.0,5.0,Investment Banking,0
556,0,True,3.23,Business,Unknown,680.0,4.0,Investment Banking,1
557,1,False,3.26,Humanities,Hispanic,610.0,5.0,PE/VC,0
558,0,True,3.04,Business,Unknown,620.0,6.0,Nonprofit/Gov,1
559,1,False,3.31,Humanities,White,580.0,6.0,Investment Banking,0
560,1,True,3.17,STEM,Unknown,590.0,7.0,Financial Services,0
561,1,False,3.31,STEM,Asian,680.0,6.0,Consulting,0
562,1,True,3.06,Business,Unknown,640.0,4.0,Consulting,0
563,1,False,3.09,Humanities,White,570.0,5.0,Consulting,0
564,0,True,3.36,STEM,Unknown,690.0,5.0,Other,1
565,0,False,3.42,STEM,Black,690.0,7.0,PE/VC,0
566,1,False,3.24,Humanities,Other,640.0,5.0,Other,0
567,1,False,3.18,Humanities,Black,600.0,4.0,PE/VC,0
568,1,False,3.15,Humanities,Black,570.0,4.0,Investment Management,0
569,1,False,3.41,Business,White,660.0,4.0,Other,0
570,0,False,2.89,Humanities,Black,590.0,6.0,Other,0
571,1,False,3.37,STEM,Black,690.0,4.0,Investment Banking,0
572,1,False,3.23,Business,White,630.0,4.0,Consulting,0
573,1,True,3.29,Business,Unknown,670.0,4.0,Consulting,0
575,1,True,3.04,Humanities,Unknown,580.0,4.0,Consulting,0
576,0,True,3.17,Humanities,Unknown,630.0,6.0,Investment Management,1
577,1,False,3.38,Humanities,Asian,720.0,7.0,Technology,0
578,1,False,3.23,Business,Asian,570.0,4.0,Technology,0
579,1,False,3.46,Business,Hispanic,660.0,6.0,Technology,1
580,1,False,3.39,Business,Asian,650.0,5.0,Other,0
581,1,False,3.32,Business,White,720.0,4.0,Nonprofit/Gov,1
582,1,False,3.34,STEM,Black,670.0,4.0,Nonprofit/Gov,0
583,1,False,3.33,STEM,White,680.0,4.0,Investment Banking,1
584,1,False,3.35,Business,White,660.0,3.0,Consulting,1
585,1,True,3.35,STEM,Unknown,690.0,5.0,Other,1
586,0,False,3.01,Business,Asian,570.0,5.0,Consulting,0
587,0,False,3.02,STEM,Black,660.0,4.0,Consulting,0
588,1,False,3.42,Humanities,Black,780.0,3.0,PE/VC,0
589,1,False,3.01,Humanities,Black,640.0,5.0,Consulting,0
590,1,False,3.47,STEM,White,680.0,3.0,Nonprofit/Gov,0
591,1,True,3.04,Business,Unknown,620.0,4.0,Nonprofit/Gov,0
592,0,False,3.33,Humanities,White,700.0,4.0,Nonprofit/Gov,1
593,1,False,3.44,Business,White,660.0,6.0,Consulting,1
594,0,True,3.19,STEM,Unknown,700.0,5.0,Consulting,1
595,1,False,3.07,Humanities,Asian,570.0,6.0,Consulting,0
596,1,True,3.29,Business,Unknown,630.0,5.0,Financial Services,0
597,1,False,3.27,STEM,White,590.0,7.0,Nonprofit/Gov,0
598,1,True,3.43,Humanities,Unknown,720.0,5.0,Nonprofit/Gov,0
599,1,False,3.15,Business,Asian,620.0,6.0,Real Estate,0
600,1,True,3.06,STEM,Unknown,650.0,5.0,Nonprofit/Gov,0
601,0,True,3.24,STEM,Unknown,660.0,5.0,Investment Management,1
603,1,True,3.04,Business,Unknown,610.0,7.0,PE/VC,0
604,0,False,3.31,STEM,Black,720.0,7.0,Technology,1
605,0,False,3.25,Business,Black,630.0,6.0,Consulting,0
606,1,False,2.99,Humanities,White,630.0,5.0,Other,0
607,0,True,3.0,Business,Unknown,630.0,3.0,Consulting,1
608,1,False,3.4,Humanities,Hispanic,660.0,5.0,Technology,0
609,0,False,3.17,Business,Asian,580.0,6.0,Nonprofit/Gov,0
610,0,False,3.69,STEM,Asian,780.0,6.0,Nonprofit/Gov,1
611,1,False,2.79,Business,Asian,600.0,5.0,Real Estate,0
612,0,False,2.87,STEM,Asian,570.0,5.0,Technology,0
613,1,False,3.09,Business,White,640.0,5.0,PE/VC,0
614,1,False,3.16,STEM,White,650.0,7.0,Consulting,0
615,0,False,3.22,Humanities,Black,660.0,5.0,Technology,1
616,0,False,3.39,Humanities,Black,650.0,5.0,PE/VC,0
617,1,True,3.46,Humanities,Unknown,680.0,5.0,Technology,0
618,1,False,3.2,Business,Black,670.0,5.0,Consulting,0
619,1,False,2.88,Business,Other,570.0,5.0,Health Care,0
620,1,False,3.51,Business,Asian,700.0,4.0,Consulting,0
621,1,False,3.25,Business,Other,640.0,5.0,Technology,0
622,0,False,3.4,Business,Hispanic,780.0,5.0,Technology,1
623,1,False,3.2,STEM,Black,670.0,4.0,CPG,0
624,1,False,2.95,STEM,Black,570.0,6.0,Consulting,0
625,1,True,3.33,Humanities,Unknown,710.0,7.0,Health Care,1
626,0,True,3.07,STEM,Unknown,640.0,6.0,Real Estate,1
627,1,True,3.12,Humanities,Unknown,720.0,4.0,Technology,0
628,1,False,3.18,Business,Hispanic,570.0,5.0,Health Care,0
629,1,False,3.11,Humanities,Asian,610.0,6.0,Media/Entertainment,0
630,1,False,3.11,STEM,Black,570.0,5.0,Investment Banking,0
631,1,False,2.99,Humanities,White,580.0,3.0,Consulting,0
632,1,True,3.38,Business,Unknown,740.0,6.0,Other,0
633,0,False,3.08,Humanities,Hispanic,600.0,5.0,Health Care,0
634,1,False,3.45,STEM,Asian,650.0,4.0,Energy,0
635,1,False,3.51,Humanities,White,750.0,6.0,Technology,0
636,1,True,3.29,Humanities,Unknown,690.0,4.0,PE/VC,0
637,1,False,3.4,STEM,Hispanic,700.0,5.0,Nonprofit/Gov,0
638,1,True,3.36,STEM,Unknown,690.0,3.0,Consulting,0
639,1,True,3.45,Humanities,Unknown,650.0,5.0,Financial Services,0
640,1,False,3.48,STEM,Asian,780.0,6.0,Health Care,0
641,0,True,3.14,Business,Unknown,590.0,5.0,PE/VC,1
642,1,True,3.34,Business,Unknown,660.0,5.0,Consulting,1
643,0,False,3.43,Humanities,Black,630.0,4.0,CPG,0
644,1,False,3.14,STEM,White,720.0,6.0,Technology,0
645,1,True,3.19,Business,Unknown,670.0,5.0,Financial Services,0
646,1,True,3.0,Business,Unknown,620.0,5.0,Technology,0
647,1,False,3.24,Business,Asian,640.0,4.0,Nonprofit/Gov,0
648,0,True,3.12,Humanities,Unknown,690.0,6.0,PE/VC,1
649,1,False,3.37,Business,Asian,680.0,4.0,Technology,0
650,1,False,3.39,Humanities,Asian,690.0,6.0,Investment Banking,0
651,1,False,3.32,Business,Black,610.0,6.0,Consulting,0
652,1,True,3.33,Business,Unknown,690.0,3.0,Consulting,1
653,1,True,3.29,STEM,Unknown,620.0,4.0,Consulting,0
654,0,True,3.23,Business,Unknown,640.0,4.0,Consulting,1
655,1,True,3.12,Humanities,Unknown,630.0,5.0,Financial Services,0
656,1,True,3.24,Humanities,Unknown,610.0,6.0,Consulting,0
657,0,False,3.37,Humanities,Asian,670.0,4.0,Technology,1
658,0,False,3.17,Business,Other,570.0,6.0,Other,1
659,1,False,3.12,Humanities,Other,680.0,6.0,Technology,0
660,1,True,3.21,Humanities,Unknown,660.0,5.0,Financial Services,1
661,1,False,3.0,Business,White,600.0,5.0,Financial Services,0
662,1,False,3.07,Business,Asian,600.0,6.0,PE/VC,0
663,0,True,3.23,STEM,Unknown,650.0,4.0,Financial Services,1
664,1,False,3.19,STEM,White,680.0,5.0,Financial Services,0
665,1,True,3.32,STEM,Unknown,710.0,5.0,Financial Services,1
666,0,True,3.11,STEM,Unknown,650.0,4.0,Technology,1
668,1,False,3.28,STEM,Asian,590.0,7.0,Investment Management,0
669,1,False,3.41,Business,Black,710.0,6.0,Health Care,0
670,1,True,3.38,STEM,Unknown,630.0,5.0,Consulting,0
671,1,False,3.26,Business,White,610.0,5.0,Health Care,0
672,1,False,3.65,STEM,Hispanic,710.0,6.0,Financial Services,1
673,1,False,3.27,STEM,White,650.0,4.0,Retail,0
674,1,False,3.42,Business,Other,690.0,5.0,PE/VC,0
675,1,False,3.43,Business,Black,740.0,4.0,Financial Services,0
676,1,False,3.22,STEM,Hispanic,690.0,3.0,Investment Management,1
677,0,False,3.03,Humanities,Black,570.0,7.0,Consulting,0
679,0,True,3.26,STEM,Unknown,700.0,3.0,Other,1
680,1,False,3.21,STEM,White,640.0,6.0,Nonprofit/Gov,0
682,1,False,3.26,Business,White,740.0,6.0,Consulting,1
683,0,False,3.37,Humanities,Black,650.0,4.0,Technology,0
684,1,False,3.36,Humanities,White,630.0,6.0,Technology,0
685,1,False,3.34,Business,White,680.0,5.0,Financial Services,1
686,0,False,3.58,Business,Other,780.0,5.0,Technology,1
687,1,False,3.3,STEM,Asian,600.0,6.0,Health Care,0
688,1,False,3.1,Humanities,Hispanic,570.0,4.0,Consulting,0
689,1,True,3.15,Business,Unknown,640.0,6.0,Consulting,0
690,1,False,3.3,Humanities,White,680.0,6.0,Health Care,0
691,1,True,3.49,Business,Unknown,680.0,4.0,Consulting,0
692,1,True,3.15,Humanities,Unknown,610.0,5.0,Consulting,0
693,1,True,3.26,Business,Unknown,650.0,4.0,Technology,0
694,1,True,2.96,Humanities,Unknown,590.0,5.0,Other,0
695,1,True,3.38,Business,Unknown,650.0,6.0,Media/Entertainment,0
696,1,False,3.32,Humanities,Hispanic,650.0,5.0,Health Care,0
698,1,True,3.19,Business,Unknown,650.0,4.0,Consulting,0
699,1,False,3.27,Humanities,Black,620.0,6.0,PE/VC,0
700,1,True,3.3,Humanities,Unknown,630.0,4.0,Investment Banking,0
701,1,False,3.05,Humanities,Asian,630.0,5.0,Consulting,0
702,1,False,3.5,Business,Asian,690.0,6.0,Other,0
703,1,False,3.56,Business,Black,670.0,6.0,Consulting,0
704,0,False,3.28,Humanities,Other,650.0,6.0,PE/VC,1
705,0,False,3.2,STEM,Asian,630.0,6.0,Financial Services,0
706,0,False,3.24,STEM,Asian,630.0,3.0,Investment Banking,0
707,1,False,3.35,STEM,Asian,720.0,4.0,Consulting,0
708,1,False,3.2,Business,White,630.0,5.0,PE/VC,0
711,1,False,3.02,STEM,Asian,640.0,4.0,Retail,0
712,0,False,3.51,Humanities,Other,690.0,4.0,Consulting,1
713,1,False,3.25,STEM,White,650.0,6.0,Consulting,0
714,1,False,3.09,Business,Asian,680.0,7.0,Consulting,0
715,1,False,3.4,Humanities,Asian,700.0,4.0,Retail,0
716,1,True,2.93,Business,Unknown,570.0,5.0,Nonprofit/Gov,0
718,1,False,3.27,STEM,Hispanic,700.0,6.0,Consulting,0
719,1,False,3.26,STEM,Asian,690.0,4.0,Technology,1
720,1,True,3.39,Business,Unknown,640.0,6.0,Consulting,0
721,1,True,3.44,Business,Unknown,700.0,3.0,Media/Entertainment,0
722,1,False,3.26,STEM,Asian,710.0,6.0,Investment Management,1
723,1,True,3.29,Business,Unknown,590.0,5.0,Nonprofit/Gov,0
724,1,True,3.19,Humanities,Unknown,630.0,5.0,Health Care,0
725,1,False,3.18,STEM,White,680.0,4.0,PE/VC,0
726,1,True,3.13,Humanities,Unknown,640.0,6.0,Nonprofit/Gov,0
727,1,False,3.39,STEM,White,730.0,5.0,Financial Services,0
728,1,False,3.24,Humanities,Hispanic,580.0,4.0,Investment Banking,0
730,1,False,2.89,Humanities,Asian,580.0,4.0,Technology,0
731,1,False,3.22,Humanities,White,600.0,5.0,Technology,0
734,1,False,3.3,Humanities,Asian,700.0,6.0,Nonprofit/Gov,0
735,1,True,3.16,Business,Unknown,640.0,5.0,Technology,0
736,0,False,3.02,Business,Black,570.0,4.0,PE/VC,0
737,1,False,3.18,Humanities,Black,660.0,4.0,Other,0
738,1,False,3.36,Humanities,Asian,640.0,3.0,Consulting,0
739,1,False,3.19,Business,White,660.0,2.0,Technology,0
740,0,False,3.28,Humanities,Hispanic,670.0,6.0,Investment Banking,0
741,1,False,3.28,STEM,Black,610.0,5.0,Nonprofit/Gov,0
742,1,False,3.33,Business,Asian,640.0,5.0,Consulting,0
743,1,False,3.18,Business,White,730.0,4.0,Consulting,0
744,1,False,3.35,STEM,White,650.0,5.0,Consulting,0
745,1,False,3.01,STEM,Hispanic,650.0,5.0,Consulting,0
746,1,False,2.98,Business,White,570.0,5.0,PE/VC,0
747,0,True,3.29,Humanities,Unknown,710.0,4.0,Investment Banking,1
748,1,True,3.31,Humanities,Unknown,670.0,4.0,CPG,1
749,1,False,3.37,Humanities,White,700.0,4.0,Consulting,1
750,1,True,3.29,Business,Unknown,730.0,5.0,Consulting,0
752,1,True,3.26,Humanities,Unknown,690.0,4.0,Health Care,0
753,1,True,3.63,Business,Unknown,700.0,6.0,Technology,1
754,1,True,3.24,Humanities,Unknown,670.0,5.0,Other,1
755,1,False,3.27,STEM,Asian,600.0,3.0,Health Care,0
756,0,False,3.45,Business,Asian,700.0,5.0,Other,1
757,1,True,3.0,Humanities,Unknown,670.0,4.0,Nonprofit/Gov,0
758,1,True,3.18,Humanities,Unknown,620.0,4.0,Consulting,0
759,1,False,3.31,Business,White,630.0,3.0,Consulting,0
760,1,False,3.16,Humanities,Asian,720.0,6.0,Technology,0
762,1,False,3.1,Humanities,Black,630.0,6.0,Consulting,0
763,1,False,3.22,Humanities,Asian,650.0,6.0,Consulting,0
764,1,True,3.29,Business,Unknown,680.0,5.0,Health Care,0
765,1,False,3.35,Humanities,Black,720.0,7.0,Consulting,1
766,1,False,3.08,STEM,Black,570.0,4.0,Nonprofit/Gov,0
768,1,False,3.46,Humanities,White,770.0,6.0,PE/VC,0
769,1,False,3.26,STEM,Black,670.0,6.0,Technology,0
770,1,False,3.3,Humanities,Black,640.0,6.0,Nonprofit/Gov,0
772,1,False,3.08,STEM,Black,610.0,5.0,Nonprofit/Gov,0
774,1,True,3.18,Humanities,Unknown,690.0,4.0,Consulting,0
775,1,False,3.15,Humanities,Black,640.0,5.0,Investment Management,0
776,1,True,3.2,Humanities,Unknown,570.0,3.0,Consulting,0
777,1,False,3.18,Business,Black,610.0,5.0,Other,0
778,1,True,3.31,Humanities,Unknown,710.0,5.0,Health Care,0
779,0,False,3.24,Business,Hispanic,660.0,4.0,Other,0
781,1,False,3.35,Business,Black,710.0,6.0,Health Care,0
782,1,False,3.49,STEM,Black,690.0,6.0,Investment Banking,1
783,1,False,3.35,STEM,Asian,620.0,6.0,Consulting,0
784,1,True,3.06,Humanities,Unknown,580.0,3.0,Technology,0
785,1,False,3.43,STEM,Asian,730.0,6.0,Nonprofit/Gov,0
787,0,False,3.26,Humanities,White,740.0,4.0,Health Care,1
788,1,True,2.99,STEM,Unknown,650.0,5.0,Financial Services,0
789,1,True,3.17,Humanities,Unknown,620.0,5.0,Consulting,0
791,0,False,3.19,STEM,Asian,580.0,5.0,PE/VC,0
792,0,False,3.21,Humanities,Hispanic,710.0,5.0,Other,0
793,0,False,3.09,Business,Black,570.0,7.0,PE/VC,0
794,0,False,3.39,STEM,Black,610.0,6.0,Investment Management,0
795,1,False,3.33,STEM,Asian,690.0,4.0,Financial Services,1
796,1,True,3.28,Humanities,Unknown,650.0,5.0,Consulting,0
797,1,False,3.18,Business,Hispanic,650.0,5.0,Financial Services,0
798,1,True,3.1,Business,Unknown,570.0,4.0,Other,0
799,1,False,3.25,STEM,Hispanic,740.0,5.0,PE/VC,0
800,1,False,3.17,Humanities,Hispanic,570.0,5.0,Financial Services,0
801,1,True,3.27,Business,Unknown,640.0,6.0,Health Care,0
802,1,False,3.36,STEM,White,640.0,3.0,Consulting,0
803,1,True,3.45,Business,Unknown,680.0,5.0,Financial Services,1
804,0,False,3.16,Humanities,Hispanic,570.0,7.0,PE/VC,0
805,1,False,3.32,Humanities,Black,660.0,4.0,Consulting,0
806,1,True,3.09,Humanities,Unknown,640.0,5.0,Nonprofit/Gov,0
807,0,False,3.26,Business,White,710.0,5.0,Investment Banking,1
808,1,False,3.21,Humanities,Asian,630.0,4.0,Investment Banking,0
809,1,False,3.33,Humanities,Black,680.0,4.0,Investment Banking,0
810,1,False,3.3,Humanities,White,680.0,5.0,PE/VC,0
811,1,True,3.38,STEM,Unknown,670.0,5.0,Financial Services,0
812,1,True,3.39,Humanities,Unknown,600.0,6.0,Health Care,0
814,1,True,3.11,STEM,Unknown,620.0,4.0,Consulting,0
815,0,False,3.08,Humanities,Black,610.0,6.0,Nonprofit/Gov,0
816,1,False,3.39,Business,Hispanic,680.0,4.0,PE/VC,0
817,1,False,3.19,Humanities,White,570.0,3.0,Energy,0
818,1,True,3.37,Business,Unknown,640.0,3.0,Financial Services,0
821,1,True,3.45,Humanities,Unknown,640.0,6.0,Investment Banking,0
822,1,False,3.38,Humanities,White,700.0,6.0,CPG,0
823,1,True,3.26,Business,Unknown,680.0,7.0,Consulting,1
824,0,False,3.47,Business,Black,630.0,5.0,PE/VC,0
826,1,True,3.2,STEM,Unknown,650.0,5.0,PE/VC,0
827,1,False,3.26,STEM,Black,630.0,6.0,Technology,0
828,1,True,3.3,Humanities,Unknown,670.0,4.0,PE/VC,0
829,1,False,3.58,STEM,Black,740.0,4.0,Health Care,1
830,1,False,2.98,STEM,White,620.0,6.0,Consulting,0
831,1,False,3.2,STEM,White,650.0,6.0,PE/VC,0
832,1,False,3.24,STEM,Hispanic,660.0,6.0,Nonprofit/Gov,0
833,1,False,3.49,Business,White,750.0,5.0,Investment Banking,0
834,1,False,3.42,STEM,Asian,640.0,4.0,Technology,0
835,1,False,3.17,Business,White,630.0,6.0,Other,0
836,1,True,3.18,Business,Unknown,570.0,4.0,Other,0
837,1,False,3.44,Business,Hispanic,740.0,6.0,Consulting,0
838,1,True,3.29,Humanities,Unknown,680.0,4.0,PE/VC,0
839,0,False,3.08,Humanities,Black,610.0,4.0,Nonprofit/Gov,0
841,0,False,3.43,Business,Asian,610.0,6.0,Consulting,0
842,1,False,3.24,Business,Asian,620.0,7.0,PE/VC,0
843,0,False,3.2,Humanities,Asian,600.0,5.0,Consulting,0
844,1,True,3.3,STEM,Unknown,660.0,3.0,Nonprofit/Gov,1
845,0,False,3.39,Business,Hispanic,670.0,6.0,PE/VC,1
846,1,False,3.19,STEM,White,690.0,5.0,Financial Services,0
848,1,True,3.33,STEM,Unknown,700.0,4.0,Other,0
849,1,False,3.23,Business,Hispanic,620.0,6.0,Nonprofit/Gov,0
850,0,False,3.19,Humanities,Asian,610.0,6.0,Consulting,0
851,1,False,3.28,STEM,White,710.0,5.0,Technology,1
852,1,False,3.36,STEM,Black,730.0,6.0,Nonprofit/Gov,0
854,0,True,3.23,Humanities,Unknown,690.0,5.0,Health Care,1
855,1,True,3.32,Business,Unknown,700.0,5.0,Investment Banking,1
856,1,False,3.37,Business,Hispanic,600.0,4.0,Consulting,0
857,1,False,3.58,Business,Hispanic,730.0,6.0,CPG,0
858,1,False,3.19,Humanities,Asian,670.0,5.0,Other,0
859,0,False,3.45,STEM,Hispanic,710.0,4.0,Health Care,1
860,1,True,3.26,Humanities,Unknown,660.0,5.0,Consulting,0
861,1,False,3.38,Humanities,White,660.0,4.0,Consulting,0
863,1,False,3.0,STEM,White,590.0,6.0,Nonprofit/Gov,0
865,0,True,3.23,Humanities,Unknown,650.0,6.0,Nonprofit/Gov,0
866,1,False,3.05,Humanities,White,580.0,6.0,Technology,0
867,0,False,3.04,STEM,White,610.0,5.0,CPG,0
868,1,False,3.52,STEM,Asian,710.0,5.0,Media/Entertainment,1
869,1,False,3.13,Business,Black,670.0,7.0,Consulting,0
870,0,False,3.29,Humanities,Hispanic,690.0,3.0,Nonprofit/Gov,0
871,0,True,3.37,Business,Unknown,640.0,7.0,Nonprofit/Gov,0
872,1,False,3.44,Humanities,Asian,720.0,5.0,Consulting,1
873,0,False,3.45,Humanities,Hispanic,740.0,7.0,Consulting,0
874,1,True,3.21,Business,Unknown,640.0,3.0,Financial Services,0
875,1,False,3.31,Humanities,White,650.0,5.0,Investment Banking,0
876,1,True,2.98,Humanities,Unknown,710.0,5.0,Consulting,0
877,1,False,3.26,Humanities,Asian,710.0,6.0,Consulting,0
878,1,False,3.56,Business,Asian,780.0,5.0,Media/Entertainment,0
879,1,False,3.17,Business,White,630.0,6.0,Financial Services,0
881,0,True,3.08,Business,Unknown,660.0,4.0,Other,0
882,1,True,3.41,Business,Unknown,710.0,7.0,PE/VC,1
883,0,True,3.15,STEM,Unknown,670.0,5.0,Other,0
884,0,False,3.37,Humanities,White,600.0,7.0,Financial Services,0
885,1,False,3.23,Business,Hispanic,630.0,3.0,Financial Services,0
886,1,False,3.33,Business,Asian,700.0,5.0,Consulting,1
887,0,False,3.3,Humanities,Asian,690.0,7.0,Consulting,1
888,1,False,3.32,Business,Asian,670.0,4.0,Nonprofit/Gov,0
889,1,True,3.28,Business,Unknown,620.0,5.0,Consulting,0
890,1,True,3.27,Business,Unknown,640.0,3.0,Consulting,0
891,1,False,3.4,Humanities,Asian,660.0,5.0,PE/VC,0
892,0,False,3.12,Humanities,Hispanic,630.0,5.0,Other,0
893,1,True,3.49,Humanities,Unknown,660.0,7.0,Consulting,0
894,0,False,3.1,Humanities,White,590.0,5.0,Consulting,0
895,1,False,3.51,STEM,Asian,600.0,6.0,Consulting,0
897,1,False,3.29,Humanities,Hispanic,760.0,5.0,Technology,1
898,1,False,3.52,STEM,Asian,760.0,5.0,PE/VC,0
899,1,False,3.24,Business,White,630.0,6.0,Technology,0
900,1,False,3.2,Business,Other,700.0,5.0,Nonprofit/Gov,0
901,1,False,3.04,Business,Asian,580.0,4.0,Consulting,0
902,1,True,3.21,STEM,Unknown,620.0,4.0,PE/VC,0
903,1,False,3.06,Humanities,Black,580.0,5.0,Consulting,0
904,0,False,3.34,Humanities,Asian,660.0,6.0,Real Estate,1
905,0,False,3.23,Humanities,White,710.0,6.0,PE/VC,1
906,1,False,3.16,STEM,Hispanic,620.0,6.0,Other,0
907,1,True,3.19,Humanities,Unknown,680.0,7.0,Consulting,0
908,1,False,2.93,Business,White,610.0,3.0,Technology,0
909,0,False,3.22,Business,Black,710.0,6.0,Consulting,0
910,0,False,3.13,Humanities,Asian,640.0,7.0,Investment Banking,0
911,0,False,3.56,STEM,White,680.0,4.0,Consulting,0
912,1,True,3.41,STEM,Unknown,710.0,6.0,Nonprofit/Gov,1
913,1,True,3.38,STEM,Unknown,680.0,5.0,Technology,0
914,1,False,3.1,Humanities,Asian,590.0,4.0,PE/VC,0
915,0,False,3.21,STEM,Black,690.0,5.0,Nonprofit/Gov,0
916,1,False,3.29,Humanities,White,600.0,5.0,Consulting,0
917,0,True,3.2,STEM,Unknown,600.0,4.0,PE/VC,0
918,0,True,3.23,Humanities,Unknown,590.0,4.0,Consulting,0
919,0,False,3.19,Business,Asian,680.0,5.0,Consulting,0
920,1,False,3.46,Business,Asian,680.0,6.0,Nonprofit/Gov,0
921,0,False,3.13,Humanities,Hispanic,680.0,6.0,Nonprofit/Gov,0
922,0,True,3.45,Business,Unknown,710.0,4.0,Investment Management,1
923,1,True,3.49,Business,Unknown,780.0,5.0,Nonprofit/Gov,0
924,0,True,2.99,Business,Unknown,580.0,7.0,Nonprofit/Gov,0
925,0,True,3.17,STEM,Unknown,700.0,5.0,Investment Banking,0
926,0,False,3.36,Humanities,Asian,660.0,5.0,Investment Management,1
927,1,False,3.29,STEM,White,610.0,8.0,Other,0
928,0,False,3.42,STEM,Hispanic,780.0,6.0,Consulting,1
929,1,False,3.74,Humanities,Hispanic,700.0,5.0,PE/VC,0
930,1,False,3.08,Business,Asian,650.0,5.0,Consulting,0
931,0,False,3.21,Humanities,Asian,640.0,5.0,Consulting,0
932,0,False,3.31,Business,White,660.0,4.0,PE/VC,1
933,1,False,3.17,Humanities,Asian,590.0,5.0,Other,0
934,1,True,3.22,STEM,Unknown,600.0,4.0,PE/VC,0
935,0,True,3.33,STEM,Unknown,750.0,5.0,Investment Banking,1
936,0,True,3.21,Humanities,Unknown,630.0,5.0,CPG,0
937,1,True,3.24,Business,Unknown,570.0,4.0,Consulting,0
938,0,False,3.4,Humanities,Black,760.0,6.0,Consulting,0
939,1,False,3.21,Humanities,White,690.0,3.0,Real Estate,1
940,1,False,3.36,STEM,Black,700.0,4.0,Technology,0
941,0,False,3.13,STEM,Asian,610.0,3.0,Consulting,0
942,1,False,3.08,STEM,Asian,570.0,4.0,Nonprofit/Gov,0
943,1,False,3.35,Humanities,Black,590.0,5.0,Technology,0
944,0,True,3.39,STEM,Unknown,690.0,6.0,Technology,1
945,1,False,3.33,Humanities,Hispanic,690.0,5.0,Technology,0
946,1,False,2.99,Humanities,Hispanic,620.0,6.0,Other,0
947,1,False,3.29,Business,Asian,690.0,5.0,Health Care,0
948,1,False,3.37,Humanities,Hispanic,640.0,7.0,CPG,0
949,0,False,2.95,STEM,Asian,570.0,5.0,Investment Banking,0
950,1,False,3.25,Business,Hispanic,610.0,5.0,Consulting,0
951,1,False,3.37,Business,White,580.0,5.0,Financial Services,0
952,1,False,3.03,Humanities,White,590.0,4.0,PE/VC,0
953,1,False,3.28,Humanities,Black,780.0,6.0,Consulting,0
954,0,False,3.28,Humanities,Asian,570.0,4.0,Financial Services,0
955,0,False,3.27,STEM,White,590.0,5.0,Technology,0
956,0,False,3.24,Business,Black,670.0,5.0,Consulting,0
957,0,True,3.19,Business,Unknown,650.0,4.0,PE/VC,0
958,1,False,3.17,STEM,Black,580.0,5.0,PE/VC,0
959,1,True,3.1,Business,Unknown,660.0,5.0,PE/VC,0
960,1,False,3.17,STEM,Asian,620.0,6.0,PE/VC,0
961,0,True,3.45,Humanities,Unknown,670.0,5.0,PE/VC,1
962,1,False,3.51,Humanities,White,750.0,6.0,Real Estate,1
963,0,False,3.17,STEM,Hispanic,670.0,7.0,PE/VC,0
964,0,True,2.96,STEM,Unknown,580.0,5.0,PE/VC,0
965,0,False,3.16,Humanities,Asian,670.0,3.0,Financial Services,0
966,0,False,3.21,Humanities,White,610.0,6.0,PE/VC,0
967,1,False,3.44,STEM,Hispanic,720.0,5.0,Nonprofit/Gov,0
968,1,False,3.33,STEM,Asian,730.0,6.0,PE/VC,1
969,1,False,3.56,Humanities,Asian,700.0,6.0,Technology,1
970,1,False,3.29,STEM,Asian,670.0,5.0,Health Care,0
971,1,False,3.31,Business,White,610.0,7.0,Consulting,0
972,1,True,3.18,Business,Unknown,670.0,6.0,Consulting,0
973,0,True,2.91,Business,Unknown,620.0,3.0,PE/VC,0
974,1,False,3.28,Business,Asian,620.0,4.0,Other,0
975,0,True,3.5,Humanities,Unknown,750.0,5.0,Financial Services,1
976,1,False,3.41,Humanities,Black,650.0,6.0,Investment Management,0
977,0,True,3.31,Humanities,Unknown,720.0,5.0,PE/VC,0
978,1,False,3.33,Humanities,Asian,700.0,6.0,Consulting,0
979,1,False,3.21,STEM,White,610.0,6.0,Consulting,0
980,1,False,3.2,STEM,Asian,690.0,4.0,PE/VC,0
981,1,False,3.32,Business,White,670.0,5.0,Health Care,0
982,1,False,3.24,STEM,Black,620.0,4.0,Health Care,0
983,1,False,3.19,Business,Hispanic,630.0,5.0,Financial Services,0
984,1,False,3.43,Humanities,Black,680.0,5.0,Technology,0
985,1,False,3.36,Humanities,White,650.0,5.0,Nonprofit/Gov,0
986,0,False,3.13,STEM,Asian,620.0,4.0,Other,0
987,1,False,3.21,Business,Hispanic,570.0,5.0,Nonprofit/Gov,0
988,0,False,3.15,STEM,Black,670.0,7.0,Real Estate,0
989,0,True,3.2,STEM,Unknown,630.0,4.0,Nonprofit/Gov,0
990,0,False,3.2,Humanities,Other,660.0,6.0,PE/VC,1
991,1,False,2.97,Humanities,White,620.0,5.0,Nonprofit/Gov,0
992,1,False,3.47,Business,White,680.0,4.0,Consulting,0
993,0,False,3.27,STEM,Black,650.0,3.0,PE/VC,0
994,1,True,2.92,Humanities,Unknown,570.0,4.0,Consulting,0
995,0,False,3.46,Business,White,710.0,5.0,PE/VC,1
996,1,False,3.14,STEM,Black,640.0,5.0,Financial Services,0
997,1,True,3.29,Humanities,Unknown,660.0,5.0,PE/VC,0
998,1,False,3.16,Humanities,White,620.0,5.0,Technology,0
999,1,False,3.55,STEM,Hispanic,780.0,5.0,Investment Banking,0
1001,1,False,3.24,Humanities,Black,670.0,5.0,PE/VC,0
1002,1,False,3.21,Business,Asian,610.0,5.0,Nonprofit/Gov,0
1003,0,False,3.27,Humanities,Black,660.0,3.0,Nonprofit/Gov,0
1004,1,True,3.42,Business,Unknown,720.0,5.0,PE/VC,0
1005,0,False,3.5,STEM,Asian,730.0,3.0,Real Estate,0
1006,1,False,3.18,STEM,White,710.0,4.0,Consulting,0
1007,1,False,3.1,Humanities,Asian,570.0,5.0,Consulting,0
1008,1,False,3.39,STEM,Asian,620.0,6.0,Consulting,0
1009,1,False,3.41,Humanities,Asian,690.0,6.0,PE/VC,1
1010,1,False,3.09,Business,White,630.0,5.0,Consulting,0
1011,1,False,3.02,Business,White,660.0,5.0,Consulting,0
1012,1,True,3.17,Humanities,Unknown,670.0,6.0,Investment Banking,0
1013,1,False,3.39,Business,Hispanic,690.0,4.0,Health Care,0
1014,1,False,3.44,STEM,White,690.0,5.0,PE/VC,0
1015,0,True,3.38,Business,Unknown,650.0,4.0,Financial Services,0
1016,1,False,3.07,STEM,Other,600.0,4.0,PE/VC,0
1017,0,False,3.45,Humanities,Asian,710.0,7.0,CPG,1
1018,1,True,3.26,Humanities,Unknown,690.0,5.0,Consulting,1
1019,1,True,3.24,Humanities,Unknown,720.0,4.0,Nonprofit/Gov,0
1020,0,False,3.12,STEM,White,570.0,5.0,PE/VC,0
1021,0,True,3.25,Humanities,Unknown,670.0,3.0,Consulting,1
1023,1,False,3.25,STEM,Asian,640.0,6.0,Nonprofit/Gov,0
1024,1,False,3.39,Humanities,White,630.0,6.0,Technology,0
1025,0,False,3.07,Business,White,620.0,4.0,Consulting,0
1026,1,False,3.16,Humanities,White,620.0,5.0,Consulting,0
1027,0,False,3.42,Business,Hispanic,700.0,5.0,Nonprofit/Gov,0
1028,1,False,3.11,Humanities,Hispanic,610.0,5.0,Real Estate,0
1029,1,False,3.51,Humanities,White,710.0,6.0,Investment Banking,1
1030,1,False,3.24,STEM,Asian,630.0,5.0,Technology,0
1031,0,False,3.2,Business,White,630.0,3.0,Consulting,0
1032,0,False,3.25,STEM,Black,580.0,4.0,Consulting,0
1033,1,False,3.32,STEM,Black,700.0,5.0,Technology,1
1034,1,True,3.12,Business,Unknown,610.0,5.0,Investment Management,0
1035,1,False,3.44,Humanities,Other,710.0,7.0,Other,1
1036,1,True,3.17,Humanities,Unknown,650.0,4.0,Real Estate,0
1037,1,True,2.97,STEM,Unknown,570.0,4.0,Nonprofit/Gov,0
1038,0,False,3.06,Business,Black,660.0,6.0,Health Care,0
1039,1,False,3.21,Humanities,Asian,710.0,5.0,Technology,0
1040,1,False,3.46,STEM,White,630.0,7.0,Investment Banking,0
1041,1,False,3.17,Humanities,White,670.0,5.0,Real Estate,0
1042,1,False,3.3,STEM,Asian,690.0,5.0,Investment Banking,1
1043,0,False,3.12,Business,Hispanic,620.0,4.0,Technology,0
1044,1,True,3.28,Business,Unknown,640.0,5.0,PE/VC,0
1045,0,True,3.21,Humanities,Unknown,690.0,5.0,PE/VC,1
1046,1,False,3.08,Humanities,White,630.0,6.0,Nonprofit/Gov,0
1047,0,True,3.03,STEM,Unknown,600.0,4.0,Financial Services,0
1048,1,True,3.4,STEM,Unknown,580.0,5.0,Consulting,0
1049,1,False,3.39,Business,Black,580.0,4.0,Technology,0
1050,0,False,3.2,Business,White,580.0,6.0,Investment Banking,0
1051,1,True,3.24,Business,Unknown,640.0,5.0,Other,0
1052,0,True,3.06,STEM,Unknown,650.0,4.0,Consulting,0
1053,1,False,3.15,Humanities,Hispanic,570.0,5.0,Health Care,0
1054,0,False,3.21,Business,Black,610.0,5.0,PE/VC,0
1055,1,False,3.4,Humanities,White,730.0,5.0,Technology,1
1056,1,False,3.36,STEM,Hispanic,570.0,5.0,Investment Management,0
1057,1,True,3.43,Business,Unknown,670.0,5.0,Nonprofit/Gov,0
1058,1,False,3.2,Business,Asian,660.0,3.0,Other,0
1059,0,False,3.52,STEM,Black,720.0,4.0,Health Care,0
1060,0,False,3.12,STEM,Black,570.0,5.0,PE/VC,0
1061,1,False,3.21,Humanities,Asian,570.0,5.0,Consulting,0
1062,1,False,3.33,Humanities,White,690.0,4.0,Other,0
1063,0,True,3.26,Humanities,Unknown,750.0,7.0,Investment Management,1
1064,0,False,3.4,Business,White,590.0,4.0,Consulting,0
1065,1,True,3.06,Humanities,Unknown,630.0,6.0,Investment Banking,0
1066,1,False,3.18,Business,White,650.0,4.0,Other,0
1067,0,False,2.78,STEM,Other,600.0,7.0,PE/VC,0
1068,1,False,3.11,Humanities,Asian,590.0,4.0,Consulting,0
1069,1,False,3.32,STEM,Other,620.0,5.0,PE/VC,0
1070,0,False,3.28,STEM,White,640.0,5.0,Health Care,0
1071,0,False,3.04,Humanities,Hispanic,630.0,6.0,Investment Banking,0
1072,0,False,3.31,Humanities,White,650.0,4.0,Technology,0
1073,1,True,3.19,STEM,Unknown,630.0,5.0,PE/VC,0
1074,1,False,3.3,STEM,White,660.0,6.0,Financial Services,1
1075,1,False,3.15,Business,Black,600.0,6.0,PE/VC,0
1076,1,True,3.6,Business,Unknown,780.0,5.0,Health Care,1
1077,1,False,3.16,Humanities,Asian,620.0,5.0,Consulting,0
1078,0,True,3.45,Humanities,Unknown,690.0,3.0,PE/VC,1
1079,0,True,3.57,STEM,Unknown,680.0,6.0,Other,1
1080,0,False,3.06,Business,Hispanic,730.0,5.0,Nonprofit/Gov,0
1081,1,False,3.02,Humanities,White,590.0,5.0,Consulting,0
1082,1,True,2.99,Business,Unknown,640.0,8.0,Investment Banking,0
1083,0,True,3.18,Business,Unknown,570.0,3.0,Technology,0
1084,1,False,3.36,STEM,Asian,700.0,5.0,PE/VC,0
1085,1,False,3.21,Humanities,White,610.0,5.0,Other,0
1086,1,True,3.34,Business,Unknown,680.0,5.0,Consulting,0
1087,1,False,3.35,STEM,Asian,720.0,5.0,PE/VC,1
1088,1,False,3.34,Humanities,Asian,720.0,6.0,Health Care,0
1089,1,False,3.15,Humanities,White,600.0,6.0,PE/VC,0
1090,0,True,3.21,Humanities,Unknown,680.0,5.0,Nonprofit/Gov,0
1091,0,True,3.38,Business,Unknown,700.0,6.0,Financial Services,0
1092,1,False,3.29,Business,White,670.0,5.0,PE/VC,0
1093,1,False,2.93,Humanities,Asian,570.0,6.0,Consulting,0
1094,1,False,3.03,STEM,White,660.0,5.0,Technology,0
1095,0,False,3.14,Business,White,570.0,6.0,Consulting,0
1096,1,False,3.31,STEM,Other,680.0,3.0,PE/VC,1
1097,1,True,3.21,Business,Unknown,620.0,5.0,Financial Services,0
1098,0,True,3.23,Business,Unknown,690.0,5.0,Investment Banking,0
1099,1,False,3.22,Business,Hispanic,620.0,4.0,Nonprofit/Gov,0
1100,1,False,3.07,STEM,Hispanic,580.0,8.0,Consulting,0
1101,0,False,3.29,Humanities,Asian,730.0,5.0,Nonprofit/Gov,0
1102,1,False,3.25,Humanities,White,730.0,5.0,Consulting,0
1103,0,True,3.06,Business,Unknown,660.0,6.0,Health Care,0
1104,1,True,3.35,Humanities,Unknown,720.0,5.0,Real Estate,0
1105,0,False,3.25,Humanities,White,620.0,5.0,Consulting,0
1106,0,False,3.13,Business,Asian,600.0,6.0,PE/VC,0
1107,1,False,3.25,STEM,Hispanic,610.0,5.0,Health Care,0
1108,1,True,3.04,STEM,Unknown,650.0,4.0,Consulting,0
1109,1,False,3.17,STEM,Asian,570.0,5.0,Investment Banking,0
1110,1,False,3.33,STEM,Other,700.0,5.0,PE/VC,0
1111,1,False,3.27,Business,Black,660.0,6.0,Technology,0
1112,1,False,3.34,Humanities,Other,610.0,5.0,PE/VC,0
1113,1,False,3.05,Humanities,Asian,620.0,4.0,PE/VC,0
1114,1,True,3.42,Business,Unknown,680.0,7.0,Real Estate,0
1115,1,False,3.22,STEM,Hispanic,630.0,6.0,Consulting,0
1116,1,True,3.14,Humanities,Unknown,730.0,5.0,Consulting,0
1117,0,False,3.31,Humanities,Black,660.0,4.0,Other,0
1118,0,False,3.57,Business,White,680.0,4.0,PE/VC,1
1119,1,True,3.45,Humanities,Unknown,660.0,4.0,Other,0
1120,1,True,3.07,STEM,Unknown,660.0,5.0,Investment Banking,0
1121,0,False,3.2,Business,White,610.0,5.0,Nonprofit/Gov,0
1122,0,True,3.35,Business,Unknown,700.0,6.0,Technology,1
1123,0,True,3.66,Humanities,Unknown,730.0,6.0,Health Care,0
1124,0,True,3.32,Humanities,Unknown,710.0,5.0,Nonprofit/Gov,0
1125,1,False,3.29,STEM,White,710.0,5.0,Financial Services,1
1126,1,False,3.07,Humanities,Black,640.0,6.0,PE/VC,0
1127,1,False,3.26,Humanities,Asian,670.0,5.0,Other,1
1128,1,True,3.41,Humanities,Unknown,640.0,5.0,PE/VC,0
1129,1,True,3.33,Business,Unknown,680.0,7.0,Investment Banking,0
1130,1,False,3.4,Business,Black,710.0,5.0,Health Care,0
1131,0,False,3.36,Business,White,610.0,5.0,PE/VC,0
1132,0,True,3.58,Humanities,Unknown,720.0,5.0,Media/Entertainment,1
1133,1,False,3.29,Humanities,Hispanic,660.0,4.0,Technology,0
1134,1,False,3.19,Humanities,White,640.0,4.0,Investment Banking,0
1135,1,True,3.43,Humanities,Unknown,720.0,3.0,Nonprofit/Gov,0
1136,0,False,3.25,STEM,Black,600.0,5.0,PE/VC,0
1137,0,False,3.16,Business,Black,610.0,4.0,Financial Services,0
1138,0,False,3.24,Business,Asian,580.0,6.0,PE/VC,0
1139,1,False,3.36,Humanities,Hispanic,690.0,5.0,Consulting,0
1140,1,False,3.13,Business,Hispanic,700.0,7.0,Consulting,0
1141,0,False,3.14,STEM,Asian,660.0,7.0,PE/VC,0
1142,0,True,3.29,Humanities,Unknown,690.0,5.0,PE/VC,1
1143,0,False,3.54,Humanities,Asian,710.0,4.0,Other,0
1144,1,False,3.24,Business,Hispanic,670.0,4.0,CPG,0
1145,1,False,2.97,Business,Hispanic,610.0,5.0,Consulting,0
1146,0,False,3.34,Business,Hispanic,630.0,4.0,Investment Banking,0
1147,0,False,3.39,STEM,Asian,700.0,4.0,Investment Banking,1
1148,1,False,3.21,Humanities,White,650.0,6.0,Investment Banking,0
1149,1,True,3.4,STEM,Unknown,750.0,4.0,Nonprofit/Gov,1
1150,0,False,3.08,STEM,Asian,660.0,5.0,Financial Services,0
1151,1,True,3.17,Business,Unknown,590.0,6.0,Consulting,0
1153,1,False,3.38,Humanities,White,680.0,5.0,Investment Banking,0
1154,0,True,3.23,Humanities,Unknown,610.0,6.0,PE/VC,0
1155,1,False,3.44,Humanities,Black,680.0,6.0,Nonprofit/Gov,0
1156,0,False,3.19,STEM,White,680.0,4.0,Nonprofit/Gov,0
1157,1,True,3.32,Humanities,Unknown,710.0,6.0,Nonprofit/Gov,1
1158,1,False,3.32,Business,Asian,770.0,5.0,Health Care,1
1159,1,False,2.81,Business,White,570.0,5.0,Consulting,0
1160,0,True,2.97,Business,Unknown,600.0,2.0,Consulting,0
1161,0,False,3.53,Humanities,Asian,780.0,5.0,Consulting,0
1162,1,True,3.33,STEM,Unknown,680.0,4.0,Nonprofit/Gov,0
1163,1,True,3.06,STEM,Unknown,610.0,3.0,Technology,0
1165,1,False,3.32,Humanities,White,720.0,5.0,PE/VC,0
1166,1,False,3.61,Humanities,Black,760.0,3.0,Financial Services,0
1167,1,True,3.23,Humanities,Unknown,630.0,4.0,Technology,0
1168,1,False,3.47,STEM,Black,700.0,5.0,Nonprofit/Gov,1
1169,1,False,3.13,Humanities,Black,620.0,5.0,Consulting,0
1170,0,False,3.47,STEM,White,740.0,3.0,Technology,1
1171,1,False,3.28,Humanities,Black,680.0,5.0,Investment Banking,0
1172,0,False,3.15,Humanities,Asian,610.0,5.0,CPG,0
1173,1,False,3.28,Humanities,White,590.0,5.0,Health Care,0
1174,1,True,3.35,STEM,Unknown,630.0,4.0,Real Estate,0
1175,0,True,3.31,STEM,Unknown,680.0,6.0,Consulting,1
1176,1,False,3.06,Humanities,White,660.0,5.0,Consulting,0
1177,1,False,3.2,Humanities,Asian,680.0,5.0,Technology,0
1178,0,False,3.24,STEM,Asian,610.0,6.0,Retail,0
1179,1,False,3.28,Business,White,690.0,6.0,Technology,0
1180,0,True,3.2,Business,Unknown,640.0,5.0,Consulting,0
1181,0,False,3.25,STEM,White,670.0,5.0,Investment Banking,0
1182,0,False,3.26,STEM,White,720.0,4.0,Financial Services,1
1183,1,True,2.91,STEM,Unknown,580.0,3.0,PE/VC,0
1184,0,False,2.95,STEM,Black,570.0,4.0,Media/Entertainment,0
1185,0,False,3.3,Humanities,Hispanic,650.0,5.0,Media/Entertainment,0
1186,1,False,3.2,Humanities,Asian,640.0,4.0,Technology,0
1187,0,False,3.74,Humanities,White,760.0,4.0,Nonprofit/Gov,1
1188,1,True,3.49,Business,Unknown,690.0,6.0,PE/VC,0
1190,1,True,3.25,Humanities,Unknown,710.0,3.0,Health Care,0
1191,1,True,3.12,Humanities,Unknown,620.0,7.0,Consulting,0
1192,0,True,3.55,Humanities,Unknown,670.0,3.0,Nonprofit/Gov,0
1193,1,False,3.34,STEM,White,620.0,6.0,Investment Banking,0
1194,1,False,3.02,Humanities,Black,590.0,4.0,Nonprofit/Gov,0
1195,1,True,3.4,Business,Unknown,650.0,4.0,Nonprofit/Gov,0
1196,1,False,3.59,Humanities,Black,710.0,6.0,Investment Banking,0
1197,1,False,3.5,STEM,Black,730.0,5.0,Other,1
1198,1,True,3.24,STEM,Unknown,620.0,5.0,Financial Services,0
1199,1,False,3.35,Humanities,Black,670.0,5.0,Energy,1
1200,0,False,3.18,STEM,Asian,650.0,6.0,Nonprofit/Gov,0
1201,1,False,3.56,Humanities,Black,650.0,5.0,Consulting,0
1202,1,False,3.24,STEM,Hispanic,570.0,7.0,Consulting,0
1203,1,False,3.13,STEM,White,620.0,5.0,Consulting,0
1204,0,False,3.26,Humanities,Black,760.0,6.0,Consulting,0
1205,1,True,3.11,Humanities,Unknown,600.0,3.0,PE/VC,0
1206,0,True,3.09,Business,Unknown,620.0,5.0,Other,0
1207,0,False,3.18,Humanities,White,630.0,6.0,Technology,0
1208,1,False,3.13,STEM,Black,660.0,5.0,PE/VC,0
1209,1,True,3.27,Humanities,Unknown,760.0,6.0,Consulting,0
1210,1,True,3.41,Business,Unknown,620.0,3.0,Technology,0
1211,1,False,2.89,Humanities,White,570.0,9.0,Consulting,0
1212,1,True,3.24,Humanities,Unknown,710.0,6.0,Health Care,0
1213,1,False,3.18,STEM,Black,650.0,4.0,Investment Management,0
1214,0,False,3.18,Humanities,Black,600.0,5.0,Nonprofit/Gov,0
1215,0,False,3.11,STEM,Asian,680.0,5.0,Technology,0
1216,0,False,3.12,Humanities,White,570.0,6.0,Investment Banking,0
1217,1,False,3.17,Humanities,White,630.0,5.0,Technology,0
1218,1,True,3.34,Humanities,Unknown,660.0,5.0,Health Care,1
1219,0,False,3.25,Humanities,White,600.0,4.0,Technology,0
1220,0,False,3.25,Business,White,630.0,3.0,Financial Services,0
1221,1,False,3.24,STEM,White,640.0,5.0,Nonprofit/Gov,0
1222,1,False,3.2,Humanities,White,660.0,7.0,Financial Services,0
1223,0,False,3.36,Humanities,Other,640.0,5.0,PE/VC,0
1224,1,True,3.23,STEM,Unknown,620.0,5.0,Technology,0
1225,1,True,3.02,Humanities,Unknown,570.0,6.0,PE/VC,0
1226,0,False,3.35,STEM,White,680.0,4.0,Investment Banking,0
1227,0,False,3.28,Humanities,Hispanic,620.0,4.0,Consulting,0
1228,1,False,2.97,Business,Asian,580.0,6.0,PE/VC,0
1229,0,False,3.22,Business,White,590.0,5.0,Consulting,0
1230,1,False,3.37,STEM,Asian,740.0,7.0,Investment Banking,0
1231,1,False,3.18,Humanities,Black,610.0,5.0,Nonprofit/Gov,0
1232,1,False,3.04,Humanities,White,600.0,6.0,Financial Services,0
1233,1,False,3.07,Business,Black,640.0,4.0,Health Care,0
1234,1,True,3.06,Business,Unknown,630.0,5.0,Technology,0
1235,0,False,3.23,STEM,Black,630.0,4.0,Consulting,0
1236,1,True,3.45,Humanities,Unknown,720.0,7.0,PE/VC,0
1237,1,True,2.96,Business,Unknown,590.0,6.0,Investment Banking,0
1238,1,True,3.14,STEM,Unknown,660.0,4.0,Other,0
1239,1,False,3.29,Humanities,Other,770.0,5.0,Financial Services,1
1240,1,False,3.34,STEM,Black,600.0,5.0,Consulting,0
1241,0,False,3.23,Humanities,Hispanic,710.0,5.0,Nonprofit/Gov,0
1242,1,False,3.15,STEM,White,620.0,5.0,Consulting,0
1243,1,True,3.22,STEM,Unknown,620.0,5.0,PE/VC,0
1244,0,False,3.19,Business,Hispanic,590.0,4.0,Nonprofit/Gov,0
1245,1,False,3.41,STEM,White,640.0,4.0,CPG,0
1246,1,False,3.19,STEM,Black,590.0,5.0,Investment Banking,0
1247,1,True,3.29,Business,Unknown,700.0,4.0,Technology,0
1248,1,False,3.29,STEM,White,600.0,6.0,Other,0
1249,1,True,3.21,STEM,Unknown,720.0,5.0,Health Care,0
1250,0,True,3.32,STEM,Unknown,620.0,4.0,Consulting,0
1251,1,False,3.37,STEM,Other,580.0,4.0,Consulting,0
1252,1,True,3.31,Humanities,Unknown,630.0,5.0,Consulting,0
1253,0,False,3.2,Humanities,White,570.0,3.0,Consulting,0
1254,1,False,3.14,STEM,White,590.0,5.0,Nonprofit/Gov,0
1255,1,True,3.22,Business,Unknown,620.0,5.0,Consulting,0
1256,0,False,3.29,STEM,White,620.0,6.0,PE/VC,0
1257,0,True,3.3,Humanities,Unknown,600.0,4.0,Health Care,0
1258,0,False,3.11,STEM,Asian,720.0,6.0,Consulting,0
1259,1,False,3.12,Humanities,Black,610.0,5.0,Investment Banking,0
1260,1,True,2.99,Humanities,Unknown,580.0,7.0,Consulting,0
1261,1,False,3.24,Humanities,Black,720.0,7.0,Consulting,0
1262,0,False,3.09,Humanities,Asian,660.0,5.0,Financial Services,0
1263,0,False,3.05,Humanities,Asian,590.0,5.0,Financial Services,0
1264,0,False,3.21,Business,White,630.0,5.0,Financial Services,0
1265,1,True,3.37,Humanities,Unknown,670.0,7.0,Media/Entertainment,0
1266,1,False,3.27,Humanities,Asian,670.0,5.0,PE/VC,0
1267,0,False,3.19,Business,Black,620.0,6.0,Media/Entertainment,0
1268,1,False,3.25,STEM,White,680.0,5.0,Investment Management,1
1269,0,False,3.32,Humanities,Asian,610.0,6.0,PE/VC,0
1270,1,False,3.34,STEM,White,670.0,4.0,PE/VC,0
1271,0,False,3.14,Business,White,610.0,5.0,CPG,0
1272,0,True,3.27,Humanities,Unknown,690.0,6.0,Consulting,1
1273,0,False,3.35,Business,White,580.0,4.0,CPG,0
1274,0,True,3.08,Business,Unknown,680.0,4.0,Technology,0
1275,1,False,3.06,Humanities,White,630.0,4.0,Consulting,0
1276,0,True,3.12,Humanities,Unknown,600.0,6.0,Consulting,0
1277,1,True,3.28,Business,Unknown,640.0,5.0,PE/VC,0
1278,1,False,2.82,STEM,Asian,570.0,6.0,Other,0
1279,0,False,3.19,STEM,White,680.0,5.0,Nonprofit/Gov,0
1280,0,False,3.16,STEM,Black,570.0,5.0,Consulting,0
1281,1,False,3.11,STEM,Hispanic,660.0,4.0,Investment Banking,0
1282,0,False,3.29,Humanities,Asian,690.0,3.0,Consulting,0
1283,1,True,3.15,Humanities,Unknown,600.0,5.0,Investment Banking,0
1284,0,True,3.28,STEM,Unknown,610.0,5.0,Health Care,0
1285,1,False,3.2,Humanities,Black,670.0,5.0,Other,0
1286,1,False,3.08,STEM,Asian,640.0,5.0,Consulting,0
1287,1,True,3.24,Humanities,Unknown,670.0,4.0,Consulting,0
1288,0,False,3.34,STEM,White,620.0,6.0,Financial Services,0
1289,1,False,3.2,STEM,Other,660.0,6.0,Consulting,0
1290,1,False,3.19,STEM,Hispanic,690.0,5.0,Consulting,0
1291,1,False,3.27,STEM,Black,600.0,5.0,Technology,0
1292,0,False,3.65,Business,White,660.0,5.0,Investment Banking,1
1293,1,False,3.41,Humanities,Asian,770.0,5.0,Consulting,0
1294,1,True,2.93,Humanities,Unknown,610.0,7.0,Consulting,0
1295,1,True,3.33,STEM,Unknown,730.0,5.0,Investment Management,1
1296,1,False,3.21,Business,Hispanic,670.0,4.0,PE/VC,0
1297,0,False,3.23,STEM,White,710.0,4.0,Consulting,1
1298,0,False,3.15,Business,White,660.0,7.0,Other,0
1299,1,False,3.16,STEM,Black,660.0,6.0,Health Care,0
1300,1,False,3.55,Humanities,Asian,670.0,3.0,Investment Management,1
1301,0,False,3.32,STEM,Black,670.0,4.0,Nonprofit/Gov,0
1302,0,False,3.51,Humanities,Hispanic,740.0,5.0,Financial Services,1
1303,1,False,3.1,STEM,Asian,680.0,5.0,Technology,0
1304,1,False,2.97,Business,Other,570.0,4.0,Consulting,0
1305,1,False,3.2,STEM,Other,680.0,6.0,Financial Services,0
1306,1,False,3.11,Humanities,Hispanic,630.0,4.0,Nonprofit/Gov,0
1307,0,False,3.28,Business,Black,650.0,5.0,Technology,0
1308,0,True,3.21,Humanities,Unknown,640.0,5.0,CPG,0
1309,1,True,3.51,STEM,Unknown,710.0,5.0,Other,0
1310,1,False,2.78,Humanities,Black,570.0,5.0,Technology,0
1311,1,True,3.17,Business,Unknown,610.0,5.0,Consulting,0
1312,0,True,3.24,Business,Unknown,670.0,4.0,Other,0
1313,0,True,3.31,Humanities,Unknown,690.0,6.0,PE/VC,0
1314,0,False,3.27,Business,Black,630.0,5.0,Consulting,0
1315,0,False,3.33,STEM,Hispanic,680.0,5.0,PE/VC,1
1316,1,False,3.22,STEM,Other,730.0,4.0,Consulting,0
1317,1,False,3.17,Humanities,Hispanic,630.0,4.0,Nonprofit/Gov,0
1318,0,False,3.28,STEM,Hispanic,680.0,5.0,Other,0
1319,1,False,3.47,STEM,White,700.0,6.0,Investment Banking,0
1320,1,False,3.36,Humanities,Black,590.0,4.0,PE/VC,0
1321,0,False,3.14,Business,White,700.0,4.0,Nonprofit/Gov,0
1322,0,False,3.36,STEM,Black,640.0,5.0,Consulting,0
1323,0,False,3.23,STEM,White,650.0,5.0,Investment Banking,0
1324,0,False,3.26,STEM,Black,710.0,5.0,Technology,0
1325,1,False,3.17,Humanities,White,570.0,5.0,Media/Entertainment,0
1326,0,True,3.46,Business,Unknown,580.0,5.0,Technology,0
1327,0,False,3.51,STEM,Hispanic,630.0,6.0,Consulting,0
1328,1,True,2.89,Humanities,Unknown,570.0,6.0,PE/VC,0
1329,1,False,3.29,STEM,Black,660.0,4.0,Consulting,0
1330,1,False,3.31,STEM,Asian,710.0,4.0,Technology,0
1331,0,True,3.26,Business,Unknown,620.0,5.0,Consulting,0
1332,1,False,3.22,STEM,White,660.0,7.0,Nonprofit/Gov,0
1333,0,False,3.35,Humanities,White,650.0,5.0,Investment Banking,0
1334,0,True,3.3,Humanities,Unknown,620.0,4.0,PE/VC,0
1335,0,False,3.03,Humanities,Asian,580.0,5.0,Nonprofit/Gov,0
1336,0,False,3.13,STEM,Hispanic,580.0,6.0,Consulting,0
1337,1,False,3.18,Business,Asian,650.0,5.0,Financial Services,0
1338,1,False,3.37,Business,Asian,720.0,4.0,Technology,0
1339,0,False,3.13,Business,Asian,640.0,4.0,Consulting,0
1340,0,False,3.38,Humanities,Asian,670.0,6.0,Investment Banking,1
1341,1,False,3.09,STEM,Asian,630.0,6.0,Technology,0
1342,0,True,3.19,STEM,Unknown,630.0,6.0,Technology,0
1343,1,False,3.11,Business,Hispanic,650.0,5.0,Investment Banking,0
1344,1,False,3.37,Humanities,Asian,670.0,4.0,PE/VC,0
1345,0,False,3.44,Humanities,Asian,730.0,5.0,Consulting,0
1346,1,True,3.47,STEM,Unknown,720.0,7.0,Investment Banking,1
1347,1,True,3.31,Humanities,Unknown,690.0,4.0,PE/VC,1
1348,0,True,3.2,Humanities,Unknown,720.0,6.0,Nonprofit/Gov,0
1349,0,True,3.3,Humanities,Unknown,620.0,1.0,PE/VC,0
1350,1,True,3.36,STEM,Unknown,650.0,5.0,Technology,0
1351,1,False,3.01,Humanities,White,600.0,5.0,Investment Banking,0
1352,1,False,3.25,Business,White,570.0,5.0,Real Estate,0
1353,0,False,3.26,Humanities,Other,670.0,4.0,Nonprofit/Gov,0
1354,1,False,3.27,Business,Asian,620.0,6.0,Consulting,0
1355,1,True,3.27,Humanities,Unknown,610.0,6.0,Financial Services,0
1356,1,True,3.4,STEM,Unknown,690.0,5.0,Investment Banking,1
1357,1,True,3.16,STEM,Unknown,660.0,6.0,Nonprofit/Gov,0
1358,1,True,3.45,Humanities,Unknown,720.0,5.0,PE/VC,1
1359,0,False,3.4,Humanities,White,690.0,7.0,Investment Banking,0
1360,0,False,3.43,Humanities,Black,670.0,5.0,Consulting,1
1361,1,False,2.93,Humanities,White,570.0,5.0,Nonprofit/Gov,0
1362,1,False,3.4,Humanities,Other,710.0,4.0,Health Care,0
1363,1,False,3.16,STEM,White,590.0,5.0,Consulting,0
1364,1,False,2.87,Humanities,Asian,600.0,7.0,Nonprofit/Gov,0
1365,1,True,3.18,STEM,Unknown,640.0,6.0,Consulting,0
1366,1,True,3.29,STEM,Unknown,610.0,4.0,Investment Banking,0
1367,1,False,3.1,Business,White,690.0,4.0,Investment Banking,0
1368,0,False,3.36,Business,Asian,710.0,5.0,Consulting,0
1369,0,False,3.05,STEM,White,620.0,6.0,Consulting,0
1370,1,False,3.22,Humanities,Hispanic,620.0,6.0,CPG,0
1371,0,True,3.28,Humanities,Unknown,600.0,4.0,PE/VC,0
1372,1,True,2.96,Humanities,Unknown,590.0,3.0,PE/VC,0
1373,0,False,3.13,Business,Black,610.0,5.0,Other,0
1374,1,True,3.23,Business,Unknown,600.0,5.0,Investment Banking,0
1375,0,False,3.58,Humanities,Asian,740.0,6.0,Consulting,0
1376,1,True,3.12,Business,Unknown,630.0,5.0,Investment Banking,0
1377,1,False,3.58,STEM,Black,660.0,5.0,Technology,1
1378,1,True,3.21,STEM,Unknown,670.0,6.0,Investment Banking,0
1379,1,False,3.28,Business,Asian,620.0,5.0,Nonprofit/Gov,0
1380,0,False,3.34,Humanities,Hispanic,670.0,4.0,Consulting,0
1381,1,False,3.53,Business,White,690.0,5.0,Nonprofit/Gov,1
1382,0,False,3.32,Humanities,Other,670.0,5.0,Consulting,1
1383,0,False,3.13,Business,Other,660.0,3.0,Investment Banking,0
1384,1,False,3.4,Business,Asian,680.0,4.0,Nonprofit/Gov,0
1385,1,False,3.31,STEM,Black,720.0,6.0,Health Care,0
1386,0,False,3.5,Humanities,Black,650.0,5.0,Investment Management,0
1387,0,True,3.33,Business,Unknown,620.0,5.0,Consulting,0
1388,0,False,3.41,STEM,Asian,750.0,5.0,Financial Services,1
1389,1,False,3.1,Business,Asian,720.0,5.0,Technology,0
1390,1,False,3.06,Humanities,Hispanic,610.0,4.0,Nonprofit/Gov,0
1391,1,True,3.08,Humanities,Unknown,580.0,6.0,Consulting,0
1392,0,True,3.39,Business,Unknown,680.0,6.0,Consulting,0
1393,1,True,3.16,Business,Unknown,660.0,6.0,Nonprofit/Gov,0
1394,0,False,3.36,Humanities,White,670.0,5.0,Investment Banking,0
1395,1,True,3.07,Business,Unknown,600.0,5.0,Financial Services,0
1396,1,True,3.49,STEM,Unknown,670.0,5.0,Consulting,1
1397,1,True,3.25,Business,Unknown,630.0,6.0,Technology,0
1398,1,True,3.31,STEM,Unknown,670.0,6.0,Investment Management,0
1399,1,True,3.13,STEM,Unknown,610.0,4.0,Investment Banking,0
1400,0,True,3.37,Business,Unknown,740.0,4.0,Consulting,0
1401,1,False,3.31,STEM,Black,680.0,6.0,PE/VC,0
1402,0,False,3.02,Humanities,Black,610.0,4.0,Consulting,0
1403,1,False,3.32,Business,White,650.0,6.0,Consulting,0
1404,1,False,3.33,Humanities,Asian,620.0,5.0,PE/VC,0
1405,1,False,3.3,STEM,Asian,630.0,5.0,Health Care,0
1406,1,False,3.34,Business,Hispanic,620.0,6.0,Nonprofit/Gov,0
1407,1,False,3.37,Business,Black,610.0,4.0,Nonprofit/Gov,0
1408,1,True,3.23,Business,Unknown,620.0,6.0,Consulting,0
1409,1,False,3.31,STEM,Other,630.0,6.0,Other,0
1410,0,False,3.21,Business,Hispanic,570.0,6.0,Consulting,0
1411,1,False,3.25,Humanities,White,630.0,4.0,Investment Banking,0
1412,0,False,3.2,Business,Other,710.0,5.0,PE/VC,0
1413,1,False,3.23,Business,Hispanic,660.0,5.0,Media/Entertainment,0
1414,1,True,3.58,Humanities,Unknown,690.0,4.0,Consulting,0
1415,1,False,3.2,STEM,White,730.0,4.0,Consulting,0
1416,1,False,3.4,Humanities,Other,640.0,4.0,Investment Banking,0
1417,1,False,3.27,Business,Black,660.0,3.0,Real Estate,0
1418,1,False,3.05,Business,Black,640.0,5.0,Consulting,0
1419,1,False,3.25,Humanities,Other,660.0,4.0,Consulting,0
1420,1,False,3.23,STEM,Asian,610.0,6.0,Consulting,0
1421,1,False,3.51,Business,White,740.0,5.0,Investment Banking,1
1422,0,False,3.19,Humanities,Hispanic,630.0,4.0,Nonprofit/Gov,0
1423,1,True,3.48,STEM,Unknown,620.0,4.0,PE/VC,0
1424,1,False,3.1,Business,White,670.0,7.0,Consulting,0
1425,0,False,3.37,Business,Asian,710.0,7.0,PE/VC,0
1426,0,False,3.06,STEM,Other,590.0,5.0,Technology,0
1427,1,False,3.25,Humanities,White,650.0,4.0,Consulting,0
1428,0,False,3.21,Business,White,700.0,6.0,Technology,0
1429,0,True,3.05,Business,Unknown,660.0,6.0,Consulting,0
1430,1,False,3.06,Humanities,Black,610.0,7.0,Financial Services,0
1431,1,False,3.17,STEM,Asian,640.0,4.0,Investment Banking,0
1432,1,True,3.29,Humanities,Unknown,760.0,4.0,CPG,0
1433,1,False,3.26,Humanities,Black,660.0,6.0,Retail,0
1434,1,True,3.37,Business,Unknown,650.0,5.0,Investment Banking,0
1435,0,False,3.44,Humanities,Hispanic,710.0,6.0,Consulting,0
1436,1,True,3.62,STEM,Unknown,740.0,6.0,PE/VC,0
1437,0,True,3.2,Humanities,Unknown,580.0,5.0,Consulting,0
1438,0,False,3.0,Humanities,Black,670.0,3.0,Financial Services,0
1439,1,True,2.89,STEM,Unknown,570.0,5.0,PE/VC,0
1440,0,False,3.2,Humanities,Black,580.0,4.0,Investment Management,0
1441,1,False,3.35,Humanities,Asian,680.0,4.0,PE/VC,0
1442,0,True,3.29,Business,Unknown,580.0,6.0,Nonprofit/Gov,0
1443,1,False,3.24,STEM,White,690.0,4.0,Consulting,0
1444,1,False,3.12,STEM,White,570.0,5.0,Health Care,0
1445,0,False,3.34,STEM,Asian,650.0,7.0,Health Care,0
1446,0,False,3.18,Humanities,White,730.0,5.0,PE/VC,0
1447,0,False,3.42,Humanities,Asian,720.0,6.0,Health Care,1
1448,1,False,3.03,STEM,Asian,610.0,5.0,Technology,0
1449,0,False,3.29,Humanities,White,690.0,5.0,Technology,0
1450,0,False,3.49,STEM,Black,680.0,4.0,Consulting,0
1451,1,False,3.11,STEM,White,570.0,4.0,PE/VC,0
1452,0,False,3.55,STEM,White,620.0,5.0,Nonprofit/Gov,0
1453,1,False,3.1,Humanities,White,660.0,6.0,Nonprofit/Gov,0
1454,1,True,3.58,Business,Unknown,730.0,6.0,Other,1
1455,1,False,3.32,STEM,Asian,740.0,7.0,Consulting,0
1456,1,False,3.28,Business,Asian,640.0,4.0,Investment Banking,0
1458,1,True,3.31,STEM,Unknown,680.0,4.0,Consulting,1
1459,0,False,3.19,Business,Asian,720.0,4.0,Consulting,0
1460,1,False,3.39,STEM,Other,670.0,4.0,Technology,0
1461,1,False,3.17,STEM,Black,570.0,6.0,Financial Services,0
1462,1,True,3.32,Humanities,Unknown,720.0,6.0,Consulting,0
1463,0,False,3.45,Humanities,Asian,690.0,5.0,CPG,1
1464,0,True,3.23,Humanities,Unknown,630.0,4.0,Technology,0
1465,0,True,2.96,STEM,Unknown,600.0,5.0,Financial Services,0
1466,0,False,3.11,Business,Asian,630.0,5.0,Technology,0
1467,0,True,3.38,Humanities,Unknown,680.0,5.0,Consulting,0
1468,1,True,3.37,Business,Unknown,640.0,5.0,PE/VC,0
1469,1,False,3.25,Business,Black,620.0,4.0,Consulting,0
1470,1,True,3.15,Business,Unknown,610.0,7.0,Consulting,0
1471,0,False,3.28,STEM,Hispanic,660.0,5.0,PE/VC,0
1472,1,False,3.4,Business,White,750.0,6.0,PE/VC,0
1473,0,False,3.17,Humanities,Hispanic,700.0,5.0,Real Estate,0
1474,1,False,3.19,STEM,White,660.0,6.0,Health Care,0
1475,0,False,3.38,Business,Black,650.0,4.0,CPG,0
1476,0,False,3.2,Business,White,580.0,6.0,Consulting,0
1477,1,False,3.0,STEM,White,630.0,6.0,Nonprofit/Gov,0
1478,0,False,3.54,STEM,Other,590.0,5.0,Financial Services,0
1479,1,False,3.03,STEM,Asian,640.0,5.0,Consulting,0
1480,1,False,3.14,Business,Other,570.0,4.0,Health Care,0
1481,1,False,3.28,Humanities,White,650.0,4.0,Technology,0
1482,1,False,3.37,Humanities,Other,700.0,4.0,Technology,0
1483,0,True,3.25,Humanities,Unknown,600.0,4.0,Energy,0
1484,0,False,3.37,STEM,Asian,660.0,5.0,PE/VC,0
1485,1,False,3.21,STEM,White,660.0,6.0,Investment Banking,0
1486,0,True,3.24,STEM,Unknown,690.0,5.0,Other,0
1487,1,False,3.19,STEM,White,570.0,4.0,Media/Entertainment,0
1488,1,False,3.12,Business,White,610.0,5.0,Investment Management,0
1489,1,True,3.22,Humanities,Unknown,680.0,6.0,Technology,1
1490,0,False,3.05,STEM,Black,620.0,5.0,Nonprofit/Gov,0
1491,1,True,3.26,Business,Unknown,620.0,4.0,PE/VC,0
1492,1,False,3.39,Humanities,Asian,630.0,5.0,PE/VC,0
1493,0,False,2.73,STEM,White,570.0,6.0,Technology,0
1494,1,False,3.25,STEM,White,640.0,4.0,Real Estate,0
1495,0,True,3.22,STEM,Unknown,570.0,5.0,Consulting,0
1496,1,False,3.25,Humanities,Black,630.0,6.0,Other,0
1497,1,False,3.53,Business,White,750.0,5.0,PE/VC,1
1498,1,False,3.3,Humanities,Hispanic,600.0,5.0,PE/VC,0
1499,0,False,3.32,Business,White,690.0,5.0,Other,0
1500,1,False,3.38,Business,White,720.0,5.0,Other,0
1501,1,False,3.12,Business,Asian,590.0,4.0,Health Care,0
1502,1,False,3.4,Humanities,Other,680.0,4.0,PE/VC,0
1503,0,True,3.16,Business,Unknown,620.0,3.0,Nonprofit/Gov,0
1504,0,False,3.42,STEM,White,740.0,5.0,Nonprofit/Gov,1
1505,1,False,3.52,Humanities,Other,710.0,6.0,PE/VC,1
1506,1,False,3.15,STEM,Black,690.0,4.0,Investment Banking,0
1507,0,False,3.42,Humanities,White,770.0,6.0,Nonprofit/Gov,0
1508,1,False,3.33,Business,Asian,760.0,6.0,PE/VC,1
1509,1,False,3.68,Business,Asian,760.0,5.0,Health Care,0
1510,0,False,3.03,Business,White,590.0,5.0,Investment Banking,0
1511,1,True,3.02,STEM,Unknown,660.0,4.0,Other,0
1512,0,True,3.23,STEM,Unknown,640.0,4.0,Other,0
1513,0,False,3.43,STEM,Asian,700.0,3.0,PE/VC,1
1514,1,False,3.26,Business,White,670.0,6.0,PE/VC,0
1515,1,False,2.97,Humanities,Asian,600.0,5.0,Retail,0
1516,1,False,2.97,STEM,White,600.0,5.0,Nonprofit/Gov,0
1517,0,False,3.37,STEM,White,680.0,6.0,Health Care,0
1518,1,False,3.53,Humanities,White,640.0,5.0,Consulting,0
1519,1,False,3.2,STEM,Black,700.0,5.0,PE/VC,0
1520,1,False,3.19,STEM,White,580.0,5.0,Investment Banking,0
1521,1,True,3.02,Humanities,Unknown,710.0,4.0,Consulting,0
1522,1,True,3.16,Business,Unknown,630.0,5.0,Consulting,0
1523,1,True,3.2,STEM,Unknown,670.0,4.0,Nonprofit/Gov,0
1524,1,False,3.09,Humanities,White,590.0,7.0,Investment Banking,0
1525,1,False,3.4,Humanities,Hispanic,620.0,5.0,Consulting,0
1526,1,False,3.38,STEM,Black,650.0,5.0,PE/VC,0
1527,1,True,3.23,STEM,Unknown,570.0,5.0,Investment Banking,0
1528,1,False,3.25,Humanities,Hispanic,650.0,5.0,Consulting,0
1529,1,False,3.28,Humanities,Asian,610.0,6.0,Other,0
1530,0,True,3.19,Humanities,Unknown,680.0,4.0,Technology,0
1531,1,False,3.08,Humanities,Asian,660.0,5.0,Technology,0
1532,0,False,3.22,Business,Hispanic,600.0,6.0,Consulting,0
1533,0,True,3.1,Humanities,Unknown,630.0,4.0,Consulting,0
1534,1,False,3.02,STEM,Asian,640.0,4.0,PE/VC,0
1535,0,False,3.21,STEM,Asian,660.0,6.0,Technology,1
1536,1,False,3.14,Business,White,580.0,5.0,PE/VC,0
1537,1,False,3.26,Business,Other,590.0,3.0,Consulting,0
1538,1,False,3.38,Humanities,Black,700.0,6.0,Investment Management,0
1539,1,False,3.13,Humanities,Asian,630.0,4.0,Nonprofit/Gov,0
1540,1,True,3.18,Business,Unknown,630.0,4.0,Other,0
1541,0,True,3.41,Business,Unknown,690.0,6.0,Consulting,0
1542,0,False,3.16,Humanities,White,620.0,5.0,Investment Banking,0
1543,0,False,3.12,Business,Black,670.0,4.0,Financial Services,0
1544,1,True,3.2,Humanities,Unknown,600.0,6.0,Investment Banking,0
1545,1,False,3.17,STEM,Hispanic,710.0,4.0,Consulting,0
1546,0,True,3.3,Humanities,Unknown,670.0,5.0,Technology,0
1547,1,False,3.45,STEM,White,680.0,6.0,Investment Banking,0
1548,0,True,3.2,STEM,Unknown,640.0,4.0,Nonprofit/Gov,0
1549,1,False,3.17,STEM,Black,610.0,5.0,Consulting,0
1550,1,False,3.3,STEM,Hispanic,630.0,6.0,Health Care,0
1551,0,True,3.3,STEM,Unknown,670.0,5.0,Consulting,0
1552,0,False,3.31,Humanities,White,660.0,5.0,Technology,1
1553,1,True,3.25,STEM,Unknown,670.0,8.0,Financial Services,0
1554,1,False,3.11,Humanities,Hispanic,580.0,8.0,Other,0
1555,0,False,3.21,Business,White,730.0,5.0,Nonprofit/Gov,1
1556,1,False,3.2,STEM,Asian,600.0,4.0,Investment Banking,0
1557,1,True,3.28,STEM,Unknown,610.0,6.0,Technology,0
1558,0,True,3.35,Business,Unknown,650.0,4.0,Nonprofit/Gov,0
1559,0,False,3.13,Business,White,640.0,5.0,Consulting,0
1560,0,True,3.03,Humanities,Unknown,600.0,6.0,Other,0
1561,1,False,3.48,Business,Black,680.0,5.0,PE/VC,0
1562,1,False,2.97,STEM,White,600.0,5.0,Investment Management,0
1563,1,False,3.22,STEM,White,640.0,4.0,Consulting,0
1564,0,False,3.38,Humanities,Hispanic,630.0,3.0,PE/VC,0
1565,1,False,3.51,STEM,White,710.0,5.0,Investment Management,1
1566,1,True,3.29,STEM,Unknown,740.0,5.0,Consulting,0
1567,1,True,3.2,STEM,Unknown,590.0,4.0,Nonprofit/Gov,0
1568,0,True,3.23,Business,Unknown,650.0,5.0,Financial Services,0
1569,0,False,3.32,STEM,Black,630.0,5.0,Technology,0
1570,1,False,3.15,STEM,White,620.0,5.0,PE/VC,0
1571,1,False,3.13,Humanities,Black,630.0,7.0,Investment Banking,0
1572,1,True,3.24,Humanities,Unknown,670.0,5.0,Health Care,0
1573,0,False,2.84,Humanities,White,610.0,6.0,Nonprofit/Gov,0
1574,0,True,3.32,Humanities,Unknown,710.0,5.0,Other,0
1575,1,False,3.61,Humanities,Hispanic,640.0,6.0,Investment Banking,0
1576,1,False,3.2,STEM,Asian,700.0,7.0,Financial Services,0
1577,1,False,3.21,Humanities,White,600.0,4.0,Consulting,0
1578,1,False,3.11,Business,Asian,570.0,3.0,PE/VC,0
1579,1,True,3.17,Business,Unknown,570.0,2.0,Nonprofit/Gov,0
1580,0,True,3.4,Humanities,Unknown,700.0,5.0,PE/VC,1
1581,1,True,3.05,STEM,Unknown,570.0,6.0,Technology,0
1582,0,False,3.18,Humanities,Black,590.0,6.0,Consulting,0
1583,1,False,3.13,STEM,Other,610.0,5.0,Consulting,0
1584,1,False,3.4,Business,Asian,660.0,5.0,Other,0
1585,1,True,3.36,Humanities,Unknown,720.0,6.0,PE/VC,1
1586,1,False,3.36,Business,Hispanic,670.0,5.0,Investment Banking,0
1587,1,False,3.32,STEM,Asian,690.0,3.0,Consulting,0
1588,0,False,3.27,Business,Asian,660.0,5.0,Financial Services,0
1589,1,False,3.04,Humanities,Black,610.0,4.0,PE/VC,0
1590,1,True,3.09,STEM,Unknown,570.0,6.0,Technology,0
1591,1,True,3.12,Humanities,Unknown,610.0,5.0,Technology,0
1592,1,True,3.46,Business,Unknown,680.0,4.0,Technology,0
1593,0,False,3.03,Humanities,Hispanic,600.0,5.0,Consulting,0
1594,1,False,3.29,Humanities,Black,670.0,6.0,Technology,0
1595,1,False,3.25,Business,White,730.0,5.0,Consulting,0
1596,1,False,3.43,STEM,White,660.0,6.0,Technology,1
1597,1,False,3.12,STEM,Asian,630.0,6.0,Technology,0
1598,1,True,3.13,Business,Unknown,660.0,3.0,Consulting,0
1599,1,True,3.22,Humanities,Unknown,580.0,5.0,Investment Management,0
1600,1,True,3.55,STEM,Unknown,690.0,5.0,Financial Services,0
1601,0,False,3.33,STEM,Hispanic,700.0,4.0,Nonprofit/Gov,1
1602,1,False,3.45,STEM,Asian,680.0,3.0,Technology,0
1603,0,False,3.18,STEM,White,640.0,4.0,Investment Management,0
1604,1,True,3.01,STEM,Unknown,610.0,5.0,Technology,0
1605,1,False,3.14,Humanities,White,670.0,6.0,Investment Banking,0
1606,1,False,3.23,STEM,Black,740.0,5.0,Investment Banking,0
1607,0,False,3.14,Business,Asian,650.0,4.0,PE/VC,0
1608,0,False,3.33,Humanities,White,690.0,3.0,Consulting,1
1609,1,False,3.27,STEM,Hispanic,710.0,5.0,Consulting,0
1610,0,False,3.32,Humanities,Asian,600.0,4.0,Technology,0
1611,1,False,3.47,STEM,White,660.0,6.0,Nonprofit/Gov,0
1612,1,True,3.18,STEM,Unknown,670.0,6.0,Technology,0
1613,1,False,3.3,Business,Asian,660.0,6.0,Other,0
1614,0,False,3.26,Humanities,White,640.0,4.0,Other,0
1615,0,True,3.24,Humanities,Unknown,620.0,5.0,Consulting,0
1616,1,False,3.42,Business,Asian,660.0,6.0,Consulting,0
1617,1,False,3.13,Humanities,White,570.0,4.0,Real Estate,0
1618,1,False,3.37,Humanities,Black,700.0,5.0,PE/VC,0
1619,1,True,3.04,Humanities,Unknown,570.0,4.0,Other,0
1620,1,False,3.31,Business,White,660.0,6.0,PE/VC,1
1621,0,False,3.18,Business,Hispanic,670.0,5.0,Financial Services,0
1622,0,False,3.29,STEM,White,650.0,5.0,PE/VC,0
1623,0,True,3.39,STEM,Unknown,660.0,3.0,PE/VC,0
1624,1,False,3.13,STEM,Hispanic,650.0,4.0,Consulting,0
1625,0,False,3.21,STEM,Asian,660.0,6.0,Consulting,0
1626,1,False,3.5,STEM,Black,770.0,7.0,Investment Management,0
1627,1,False,3.31,Business,White,630.0,3.0,Technology,0
1628,1,False,3.45,STEM,Black,700.0,3.0,Technology,0
1629,1,True,3.24,Humanities,Unknown,610.0,3.0,Financial Services,0
1630,1,True,3.36,Humanities,Unknown,670.0,5.0,Consulting,0
1631,0,False,3.19,Business,Black,610.0,5.0,Nonprofit/Gov,0
1632,1,False,3.62,Business,Asian,760.0,5.0,Investment Banking,0
1633,1,False,2.82,Humanities,Black,570.0,6.0,Technology,0
1634,1,False,3.17,STEM,Asian,620.0,7.0,Consulting,0
1635,1,False,3.46,Business,Black,670.0,5.0,Energy,0
1636,1,True,3.01,STEM,Unknown,590.0,5.0,Real Estate,0
1637,1,False,3.5,STEM,Asian,760.0,3.0,Technology,0
1638,1,False,3.34,Business,White,680.0,5.0,PE/VC,0
1639,1,False,3.28,Business,Asian,650.0,4.0,Health Care,0
1640,1,False,3.32,STEM,Black,680.0,5.0,Technology,0
1641,1,False,2.9,Business,Hispanic,570.0,6.0,Other,0
1642,1,True,3.25,STEM,Unknown,660.0,5.0,Technology,0
1643,1,True,3.11,STEM,Unknown,610.0,6.0,Other,0
1644,1,False,3.37,STEM,Hispanic,630.0,5.0,Investment Banking,0
1645,0,False,3.37,STEM,White,660.0,6.0,Consulting,0
1646,1,False,3.47,Humanities,Black,740.0,6.0,Consulting,1
1647,1,True,2.99,STEM,Unknown,700.0,7.0,Consulting,0
1648,1,False,3.18,Business,Asian,640.0,7.0,Other,0
1649,1,False,3.13,Business,White,630.0,4.0,Nonprofit/Gov,0
1650,1,False,3.44,Humanities,Other,720.0,4.0,Consulting,1
1651,1,True,3.5,Humanities,Unknown,730.0,5.0,Consulting,1
1652,1,False,3.24,Humanities,Other,610.0,5.0,Technology,0
1653,0,False,3.18,STEM,White,620.0,4.0,CPG,0
1654,1,False,3.23,Humanities,Other,700.0,5.0,Nonprofit/Gov,0
1655,1,False,3.38,Humanities,Asian,680.0,4.0,Technology,0
1656,0,True,3.11,Humanities,Unknown,670.0,6.0,Investment Banking,0
1657,0,False,3.3,STEM,Hispanic,580.0,5.0,Consulting,0
1658,1,False,3.3,Business,Hispanic,660.0,4.0,Other,0
1659,1,False,3.14,Humanities,White,650.0,3.0,Consulting,0
1660,0,False,3.28,Humanities,Hispanic,620.0,5.0,Consulting,0
1661,1,True,3.31,STEM,Unknown,760.0,6.0,Investment Banking,0
1662,1,False,3.15,Humanities,White,570.0,4.0,Health Care,0
1663,0,False,3.35,Business,White,700.0,7.0,Consulting,1
1664,1,True,3.29,Humanities,Unknown,700.0,5.0,Investment Banking,0
1665,1,False,3.19,Business,White,660.0,3.0,Technology,0
1666,1,False,3.16,Business,Asian,590.0,5.0,Real Estate,0
1667,1,False,3.09,Humanities,White,610.0,5.0,Consulting,0
1668,1,False,3.45,Humanities,White,660.0,5.0,Financial Services,1
1669,1,True,3.26,Humanities,Unknown,650.0,6.0,PE/VC,0
1670,0,False,3.01,Humanities,Asian,620.0,2.0,Consulting,0
1671,1,True,3.22,Humanities,Unknown,620.0,5.0,PE/VC,0
1672,1,True,3.33,Business,Unknown,650.0,5.0,Consulting,0
1673,1,False,3.23,STEM,Hispanic,650.0,3.0,Consulting,0
1674,1,True,3.11,Business,Unknown,570.0,5.0,Health Care,0
1675,1,True,3.29,STEM,Unknown,640.0,5.0,Technology,0
1676,1,True,3.3,Humanities,Unknown,590.0,6.0,Technology,0
1677,0,True,3.12,STEM,Unknown,610.0,5.0,Retail,0
1678,0,False,3.06,Humanities,Black,570.0,5.0,Media/Entertainment,0
1679,1,False,3.14,Humanities,Asian,660.0,5.0,Consulting,0
1680,1,True,3.28,Humanities,Unknown,620.0,5.0,Financial Services,0
1681,1,False,3.26,Business,Black,620.0,4.0,PE/VC,0
1682,1,True,3.27,STEM,Unknown,590.0,6.0,Health Care,0
1683,1,False,3.33,STEM,White,710.0,4.0,Financial Services,1
1684,0,True,3.41,STEM,Unknown,600.0,5.0,Investment Banking,0
1685,0,False,3.24,STEM,Asian,630.0,6.0,PE/VC,0
1686,0,True,3.13,Business,Unknown,640.0,5.0,CPG,0
1687,0,False,3.43,STEM,Black,660.0,6.0,Financial Services,1
1688,1,False,3.36,Humanities,Asian,670.0,5.0,Other,0
1689,1,True,3.0,Humanities,Unknown,580.0,5.0,Consulting,0
1690,0,False,3.14,Humanities,Hispanic,610.0,6.0,Investment Management,0
1691,1,False,3.56,STEM,Black,720.0,3.0,PE/VC,0
1692,0,False,3.0,Business,White,620.0,4.0,Consulting,0
1693,1,True,3.13,Business,Unknown,710.0,6.0,Consulting,0
1694,0,False,3.42,STEM,Asian,650.0,4.0,Consulting,0
1695,1,True,3.35,STEM,Unknown,690.0,6.0,Technology,0
1696,1,False,3.48,Humanities,Asian,680.0,5.0,Technology,0
1697,0,False,3.43,Humanities,Asian,690.0,5.0,Investment Management,1
1698,0,False,2.78,Humanities,White,570.0,6.0,Financial Services,0
1699,1,False,3.26,STEM,White,690.0,5.0,Consulting,0
1700,0,False,3.1,STEM,Asian,650.0,4.0,Financial Services,0
1701,1,False,3.16,Humanities,Asian,580.0,4.0,Consulting,0
1702,0,True,3.08,Business,Unknown,670.0,4.0,Technology,0
1703,1,True,3.19,Humanities,Unknown,570.0,5.0,Consulting,0
1704,1,False,3.5,Humanities,White,640.0,3.0,Technology,0
1705,0,False,3.24,Humanities,Asian,630.0,6.0,Nonprofit/Gov,0
1706,1,False,3.31,Humanities,White,580.0,6.0,Investment Management,0
1707,0,False,3.27,Humanities,Asian,700.0,5.0,Technology,1
1708,0,False,3.22,STEM,Other,680.0,4.0,Investment Banking,0
1709,0,True,3.24,Business,Unknown,610.0,5.0,PE/VC,0
1710,1,False,3.31,Business,Black,750.0,5.0,Investment Banking,0
1711,1,False,3.43,Humanities,Asian,680.0,6.0,CPG,1
1712,0,False,3.23,Business,Asian,600.0,5.0,Health Care,0
1713,1,False,3.13,Business,Asian,600.0,5.0,Investment Banking,0
1714,1,False,3.32,STEM,Black,740.0,5.0,PE/VC,1
1715,1,False,3.64,Business,White,780.0,6.0,Consulting,0
1716,1,False,3.13,Humanities,White,570.0,5.0,Consulting,0
1717,1,False,3.27,Humanities,Asian,620.0,4.0,Health Care,0
1718,0,False,3.36,Business,White,680.0,5.0,Consulting,1
1719,0,False,3.18,STEM,Hispanic,590.0,6.0,Other,0
1720,1,False,3.22,Business,White,650.0,4.0,Consulting,0
1721,0,True,3.42,STEM,Unknown,710.0,5.0,Nonprofit/Gov,0
1722,1,False,3.32,Humanities,Black,700.0,5.0,Financial Services,0
1723,1,True,3.09,STEM,Unknown,590.0,6.0,Investment Banking,0
1724,1,False,3.47,STEM,White,660.0,7.0,PE/VC,0
1725,0,False,3.41,Humanities,White,750.0,5.0,Consulting,0
1726,1,False,3.05,Business,White,570.0,6.0,Consulting,0
1727,1,False,3.29,Humanities,Other,710.0,4.0,Consulting,1
1728,0,True,3.48,Business,Unknown,720.0,4.0,PE/VC,0
1729,0,False,3.23,Business,Asian,670.0,7.0,Other,0
1730,1,False,3.35,Humanities,Black,590.0,6.0,Health Care,0
1731,1,False,3.54,Humanities,Asian,670.0,6.0,Financial Services,0
1732,1,False,3.13,STEM,White,640.0,7.0,Health Care,0
1733,1,False,3.35,STEM,Hispanic,640.0,6.0,Nonprofit/Gov,0
1734,1,False,3.21,Humanities,White,610.0,5.0,Other,0
1735,0,False,3.2,STEM,White,650.0,4.0,Other,0
1736,1,False,2.83,Humanities,Black,570.0,5.0,Nonprofit/Gov,0
1737,0,False,3.61,Business,Asian,700.0,2.0,Other,0
1738,1,True,3.12,Business,Unknown,620.0,5.0,Technology,0
1739,1,True,3.56,STEM,Unknown,720.0,5.0,Financial Services,0
1740,1,False,3.24,Business,White,640.0,4.0,Health Care,0
1741,0,True,3.38,STEM,Unknown,670.0,5.0,Other,1
1742,0,True,3.47,STEM,Unknown,690.0,4.0,Technology,1
1743,1,True,3.19,Humanities,Unknown,720.0,4.0,Nonprofit/Gov,0
1744,1,False,3.31,Humanities,Asian,650.0,6.0,Consulting,0
1745,0,False,2.82,Humanities,Black,630.0,5.0,CPG,0
1746,0,False,3.08,STEM,Other,640.0,5.0,Financial Services,0
1747,1,True,2.93,Humanities,Unknown,570.0,5.0,PE/VC,0
1748,0,False,3.26,Business,Asian,630.0,5.0,Consulting,0
1749,1,False,3.19,STEM,Hispanic,680.0,5.0,PE/VC,0
1750,1,False,3.17,Humanities,Hispanic,690.0,5.0,PE/VC,0
1751,1,False,3.41,STEM,Other,650.0,6.0,PE/VC,0
1752,1,False,2.86,STEM,Asian,570.0,5.0,Financial Services,0
1753,1,True,3.0,STEM,Unknown,620.0,5.0,Nonprofit/Gov,0
1754,0,False,3.14,Business,Other,630.0,6.0,Technology,0
1755,1,True,3.23,Humanities,Unknown,630.0,5.0,PE/VC,0
1756,0,False,3.22,Business,White,670.0,6.0,Nonprofit/Gov,0
1757,0,False,3.35,Humanities,Asian,650.0,6.0,Investment Banking,0
1758,1,True,3.21,Business,Unknown,640.0,5.0,Investment Management,0
1759,1,False,3.58,STEM,Black,750.0,4.0,Financial Services,0
1760,0,False,3.48,Humanities,Black,670.0,6.0,Consulting,0
1761,1,True,3.38,Humanities,Unknown,710.0,5.0,Technology,1
1762,0,False,3.2,STEM,White,660.0,5.0,Investment Banking,0
1763,0,False,3.17,STEM,White,600.0,6.0,Health Care,0
1764,1,True,3.5,STEM,Unknown,710.0,6.0,Financial Services,1
1765,1,False,2.92,Humanities,Black,610.0,6.0,Investment Banking,0
1766,1,False,3.25,Humanities,White,640.0,4.0,Consulting,0
1767,0,True,3.04,Business,Unknown,570.0,6.0,Nonprofit/Gov,0
1768,1,False,3.26,Business,White,600.0,5.0,PE/VC,0
1769,1,True,3.14,Humanities,Unknown,640.0,5.0,PE/VC,0
1770,1,True,3.28,Business,Unknown,690.0,6.0,Financial Services,1
1771,1,True,3.57,STEM,Unknown,770.0,6.0,CPG,0
1772,1,False,3.19,Humanities,Asian,620.0,6.0,Technology,0
1773,1,False,3.23,Business,Hispanic,620.0,5.0,Consulting,0
1774,1,False,3.09,Humanities,Black,630.0,5.0,Consulting,0
1775,1,False,3.11,Humanities,White,640.0,5.0,PE/VC,0
1776,1,False,3.21,Humanities,Black,670.0,5.0,Consulting,0
1777,0,True,3.18,Humanities,Unknown,630.0,3.0,Consulting,0
1778,0,False,3.51,Humanities,Black,700.0,5.0,Other,0
1779,0,True,3.1,Humanities,Unknown,590.0,5.0,Technology,0
1780,1,False,3.23,Humanities,Asian,650.0,3.0,Health Care,0
1781,0,False,2.98,Business,White,630.0,5.0,Energy,0
1782,0,False,3.02,Humanities,Black,620.0,4.0,Consulting,0
1783,0,False,3.38,Business,Asian,610.0,4.0,Consulting,0
1784,0,True,3.33,Humanities,Unknown,660.0,4.0,PE/VC,0
1785,1,False,3.27,Humanities,Asian,710.0,5.0,Nonprofit/Gov,0
1786,0,False,3.14,STEM,Black,640.0,4.0,Health Care,0
1787,0,True,3.35,Business,Unknown,640.0,6.0,PE/VC,0
1788,1,True,3.24,Humanities,Unknown,640.0,4.0,Investment Banking,0
1789,0,True,3.25,Humanities,Unknown,710.0,6.0,Other,1
1790,0,True,3.38,Business,Unknown,630.0,5.0,PE/VC,0
1791,1,False,3.23,Humanities,Asian,650.0,5.0,Consulting,0
1792,1,True,3.24,STEM,Unknown,670.0,8.0,Investment Management,1
1793,1,False,3.29,Business,Black,700.0,5.0,Consulting,0
1794,1,False,3.37,Humanities,White,640.0,6.0,PE/VC,0
1795,0,False,3.03,Business,Asian,600.0,4.0,Other,0
1796,0,False,3.13,Business,White,620.0,4.0,Consulting,0
1797,1,True,3.3,Humanities,Unknown,650.0,4.0,Investment Banking,0
1798,1,False,3.14,STEM,Black,680.0,3.0,Consulting,0
1799,1,True,3.34,Humanities,Unknown,620.0,5.0,Consulting,0
1800,1,False,3.44,Humanities,White,700.0,7.0,PE/VC,0
1801,1,True,3.47,Business,Unknown,650.0,5.0,Technology,0
1802,1,False,3.45,STEM,White,670.0,6.0,Consulting,0
1803,1,False,3.08,STEM,Hispanic,680.0,6.0,Consulting,0
1804,0,False,3.12,Business,Other,620.0,5.0,PE/VC,0
1805,1,False,2.99,Humanities,White,570.0,5.0,Financial Services,0
1806,1,True,3.21,Humanities,Unknown,700.0,4.0,Investment Banking,0
1807,0,True,2.98,Humanities,Unknown,580.0,5.0,Investment Banking,0
1808,1,False,3.12,Humanities,White,590.0,3.0,Financial Services,0
1809,0,False,3.27,Business,Black,640.0,5.0,Financial Services,0
1810,1,False,3.38,Business,White,640.0,5.0,Consulting,0
1811,1,False,3.25,Humanities,Black,680.0,5.0,Other,0
1812,1,True,3.28,Humanities,Unknown,650.0,5.0,Consulting,0
1813,1,False,3.22,Humanities,White,640.0,4.0,Other,0
1814,1,False,3.22,Business,White,600.0,5.0,Nonprofit/Gov,0
1815,1,False,3.37,STEM,Black,630.0,5.0,Financial Services,0
1816,1,True,3.28,STEM,Unknown,640.0,6.0,Financial Services,0
1817,1,False,3.14,Humanities,White,600.0,4.0,Investment Management,0
1818,1,False,3.41,Humanities,Asian,680.0,5.0,Consulting,0
1819,1,True,3.42,Business,Unknown,670.0,6.0,Investment Banking,0
1820,1,False,3.35,STEM,White,670.0,5.0,Financial Services,1
1821,1,False,3.11,STEM,Hispanic,610.0,5.0,PE/VC,0
1822,0,False,3.21,Humanities,Asian,720.0,6.0,Investment Banking,0
1823,1,True,3.35,Humanities,Unknown,610.0,5.0,Health Care,0
1824,0,True,3.39,Humanities,Unknown,670.0,6.0,PE/VC,0
1825,1,False,3.25,Humanities,White,610.0,4.0,Other,0
1826,1,False,3.16,STEM,Asian,620.0,4.0,PE/VC,0
1827,1,True,3.21,Humanities,Unknown,730.0,3.0,Consulting,1
1828,1,False,3.32,Humanities,Asian,710.0,6.0,PE/VC,1
1829,1,False,3.08,Humanities,White,620.0,4.0,Nonprofit/Gov,0
1830,1,False,3.29,Humanities,Other,620.0,4.0,Other,0
1831,1,False,3.4,Humanities,Black,690.0,6.0,Investment Banking,0
1832,0,True,3.24,Humanities,Unknown,650.0,3.0,CPG,0
1833,1,False,2.91,Humanities,Black,610.0,5.0,PE/VC,0
1834,1,False,3.57,Humanities,Hispanic,760.0,5.0,Consulting,0
1835,0,True,3.23,STEM,Unknown,640.0,4.0,Consulting,0
1836,1,True,3.1,Humanities,Unknown,610.0,5.0,Consulting,0
1837,1,True,3.29,STEM,Unknown,660.0,5.0,Nonprofit/Gov,0
1838,1,True,3.35,STEM,Unknown,740.0,6.0,PE/VC,0
1839,1,False,3.44,Humanities,Black,650.0,6.0,Consulting,0
1840,1,False,3.1,Humanities,White,630.0,4.0,Investment Banking,0
1841,1,False,3.14,Humanities,Black,590.0,5.0,PE/VC,0
1842,1,False,3.4,Business,White,720.0,6.0,Other,0
1843,0,False,3.12,Humanities,Other,640.0,5.0,Consulting,0
1844,1,False,3.1,Humanities,Hispanic,580.0,5.0,PE/VC,0
1845,0,False,3.28,STEM,Asian,690.0,4.0,Health Care,0
1846,1,False,3.15,STEM,Hispanic,570.0,6.0,Technology,0
1847,0,True,3.08,Humanities,Unknown,570.0,5.0,Consulting,0
1848,1,False,3.1,STEM,White,660.0,5.0,Investment Banking,0
1849,1,False,3.3,Business,White,630.0,6.0,Health Care,0
1850,0,False,3.38,STEM,White,730.0,6.0,Technology,1
1851,1,False,2.96,Humanities,Black,610.0,6.0,Investment Banking,0
1852,1,True,3.11,STEM,Unknown,600.0,6.0,Real Estate,0
1853,1,False,3.01,Humanities,White,670.0,3.0,Other,0
1854,1,True,3.36,Humanities,Unknown,640.0,6.0,Nonprofit/Gov,0
1855,1,False,3.2,STEM,Asian,600.0,6.0,Financial Services,0
1856,1,False,3.39,STEM,Hispanic,670.0,6.0,Other,0
1857,0,False,3.21,Business,Hispanic,570.0,4.0,Nonprofit/Gov,0
1858,1,False,3.65,Humanities,Asian,760.0,4.0,PE/VC,1
1859,1,True,3.27,STEM,Unknown,670.0,6.0,PE/VC,1
1860,1,False,3.31,Business,Hispanic,670.0,4.0,Nonprofit/Gov,0
1861,0,False,3.25,Humanities,White,610.0,5.0,PE/VC,0
1862,1,True,3.18,Humanities,Unknown,580.0,5.0,PE/VC,0
1863,1,False,3.28,Humanities,Hispanic,710.0,5.0,Investment Banking,1
1864,0,True,3.24,Humanities,Unknown,710.0,4.0,Technology,1
1865,1,False,3.29,Business,White,650.0,6.0,PE/VC,0
1866,1,False,3.26,STEM,Other,660.0,6.0,Consulting,1
1867,1,False,3.16,Humanities,Hispanic,710.0,6.0,PE/VC,0
1868,0,False,3.47,STEM,White,710.0,8.0,Financial Services,0
1869,1,False,3.1,Business,Asian,630.0,3.0,Financial Services,0
1870,0,True,3.24,Humanities,Unknown,650.0,5.0,Other,0
1871,1,True,3.01,Humanities,Unknown,630.0,5.0,Media/Entertainment,0
1872,1,False,3.08,Business,White,660.0,6.0,Financial Services,0
1873,0,False,3.42,Business,Asian,670.0,6.0,Technology,1
1874,1,False,3.35,Humanities,Hispanic,670.0,6.0,PE/VC,0
1875,0,False,3.13,Business,Hispanic,640.0,6.0,PE/VC,0
1876,1,False,3.11,Business,Asian,600.0,6.0,Other,0
1877,0,True,3.13,Business,Unknown,650.0,6.0,Other,0
1878,1,False,3.1,Business,Asian,630.0,5.0,Investment Banking,0
1879,1,False,3.24,Business,Asian,680.0,5.0,Consulting,0
1880,0,False,3.21,Humanities,White,640.0,5.0,Real Estate,0
1881,1,False,3.29,Humanities,Hispanic,700.0,6.0,Consulting,0
1882,0,False,3.22,Business,Other,650.0,5.0,Nonprofit/Gov,0
1883,1,False,3.18,Humanities,Black,630.0,5.0,Health Care,0
1884,0,True,3.27,STEM,Unknown,610.0,4.0,PE/VC,0
1885,1,False,3.29,STEM,Hispanic,670.0,5.0,Other,0
1886,1,True,3.19,Humanities,Unknown,680.0,5.0,Technology,0
1887,0,True,3.38,Humanities,Unknown,700.0,4.0,Media/Entertainment,0
1888,0,False,3.19,Business,Asian,600.0,3.0,Consulting,0
1889,1,True,3.36,Humanities,Unknown,750.0,6.0,Consulting,0
1890,0,False,3.3,STEM,Hispanic,620.0,6.0,Consulting,0
1891,1,True,3.15,STEM,Unknown,590.0,6.0,Consulting,0
1892,1,False,3.5,Humanities,Black,700.0,5.0,Other,1
1893,0,False,3.37,Humanities,Black,680.0,7.0,Financial Services,1
1894,0,True,3.16,STEM,Unknown,670.0,4.0,Health Care,0
1895,1,True,3.33,Business,Unknown,680.0,4.0,Financial Services,1
1896,1,False,3.35,Humanities,Black,660.0,4.0,Technology,0
1897,1,True,3.42,STEM,Unknown,730.0,7.0,PE/VC,0
1898,0,False,3.39,Humanities,White,780.0,4.0,Other,1
1899,0,False,3.11,STEM,Asian,580.0,6.0,Consulting,0
1900,1,False,3.39,Humanities,White,660.0,6.0,Health Care,1
1901,0,False,3.25,STEM,White,660.0,5.0,Technology,0
1902,0,False,3.4,Humanities,Hispanic,660.0,5.0,Consulting,1
1903,1,False,3.27,Business,Other,610.0,4.0,Consulting,0
1904,1,True,3.31,STEM,Unknown,650.0,6.0,Investment Management,0
1905,1,False,3.45,Humanities,Black,630.0,6.0,Technology,0
1906,1,False,3.12,Humanities,White,670.0,4.0,PE/VC,0
1907,0,True,3.2,Humanities,Unknown,650.0,6.0,PE/VC,0
1908,1,True,3.29,STEM,Unknown,640.0,6.0,PE/VC,0
1909,1,True,3.37,STEM,Unknown,640.0,5.0,Consulting,0
1910,0,False,3.26,STEM,Hispanic,580.0,5.0,Technology,0
1911,1,True,3.34,Business,Unknown,720.0,4.0,Consulting,0
1912,1,True,3.65,STEM,Unknown,730.0,5.0,Consulting,1
1913,0,True,3.34,Business,Unknown,720.0,5.0,Nonprofit/Gov,0
1914,1,False,3.43,STEM,Black,680.0,3.0,PE/VC,0
1915,1,False,3.24,Business,White,640.0,4.0,Nonprofit/Gov,0
1916,1,True,3.34,STEM,Unknown,610.0,6.0,Nonprofit/Gov,0
1917,1,True,3.34,Humanities,Unknown,760.0,4.0,Nonprofit/Gov,0
1918,1,False,3.43,Business,White,650.0,4.0,CPG,0
1919,1,False,3.17,Business,Black,630.0,5.0,Consulting,0
1920,0,False,3.55,STEM,White,680.0,5.0,Consulting,0
1921,0,False,3.31,STEM,White,690.0,6.0,Nonprofit/Gov,0
1922,0,True,3.67,STEM,Unknown,680.0,5.0,PE/VC,0
1923,1,True,3.1,Business,Unknown,710.0,7.0,PE/VC,0
1924,1,False,3.23,Business,Other,680.0,5.0,Nonprofit/Gov,1
1925,1,True,3.1,Humanities,Unknown,710.0,4.0,Health Care,0
1926,1,False,3.02,STEM,White,610.0,6.0,PE/VC,0
1927,1,True,3.2,Business,Unknown,650.0,7.0,Real Estate,0
1928,1,True,3.16,Business,Unknown,680.0,3.0,Consulting,0
1929,0,False,2.99,Business,Black,570.0,5.0,Consulting,0
1930,1,False,3.28,STEM,White,600.0,5.0,Consulting,0
1931,0,False,3.06,STEM,White,610.0,5.0,Nonprofit/Gov,0
1932,1,False,3.21,STEM,White,620.0,6.0,Investment Management,0
1933,1,False,3.27,Business,Asian,640.0,5.0,Consulting,0
1934,1,True,3.2,STEM,Unknown,570.0,5.0,Nonprofit/Gov,0
1935,1,True,3.17,STEM,Unknown,590.0,6.0,Consulting,0
1936,1,True,3.17,Business,Unknown,570.0,5.0,Real Estate,0
1937,1,False,3.26,Business,Asian,690.0,4.0,Technology,1
1938,0,False,3.5,STEM,Black,700.0,5.0,Consulting,0
1939,1,False,3.19,STEM,White,610.0,6.0,Consulting,0
1940,1,True,3.21,STEM,Unknown,630.0,5.0,Investment Banking,0
1941,0,True,3.1,Business,Unknown,590.0,5.0,Investment Banking,0
1942,1,False,3.07,Business,White,650.0,3.0,Consulting,0
1943,1,True,3.18,Business,Unknown,580.0,5.0,Investment Banking,0
1944,0,False,3.32,STEM,White,720.0,2.0,Media/Entertainment,1
1945,0,False,3.5,Humanities,White,690.0,6.0,PE/VC,0
1946,1,True,3.42,STEM,Unknown,680.0,5.0,Financial Services,0
1947,1,False,3.21,Business,Black,620.0,6.0,Investment Banking,0
1948,1,True,3.28,Humanities,Unknown,680.0,5.0,Nonprofit/Gov,0
1949,1,False,3.11,Humanities,Asian,630.0,3.0,Investment Banking,0
1950,1,True,3.41,Humanities,Unknown,710.0,5.0,Technology,0
1951,1,True,3.23,STEM,Unknown,570.0,6.0,Technology,0
1952,0,False,3.52,STEM,White,630.0,5.0,Investment Banking,0
1953,0,False,3.33,Humanities,White,660.0,6.0,Consulting,0
1954,1,False,3.22,STEM,White,650.0,6.0,PE/VC,0
1955,1,False,3.17,Humanities,Black,570.0,5.0,Nonprofit/Gov,0
1956,0,False,3.2,Business,White,570.0,5.0,Technology,0
1957,1,False,3.25,Humanities,White,660.0,5.0,Financial Services,1
1958,1,True,3.32,Humanities,Unknown,700.0,6.0,Investment Banking,0
1959,0,False,3.29,Business,White,640.0,5.0,Real Estate,0
1960,0,False,3.16,Humanities,Asian,630.0,3.0,Technology,0
1961,1,True,3.17,Humanities,Unknown,650.0,3.0,Consulting,0
1962,0,False,3.23,Humanities,White,660.0,5.0,PE/VC,0
1963,0,True,3.16,Humanities,Unknown,610.0,6.0,Technology,0
1964,0,False,3.12,Business,Black,600.0,6.0,Nonprofit/Gov,0
1965,1,False,3.33,Humanities,Asian,670.0,5.0,Financial Services,1
1966,1,False,3.35,STEM,White,680.0,3.0,CPG,0
1967,1,False,3.29,Business,Black,680.0,7.0,Nonprofit/Gov,0
1968,0,False,3.16,Humanities,White,680.0,4.0,Consulting,0
1969,1,False,3.2,Humanities,Hispanic,570.0,5.0,Nonprofit/Gov,0
1970,1,False,3.4,Humanities,White,730.0,4.0,Consulting,0
1971,1,False,3.25,Business,Asian,660.0,5.0,Financial Services,0
1972,1,False,3.42,STEM,White,730.0,6.0,Consulting,1
1973,0,False,3.31,Humanities,White,760.0,6.0,Consulting,1
1974,0,False,2.95,STEM,White,570.0,5.0,Health Care,0
1975,1,False,3.23,Business,White,620.0,5.0,PE/VC,0
1976,0,True,3.22,STEM,Unknown,620.0,6.0,Health Care,0
1977,1,True,3.2,Business,Unknown,640.0,4.0,Other,0
1978,1,False,3.15,STEM,White,590.0,6.0,Consulting,0
1979,0,True,3.07,Business,Unknown,660.0,4.0,Consulting,0
1980,1,False,3.2,STEM,Asian,570.0,6.0,Health Care,0
1981,1,True,3.29,Business,Unknown,620.0,6.0,PE/VC,0
1982,1,False,3.1,STEM,Black,690.0,3.0,PE/VC,0
1983,1,False,3.43,Humanities,White,730.0,5.0,Other,0
1984,1,False,3.33,STEM,White,690.0,7.0,CPG,1
1985,1,False,3.19,Humanities,Black,670.0,5.0,PE/VC,0
1986,1,False,3.25,Humanities,Asian,580.0,7.0,Consulting,0
1987,0,True,3.33,Humanities,Unknown,690.0,4.0,Financial Services,1
1988,0,True,3.2,Business,Unknown,640.0,6.0,Energy,0
1989,0,False,3.43,Humanities,White,720.0,7.0,Consulting,1
1990,1,False,3.23,STEM,Asian,680.0,5.0,PE/VC,0
1991,1,False,3.36,Business,Black,680.0,5.0,Consulting,1
1992,1,False,3.42,STEM,Asian,640.0,6.0,Investment Banking,0
1993,0,True,3.27,STEM,Unknown,630.0,5.0,Consulting,0
1994,1,True,3.2,Humanities,Unknown,640.0,4.0,PE/VC,0
1995,1,False,3.51,Humanities,Hispanic,720.0,6.0,Investment Management,0
1996,0,True,3.2,STEM,Unknown,650.0,6.0,PE/VC,0
1997,1,False,3.59,STEM,White,700.0,6.0,Other,1
1998,1,True,3.39,Humanities,Unknown,720.0,5.0,Technology,0
1999,1,False,3.19,STEM,Asian,740.0,5.0,Financial Services,0
2000,0,False,3.06,Business,Black,620.0,5.0,Investment Banking,0
2001,0,False,3.24,STEM,White,630.0,6.0,Investment Management,0
2002,1,True,3.13,Humanities,Unknown,700.0,5.0,Technology,0
2003,1,False,3.23,Business,White,570.0,5.0,Investment Banking,0
2004,0,False,3.29,Humanities,White,640.0,5.0,Consulting,0
2005,0,False,3.27,Business,White,660.0,4.0,Health Care,1
2006,1,False,3.18,STEM,White,620.0,7.0,Consulting,0
2007,1,True,3.25,Business,Unknown,730.0,6.0,Financial Services,1
2008,0,False,3.27,Humanities,Other,640.0,5.0,Technology,0
2009,1,True,2.97,STEM,Unknown,670.0,5.0,PE/VC,0
2010,1,False,3.28,Humanities,Asian,690.0,5.0,Financial Services,0
2011,1,False,3.22,STEM,White,670.0,4.0,Other,1
2012,1,True,3.25,Humanities,Unknown,620.0,6.0,Consulting,0
2013,1,False,3.07,Business,White,680.0,4.0,Nonprofit/Gov,0
2014,1,False,3.55,Humanities,Black,690.0,5.0,Health Care,0
2015,1,False,3.25,STEM,White,650.0,6.0,Technology,0
2016,0,False,3.33,Humanities,White,650.0,5.0,Other,0
2017,1,False,3.05,STEM,Hispanic,630.0,5.0,Media/Entertainment,0
2018,1,False,3.44,Business,Black,690.0,6.0,Technology,0
2019,1,True,3.41,Business,Unknown,680.0,6.0,Financial Services,0
2020,0,False,3.47,Business,Asian,660.0,6.0,Consulting,0
2021,0,False,2.91,Humanities,White,610.0,6.0,Technology,0
2022,0,False,3.0,Humanities,Asian,600.0,5.0,PE/VC,0
2023,0,True,3.12,Humanities,Unknown,610.0,5.0,Consulting,0
2024,1,False,3.26,STEM,White,700.0,6.0,Health Care,0
2025,1,True,3.08,STEM,Unknown,670.0,4.0,Nonprofit/Gov,0
2026,0,True,3.12,STEM,Unknown,700.0,4.0,Health Care,0
2027,0,False,3.42,Business,Black,730.0,4.0,CPG,1
2028,1,False,3.28,STEM,White,680.0,6.0,Consulting,0
2029,1,True,3.23,Business,Unknown,700.0,4.0,Consulting,0
2030,1,True,3.32,STEM,Unknown,700.0,4.0,Technology,0
2031,0,False,3.02,Business,Asian,620.0,5.0,Consulting,0
2032,1,False,3.5,Humanities,Hispanic,730.0,4.0,Financial Services,0
2033,0,False,3.32,Humanities,White,650.0,4.0,Other,0
2034,1,True,3.15,Humanities,Unknown,570.0,4.0,Technology,0
2035,1,False,3.19,Business,White,660.0,5.0,Technology,0
2036,1,False,3.26,Business,Black,660.0,5.0,Technology,1
2037,1,False,3.23,Business,Hispanic,640.0,4.0,PE/VC,0
2038,0,False,3.38,STEM,White,660.0,5.0,Financial Services,1
2039,0,False,3.35,STEM,Black,600.0,5.0,Nonprofit/Gov,0
2040,1,False,3.01,Humanities,White,660.0,4.0,PE/VC,0
2041,0,True,3.04,Business,Unknown,630.0,5.0,Consulting,0
2042,1,False,3.15,Business,White,670.0,7.0,Consulting,0
2043,1,False,3.19,STEM,White,650.0,6.0,Other,0
2044,1,True,3.16,Humanities,Unknown,570.0,4.0,Consulting,0
2045,1,True,3.1,STEM,Unknown,670.0,5.0,Technology,0
2046,0,False,3.01,STEM,Black,570.0,6.0,Consulting,0
2047,1,False,3.39,Humanities,Asian,640.0,5.0,Financial Services,0
2048,1,False,3.2,STEM,Black,710.0,5.0,Real Estate,0
2049,0,True,3.01,Business,Unknown,680.0,5.0,Investment Banking,0
2050,0,False,3.28,Business,Black,730.0,4.0,PE/VC,1
2051,1,False,3.32,Business,Hispanic,670.0,5.0,Real Estate,1
2052,1,False,3.24,Business,White,570.0,6.0,Consulting,0
2053,0,True,3.27,Humanities,Unknown,650.0,4.0,Consulting,0
2054,0,False,3.41,Business,White,690.0,4.0,Consulting,1
2055,0,True,3.35,Business,Unknown,750.0,7.0,Real Estate,1
2056,1,False,3.27,Humanities,Black,650.0,4.0,Consulting,0
2057,1,True,3.43,Business,Unknown,700.0,5.0,Technology,1
2058,0,False,3.08,STEM,Hispanic,620.0,5.0,Nonprofit/Gov,0
2059,1,True,3.25,Humanities,Unknown,570.0,5.0,Financial Services,0
2060,1,True,3.15,Humanities,Unknown,620.0,5.0,Nonprofit/Gov,0
2061,1,True,3.15,Business,Unknown,650.0,5.0,Investment Banking,0
2062,0,True,3.19,Humanities,Unknown,640.0,7.0,Consulting,0
2063,1,True,3.2,STEM,Unknown,610.0,4.0,Consulting,0
2064,0,False,3.21,Business,Asian,660.0,5.0,Financial Services,1
2065,1,True,3.18,Business,Unknown,640.0,6.0,Consulting,0
2066,1,False,2.99,Humanities,Other,570.0,3.0,Other,0
2067,1,False,3.27,STEM,Black,630.0,7.0,Investment Banking,0
2068,0,False,3.33,Humanities,Asian,610.0,4.0,PE/VC,0
2069,1,False,3.31,Humanities,Asian,610.0,5.0,Consulting,0
2070,1,True,3.1,Business,Unknown,640.0,3.0,Other,0
2071,0,False,3.3,Humanities,White,580.0,5.0,Other,0
2072,1,False,3.26,Business,White,720.0,5.0,Technology,0
2073,0,False,3.14,STEM,White,570.0,7.0,PE/VC,0
2074,1,True,2.84,STEM,Unknown,640.0,7.0,Investment Banking,0
2075,1,False,3.44,Humanities,Asian,670.0,6.0,Consulting,1
2076,1,False,3.27,STEM,Asian,680.0,6.0,Consulting,1
2077,1,True,3.25,Business,Unknown,670.0,4.0,PE/VC,0
2078,1,True,3.13,Humanities,Unknown,640.0,4.0,Consulting,0
2079,1,False,3.11,Business,Black,620.0,6.0,Other,0
2080,1,True,3.34,Humanities,Unknown,640.0,5.0,Consulting,0
2081,0,True,3.32,STEM,Unknown,640.0,4.0,Consulting,0
2082,1,True,3.32,Humanities,Unknown,680.0,6.0,Technology,0
2083,0,False,3.06,Humanities,White,710.0,5.0,Investment Management,0
2084,0,False,3.04,Humanities,Asian,660.0,6.0,CPG,0
2085,1,False,3.28,STEM,Asian,680.0,7.0,Nonprofit/Gov,1
2086,0,False,2.86,STEM,White,570.0,5.0,Other,0
2087,1,False,3.1,Business,Hispanic,660.0,4.0,Other,0
2088,0,False,3.32,STEM,Asian,650.0,6.0,Consulting,0
2089,0,False,3.18,STEM,White,660.0,4.0,Nonprofit/Gov,0
2090,1,False,3.26,STEM,Asian,600.0,7.0,Consulting,0
2091,1,False,3.4,Humanities,Asian,660.0,6.0,Technology,0
2092,0,False,3.09,Humanities,Black,720.0,6.0,Other,0
2093,0,False,3.14,Humanities,Hispanic,660.0,6.0,Nonprofit/Gov,0
2094,0,True,3.19,Humanities,Unknown,600.0,5.0,Other,0
2095,0,False,3.3,STEM,Other,730.0,4.0,Investment Banking,0
2096,0,False,3.16,Business,White,620.0,5.0,Consulting,0
2097,0,False,3.13,Humanities,White,620.0,5.0,PE/VC,0
2098,0,False,3.14,STEM,Hispanic,660.0,6.0,Investment Banking,0
2099,1,True,3.06,Business,Unknown,570.0,4.0,Consulting,0
2100,1,False,3.03,STEM,White,610.0,4.0,Technology,0
2101,1,False,3.26,Humanities,Black,630.0,5.0,PE/VC,0
2102,1,True,3.29,Humanities,Unknown,640.0,5.0,Nonprofit/Gov,0
2103,0,False,3.29,Humanities,Asian,570.0,4.0,Consulting,0
2104,1,False,3.27,Business,Asian,670.0,6.0,CPG,1
2105,0,False,3.24,Humanities,Black,670.0,6.0,Technology,0
2106,1,False,3.17,Humanities,Asian,650.0,6.0,Consulting,0
2107,0,False,3.37,Humanities,Black,670.0,4.0,Technology,1
2108,1,False,3.31,STEM,White,680.0,7.0,Technology,1
2109,0,False,3.24,STEM,Asian,670.0,5.0,Other,1
2110,1,True,3.33,Business,Unknown,710.0,5.0,PE/VC,0
2111,1,True,2.98,Business,Unknown,590.0,4.0,Technology,0
2112,1,True,3.13,Humanities,Unknown,570.0,5.0,PE/VC,0
2113,1,False,3.03,STEM,White,570.0,4.0,Consulting,0
2114,1,True,3.22,Business,Unknown,570.0,6.0,PE/VC,0
2115,0,False,3.19,Business,White,620.0,4.0,Technology,0
2116,1,False,3.17,STEM,Asian,570.0,5.0,Nonprofit/Gov,0
2117,0,True,3.22,STEM,Unknown,720.0,7.0,Nonprofit/Gov,1
2118,1,False,3.36,STEM,Hispanic,570.0,7.0,Real Estate,0
2119,0,True,3.41,Business,Unknown,730.0,5.0,PE/VC,1
2120,1,True,3.3,Humanities,Unknown,680.0,5.0,CPG,1
2121,0,False,3.14,STEM,Black,650.0,5.0,Technology,0
2122,1,True,3.24,STEM,Unknown,680.0,5.0,Other,1
2123,1,False,3.37,STEM,Hispanic,600.0,5.0,Investment Management,0
2124,1,True,3.1,STEM,Unknown,610.0,5.0,Real Estate,0
2125,0,False,3.3,STEM,Hispanic,700.0,6.0,Retail,1
2126,1,False,3.42,Humanities,Other,640.0,5.0,Technology,0
2127,0,False,3.34,Business,Hispanic,690.0,3.0,Technology,0
2128,1,False,3.35,Humanities,Black,720.0,5.0,Consulting,0
2129,1,False,3.26,Business,Other,620.0,5.0,Nonprofit/Gov,0
2130,1,True,3.18,Business,Unknown,640.0,5.0,Financial Services,0
2131,0,False,3.15,Humanities,White,570.0,4.0,PE/VC,0
2132,1,True,2.99,Business,Unknown,630.0,4.0,Health Care,0
2133,1,True,3.19,STEM,Unknown,580.0,5.0,Consulting,0
2134,1,True,3.32,Humanities,Unknown,700.0,6.0,PE/VC,0
2135,1,True,3.21,Business,Unknown,670.0,5.0,Consulting,0
2136,0,False,3.06,Business,White,580.0,4.0,Consulting,0
2137,1,False,3.53,Humanities,White,740.0,5.0,PE/VC,1
2138,1,False,3.2,Humanities,White,670.0,4.0,PE/VC,0
2139,1,False,3.02,Humanities,White,610.0,6.0,Technology,0
2140,1,True,3.03,Business,Unknown,630.0,5.0,PE/VC,0
2141,1,True,3.46,Humanities,Unknown,650.0,4.0,Nonprofit/Gov,0
2142,1,True,3.13,STEM,Unknown,680.0,6.0,Consulting,0
2143,1,True,3.31,STEM,Unknown,650.0,5.0,Nonprofit/Gov,0
2144,0,False,3.19,Humanities,Asian,620.0,6.0,Consulting,0
2145,1,False,3.36,Humanities,White,680.0,6.0,Health Care,0
2146,0,False,3.24,Business,Black,700.0,5.0,Health Care,0
2147,1,True,3.28,STEM,Unknown,740.0,6.0,Investment Banking,0
2148,1,True,3.4,STEM,Unknown,690.0,4.0,PE/VC,1
2149,1,False,3.15,Business,White,600.0,5.0,Financial Services,0
2150,0,True,3.06,Business,Unknown,660.0,4.0,Investment Banking,0
2151,0,False,3.18,Humanities,Asian,610.0,4.0,Real Estate,0
2152,0,False,3.18,Business,Asian,580.0,5.0,Investment Banking,0
2153,1,False,3.02,Humanities,Asian,590.0,6.0,PE/VC,0
2154,1,False,3.17,Humanities,Black,710.0,4.0,Consulting,0
2155,1,False,3.11,STEM,Asian,610.0,5.0,Investment Banking,0
2156,1,True,3.08,Humanities,Unknown,620.0,6.0,Consulting,0
2157,1,False,3.42,Humanities,Black,720.0,5.0,PE/VC,0
2158,1,False,3.29,STEM,White,610.0,7.0,Consulting,0
2159,1,False,3.33,Humanities,White,680.0,7.0,Consulting,0
2160,1,False,3.43,Business,White,650.0,5.0,Consulting,0
2161,1,True,3.19,Business,Unknown,730.0,6.0,Consulting,0
2162,1,False,3.48,Business,Hispanic,660.0,4.0,Real Estate,1
2163,0,False,3.36,Humanities,Black,680.0,5.0,Consulting,0
2164,1,True,3.46,Business,Unknown,620.0,6.0,Media/Entertainment,0
2165,0,False,3.27,Humanities,White,650.0,7.0,Consulting,0
2166,0,True,3.36,Humanities,Unknown,720.0,6.0,Consulting,1
2167,0,True,3.45,Business,Unknown,700.0,4.0,PE/VC,0
2168,0,True,3.15,Business,Unknown,640.0,6.0,Other,0
2169,1,True,2.87,STEM,Unknown,610.0,4.0,Nonprofit/Gov,0
2170,0,True,3.08,STEM,Unknown,660.0,4.0,Consulting,0
2171,1,False,3.02,Business,Black,630.0,5.0,Consulting,0
2172,0,False,2.94,Business,White,590.0,6.0,Nonprofit/Gov,0
2173,1,True,3.32,Business,Unknown,660.0,5.0,Nonprofit/Gov,1
2174,0,False,2.86,Business,Hispanic,610.0,3.0,Investment Banking,0
2175,0,False,3.3,Humanities,Hispanic,700.0,5.0,Consulting,0
2176,1,False,3.55,STEM,White,720.0,4.0,Investment Banking,0
2177,1,False,3.14,Humanities,Black,620.0,5.0,Investment Banking,0
2178,0,False,3.16,Business,Asian,660.0,4.0,Investment Banking,0
2179,0,False,2.98,STEM,Black,650.0,6.0,Consulting,0
2180,1,True,3.12,STEM,Unknown,660.0,5.0,PE/VC,0
2181,1,False,3.23,STEM,White,710.0,5.0,Consulting,0
2182,1,False,3.32,Humanities,White,670.0,6.0,Consulting,0
2183,1,False,3.19,Humanities,Black,630.0,5.0,Nonprofit/Gov,0
2184,0,False,3.13,Humanities,Asian,660.0,4.0,Consulting,0
2185,1,False,3.26,Humanities,Hispanic,680.0,5.0,Consulting,0
2186,1,False,3.41,Humanities,Hispanic,730.0,5.0,Investment Banking,0
2187,0,True,3.22,Humanities,Unknown,600.0,5.0,Consulting,0
2188,1,False,3.16,Business,Hispanic,600.0,5.0,Health Care,0
2189,0,False,3.31,STEM,Hispanic,670.0,5.0,Nonprofit/Gov,0
2190,1,False,3.11,Humanities,Black,680.0,4.0,Nonprofit/Gov,0
2191,0,True,2.93,Humanities,Unknown,630.0,5.0,Financial Services,0
2192,1,True,3.28,STEM,Unknown,680.0,6.0,Nonprofit/Gov,0
2193,0,False,3.23,Humanities,White,650.0,6.0,Investment Banking,0
2194,0,False,3.06,Humanities,Black,600.0,6.0,Other,0
2195,0,False,3.21,Business,Asian,700.0,6.0,Consulting,0
2196,0,False,3.38,STEM,White,680.0,7.0,Financial Services,0
2197,1,False,2.84,Business,Asian,590.0,5.0,PE/VC,0
2198,1,True,3.42,Humanities,Unknown,690.0,5.0,Health Care,1
2199,1,False,3.21,Humanities,Asian,620.0,5.0,Consulting,0
2200,1,False,3.29,Humanities,Black,690.0,5.0,Consulting,0
2201,1,False,3.29,Humanities,Other,610.0,4.0,PE/VC,0
2202,1,True,3.18,Humanities,Unknown,640.0,3.0,Consulting,0
2203,1,False,3.17,Business,Asian,700.0,2.0,Financial Services,0
2204,1,False,3.47,Business,Asian,670.0,5.0,Nonprofit/Gov,1
2205,1,False,3.46,Humanities,White,690.0,5.0,Nonprofit/Gov,0
2206,1,False,3.04,Business,Asian,640.0,6.0,Consulting,0
2207,1,False,3.3,STEM,White,720.0,6.0,Nonprofit/Gov,1
2208,1,True,3.27,Business,Unknown,610.0,5.0,Consulting,0
2209,1,False,3.11,STEM,White,570.0,5.0,PE/VC,0
2210,1,False,3.37,Humanities,White,710.0,4.0,CPG,0
2211,1,False,3.0,Humanities,Asian,610.0,4.0,Investment Banking,0
2212,1,True,3.39,STEM,Unknown,670.0,4.0,Technology,0
2213,0,False,3.24,STEM,Black,640.0,5.0,Investment Banking,0
2214,1,False,3.08,Business,White,670.0,8.0,Nonprofit/Gov,0
2215,0,False,3.2,STEM,Black,620.0,5.0,Investment Banking,0
2216,0,False,3.2,Humanities,Hispanic,630.0,6.0,Consulting,0
2217,1,False,3.25,STEM,White,600.0,5.0,Investment Banking,0
2218,0,False,3.31,Humanities,Asian,630.0,4.0,Technology,0
2219,1,False,3.35,Humanities,White,740.0,5.0,Nonprofit/Gov,1
2220,1,False,3.26,Humanities,Asian,610.0,4.0,Technology,0
2221,0,False,3.46,Business,Black,780.0,6.0,Nonprofit/Gov,0
2222,1,False,3.26,STEM,Asian,630.0,7.0,Other,0
2223,1,True,3.37,Business,Unknown,690.0,5.0,Consulting,0
2224,1,True,3.44,STEM,Unknown,670.0,4.0,Financial Services,0
2225,1,False,3.28,Business,Black,610.0,6.0,PE/VC,0
2226,1,False,3.25,STEM,Other,590.0,4.0,CPG,0
2227,0,True,3.22,Business,Unknown,660.0,4.0,Nonprofit/Gov,1
2228,1,False,3.45,Humanities,White,670.0,4.0,Investment Banking,1
2229,1,False,3.61,Business,White,680.0,4.0,PE/VC,1
2230,1,False,3.23,Humanities,Asian,650.0,4.0,Health Care,0
2231,1,False,3.62,Humanities,White,720.0,6.0,Consulting,1
2232,1,True,3.24,Business,Unknown,640.0,3.0,Technology,0
2233,0,False,3.15,STEM,Black,630.0,5.0,Other,0
2234,0,False,3.19,STEM,Asian,590.0,7.0,Other,0
2235,1,False,3.13,Humanities,White,580.0,6.0,Financial Services,0
2236,0,False,3.04,Business,White,630.0,3.0,Retail,0
2237,0,False,3.43,Business,Black,630.0,6.0,PE/VC,0
2238,0,False,3.64,Humanities,Other,780.0,5.0,Consulting,0
2239,0,False,3.28,STEM,Asian,610.0,4.0,Other,0
2240,0,False,3.37,STEM,White,660.0,6.0,Consulting,0
2241,1,False,3.21,Business,White,650.0,6.0,Other,0
2242,1,False,3.39,Business,Hispanic,750.0,4.0,Energy,0
2243,0,False,3.05,Humanities,White,570.0,4.0,Investment Banking,0
2244,0,True,3.58,Business,Unknown,710.0,5.0,Other,0
2245,0,False,3.32,Business,White,650.0,8.0,Consulting,0
2246,1,False,3.42,Humanities,Asian,660.0,6.0,Real Estate,1
2247,1,True,3.31,Humanities,Unknown,670.0,5.0,Other,0
2248,1,False,3.33,STEM,Asian,680.0,5.0,Consulting,0
2249,0,True,3.0,STEM,Unknown,570.0,7.0,Investment Banking,0
2250,1,False,3.29,Business,Hispanic,660.0,5.0,Investment Banking,0
2251,1,False,3.28,Business,Asian,740.0,5.0,Consulting,0
2253,1,False,2.99,Business,White,570.0,6.0,PE/VC,0
2254,1,False,3.35,Business,Asian,780.0,5.0,Financial Services,1
2255,1,False,3.21,Humanities,Black,690.0,5.0,Media/Entertainment,0
2256,0,False,3.18,Humanities,White,620.0,5.0,Technology,0
2257,0,False,3.26,Business,Asian,640.0,5.0,Consulting,0
2258,0,False,3.27,STEM,Asian,640.0,3.0,Consulting,0
2259,0,True,3.0,Business,Unknown,590.0,6.0,Technology,0
2260,0,False,3.4,STEM,White,730.0,5.0,Nonprofit/Gov,0
2261,0,False,3.12,STEM,Asian,570.0,6.0,Consulting,0
2262,1,True,3.14,Business,Unknown,640.0,5.0,Consulting,0
2263,1,False,3.13,STEM,Asian,610.0,4.0,Other,0
2264,0,True,3.3,Humanities,Unknown,700.0,5.0,Other,0
2265,0,False,3.42,Business,White,590.0,5.0,Nonprofit/Gov,0
2266,1,False,3.21,Humanities,Black,660.0,6.0,Energy,0
2267,0,False,3.24,Humanities,White,600.0,4.0,Technology,0
2268,0,False,3.16,STEM,Asian,710.0,6.0,Nonprofit/Gov,0
2269,1,False,3.09,Business,White,600.0,4.0,Technology,0
2270,0,False,3.03,Humanities,White,570.0,5.0,Consulting,0
2271,1,False,3.49,Humanities,Asian,680.0,5.0,Technology,0
2272,1,False,3.27,STEM,Black,630.0,6.0,Consulting,0
2273,1,False,3.22,Business,Asian,610.0,5.0,Investment Banking,0
2274,0,False,3.11,Humanities,Black,620.0,5.0,Technology,0
2275,1,True,3.21,Business,Unknown,660.0,4.0,Nonprofit/Gov,0
2276,0,False,3.39,Humanities,White,630.0,4.0,Investment Banking,0
2278,1,False,3.31,Humanities,Hispanic,600.0,4.0,Nonprofit/Gov,0
2279,1,True,3.58,STEM,Unknown,700.0,5.0,Consulting,1
2280,0,False,3.07,Humanities,Hispanic,590.0,5.0,Other,0
2281,1,True,3.33,STEM,Unknown,690.0,5.0,Financial Services,1
2282,0,False,3.22,Humanities,White,700.0,4.0,Nonprofit/Gov,0
2283,1,False,3.67,STEM,Black,720.0,5.0,Consulting,0
2284,1,False,3.2,STEM,Asian,620.0,6.0,Health Care,0
2285,1,False,3.55,Humanities,Hispanic,710.0,4.0,Technology,0
2286,1,False,3.05,STEM,Black,660.0,4.0,Consulting,0
2287,1,True,3.47,Business,Unknown,620.0,3.0,Other,0
2288,1,False,3.11,Humanities,Hispanic,640.0,4.0,Financial Services,0
2289,0,True,3.37,STEM,Unknown,660.0,5.0,Investment Management,1
2290,1,False,3.36,Humanities,White,720.0,6.0,PE/VC,0
2291,0,False,3.28,Business,White,670.0,7.0,Technology,1
2292,1,True,3.47,STEM,Unknown,670.0,5.0,Nonprofit/Gov,0
2293,0,False,3.23,Humanities,White,670.0,6.0,Other,0
2294,1,False,2.95,Humanities,Black,680.0,4.0,Nonprofit/Gov,0
2295,0,False,3.3,Humanities,Asian,670.0,4.0,Real Estate,0
2296,0,False,3.34,STEM,Black,680.0,6.0,PE/VC,1
2297,1,False,3.32,Business,Asian,660.0,7.0,Investment Banking,1
2298,1,False,3.46,Business,Asian,670.0,6.0,PE/VC,0
2299,1,False,3.19,Humanities,White,640.0,5.0,Other,0
2300,0,False,3.21,STEM,Hispanic,680.0,5.0,Nonprofit/Gov,0
2301,1,False,3.01,STEM,Asian,640.0,4.0,Media/Entertainment,0
2302,1,False,3.24,STEM,White,630.0,5.0,Investment Banking,0
2303,0,False,3.37,Business,Black,640.0,4.0,Other,0
2304,1,False,3.09,Humanities,Asian,610.0,5.0,Financial Services,0
2305,1,True,2.89,STEM,Unknown,610.0,6.0,Financial Services,0
2306,1,False,3.22,STEM,White,620.0,5.0,Consulting,0
2307,0,True,3.21,Business,Unknown,600.0,5.0,Financial Services,0
2308,1,True,3.2,Humanities,Unknown,580.0,5.0,Consulting,0
2309,1,False,3.16,Business,White,660.0,5.0,Consulting,0
2310,1,True,3.15,Business,Unknown,620.0,5.0,Consulting,0
2311,1,False,3.33,Business,Hispanic,700.0,6.0,Consulting,1
2312,1,False,3.01,Humanities,Black,570.0,5.0,Nonprofit/Gov,0
2313,0,False,3.26,Humanities,White,690.0,6.0,PE/VC,0
2315,1,False,3.02,Business,White,610.0,5.0,Consulting,0
2316,1,True,3.17,Humanities,Unknown,620.0,7.0,Consulting,0
2317,0,False,3.3,STEM,Asian,610.0,7.0,Nonprofit/Gov,0
2318,0,False,3.38,Humanities,Other,640.0,4.0,Technology,0
2319,0,False,2.78,Business,Asian,570.0,5.0,Consulting,0
2320,1,True,3.31,Humanities,Unknown,720.0,4.0,Technology,0
2321,0,False,3.19,Humanities,Other,650.0,6.0,Technology,0
2322,1,False,3.15,Humanities,Black,690.0,3.0,Health Care,0
2323,1,True,3.43,Humanities,Unknown,640.0,4.0,PE/VC,0
2324,1,False,3.23,STEM,Hispanic,650.0,3.0,PE/VC,0
2325,1,False,3.3,STEM,Hispanic,730.0,4.0,PE/VC,0
2326,1,False,3.01,Humanities,Hispanic,620.0,6.0,Consulting,0
2327,1,True,3.06,Business,Unknown,570.0,7.0,PE/VC,0
2328,1,False,3.45,Humanities,Black,620.0,5.0,PE/VC,0
2329,1,False,3.35,STEM,Asian,750.0,4.0,Investment Banking,0
2330,1,False,3.35,Humanities,Hispanic,740.0,7.0,Nonprofit/Gov,0
2331,0,False,3.19,STEM,Other,660.0,7.0,Health Care,0
2332,0,True,3.33,Business,Unknown,680.0,5.0,Real Estate,0
2333,1,True,3.37,STEM,Unknown,730.0,5.0,Technology,0
2334,1,False,3.36,Business,Black,690.0,6.0,CPG,1
2335,1,False,3.24,Humanities,Black,630.0,4.0,Media/Entertainment,0
2336,0,False,3.46,STEM,Hispanic,680.0,3.0,CPG,0
2337,0,False,3.1,STEM,Black,570.0,5.0,Nonprofit/Gov,0
2338,1,False,3.35,STEM,Asian,640.0,5.0,Technology,0
2339,1,True,3.26,STEM,Unknown,640.0,6.0,Consulting,0
2340,0,True,3.36,Humanities,Unknown,640.0,5.0,Technology,0
2341,0,False,3.24,Business,White,620.0,6.0,Investment Banking,0
2342,1,False,3.13,Humanities,White,670.0,7.0,Consulting,0
2343,1,True,3.22,Humanities,Unknown,640.0,4.0,Consulting,0
2344,1,True,3.05,Humanities,Unknown,660.0,6.0,Health Care,0
2345,1,False,3.45,Humanities,White,690.0,5.0,Other,1
2346,1,True,2.72,STEM,Unknown,570.0,6.0,Investment Banking,0
2347,1,False,3.51,Business,White,650.0,6.0,Consulting,0
2348,0,False,3.16,Humanities,Black,650.0,5.0,Technology,0
2349,0,False,3.36,Humanities,Black,670.0,4.0,Investment Management,1
2350,1,False,3.42,Business,White,610.0,6.0,Consulting,0
2351,0,False,3.37,Humanities,Asian,660.0,5.0,Consulting,0
2352,0,True,2.92,Business,Unknown,620.0,3.0,Investment Banking,0
2353,0,True,3.16,Humanities,Unknown,590.0,5.0,Consulting,0
2354,0,False,3.26,Humanities,Asian,670.0,6.0,Other,1
2355,1,True,3.0,Humanities,Unknown,570.0,3.0,Investment Management,0
2356,1,False,3.53,Business,White,670.0,6.0,Investment Management,1
2357,0,False,2.97,Humanities,White,610.0,4.0,PE/VC,0
2358,1,True,3.21,Business,Unknown,620.0,4.0,Investment Management,0
2359,0,False,3.21,STEM,White,610.0,5.0,Consulting,0
2360,1,True,3.4,STEM,Unknown,770.0,3.0,PE/VC,1
2361,0,False,3.44,Business,White,780.0,6.0,Consulting,0
2362,0,False,3.38,Humanities,Black,730.0,5.0,Investment Banking,0
2363,0,False,3.16,STEM,Asian,600.0,4.0,Consulting,0
2364,1,False,2.99,STEM,Asian,590.0,4.0,Investment Banking,0
2365,1,True,3.29,STEM,Unknown,670.0,4.0,CPG,0
2366,1,False,3.07,Humanities,Black,670.0,4.0,PE/VC,0
2367,1,True,3.15,Humanities,Unknown,660.0,4.0,Technology,0
2368,0,False,3.43,Business,Asian,720.0,6.0,Consulting,1
2369,0,False,3.32,Business,Hispanic,670.0,6.0,Investment Banking,0
2370,1,False,3.3,Humanities,White,630.0,5.0,Consulting,0
2371,1,False,3.16,STEM,White,640.0,4.0,Investment Banking,0
2372,1,True,3.31,STEM,Unknown,570.0,5.0,Financial Services,0
2373,1,False,3.28,Humanities,Asian,670.0,5.0,PE/VC,0
2374,1,False,3.13,Business,White,650.0,6.0,PE/VC,0
2375,0,True,3.32,Humanities,Unknown,640.0,6.0,Consulting,0
2376,1,False,3.3,Humanities,Hispanic,630.0,6.0,PE/VC,0
2377,1,False,3.13,Humanities,Black,690.0,5.0,Nonprofit/Gov,0
2378,1,False,3.33,Business,White,690.0,5.0,Investment Banking,1
2379,0,True,3.38,Humanities,Unknown,720.0,6.0,Nonprofit/Gov,0
2380,0,False,3.26,Business,White,730.0,4.0,Technology,0
2381,0,False,3.49,Business,Black,680.0,4.0,Technology,0
2382,1,True,3.5,STEM,Unknown,750.0,3.0,Financial Services,0
2383,1,True,3.17,Humanities,Unknown,640.0,5.0,PE/VC,0
2384,1,True,3.13,Humanities,Unknown,580.0,4.0,Nonprofit/Gov,0
2385,1,False,3.14,Humanities,Hispanic,660.0,4.0,Consulting,0
2386,0,False,3.48,Humanities,Black,690.0,7.0,Consulting,1
2387,1,False,3.15,Business,White,590.0,3.0,Other,0
2388,0,False,3.28,Humanities,Hispanic,600.0,5.0,Consulting,0
2389,0,True,3.25,Humanities,Unknown,660.0,6.0,PE/VC,0
2390,0,False,3.57,Humanities,Black,690.0,6.0,Consulting,0
2391,0,False,3.51,Humanities,Black,630.0,6.0,Other,0
2392,0,False,3.36,Business,Black,700.0,7.0,Health Care,0
2393,1,False,3.32,STEM,Hispanic,690.0,6.0,Nonprofit/Gov,1
2394,1,False,3.08,STEM,White,570.0,6.0,Investment Management,0
2395,1,True,3.24,Business,Unknown,580.0,4.0,PE/VC,0
2396,1,False,3.21,Business,Asian,660.0,4.0,Nonprofit/Gov,0
2397,1,False,3.06,Business,Asian,590.0,4.0,Consulting,0
2398,0,False,3.35,Humanities,Black,730.0,5.0,Investment Banking,1
2399,0,False,3.21,Humanities,Hispanic,660.0,4.0,Other,0
2400,1,False,3.39,Humanities,Black,660.0,5.0,Technology,0
2401,1,False,3.03,Humanities,Black,660.0,5.0,Consulting,0
2402,1,False,3.2,Business,Hispanic,620.0,5.0,PE/VC,0
2403,0,True,3.2,Business,Unknown,650.0,5.0,PE/VC,0
2404,0,False,3.07,Humanities,Asian,580.0,6.0,Financial Services,0
2405,1,True,3.29,Business,Unknown,660.0,4.0,Nonprofit/Gov,0
2406,1,True,3.32,Business,Unknown,650.0,5.0,CPG,0
2407,1,False,3.11,STEM,White,610.0,3.0,Investment Banking,0
2408,1,True,3.21,Business,Unknown,650.0,5.0,Consulting,0
2409,0,True,3.16,Humanities,Unknown,620.0,4.0,Consulting,0
2410,0,True,3.45,Humanities,Unknown,690.0,5.0,PE/VC,1
2411,1,False,3.43,Business,Black,570.0,5.0,Consulting,0
2412,0,True,3.13,Humanities,Unknown,650.0,5.0,Investment Banking,0
2413,1,True,3.12,STEM,Unknown,590.0,6.0,PE/VC,0
2414,1,False,3.28,Humanities,White,690.0,5.0,Investment Banking,0
2415,0,False,3.29,Humanities,Hispanic,640.0,4.0,Consulting,0
2416,0,False,3.43,Humanities,Asian,680.0,5.0,Financial Services,0
2417,1,False,3.24,STEM,Hispanic,720.0,3.0,PE/VC,0
2418,1,False,3.16,STEM,Other,620.0,5.0,Nonprofit/Gov,0
2419,1,False,3.16,Business,Black,570.0,6.0,PE/VC,0
2420,1,False,3.05,Humanities,Black,610.0,6.0,Investment Banking,0
2421,1,False,3.39,Humanities,Black,700.0,5.0,Financial Services,1
2422,0,False,3.39,STEM,Asian,680.0,5.0,Consulting,0
2423,1,False,3.25,STEM,White,630.0,5.0,Technology,0
2424,0,False,3.21,Humanities,Hispanic,600.0,6.0,PE/VC,0
2425,0,True,2.92,Humanities,Unknown,580.0,5.0,Consulting,0
2426,1,False,3.2,STEM,Other,620.0,4.0,Health Care,0
2427,1,False,3.28,Business,White,640.0,5.0,PE/VC,0
2428,0,True,3.15,Business,Unknown,630.0,7.0,Consulting,0
2429,0,True,3.37,STEM,Unknown,610.0,6.0,Technology,0
2430,1,True,3.1,Humanities,Unknown,630.0,6.0,Investment Banking,0
2431,0,False,3.28,Humanities,Other,710.0,4.0,PE/VC,0
2432,0,False,3.01,Humanities,White,710.0,5.0,Consulting,0
2433,1,True,3.07,Humanities,Unknown,690.0,5.0,Investment Banking,0
2434,1,False,3.4,Business,White,780.0,4.0,Health Care,0
2435,1,False,3.4,Humanities,Asian,570.0,6.0,Other,0
2436,1,False,3.43,Humanities,Hispanic,690.0,6.0,Investment Banking,0
2437,1,False,3.37,Business,White,670.0,6.0,Consulting,0
2438,1,False,3.18,Business,Asian,620.0,7.0,Health Care,0
2439,0,False,3.28,Humanities,Asian,610.0,4.0,Consulting,0
2440,1,True,3.1,STEM,Unknown,590.0,7.0,PE/VC,0
2441,1,True,3.26,Business,Unknown,700.0,5.0,Nonprofit/Gov,0
2442,0,False,3.4,Humanities,White,690.0,5.0,Financial Services,0
2444,1,False,3.14,Humanities,Hispanic,600.0,3.0,Financial Services,0
2445,0,True,3.19,STEM,Unknown,650.0,3.0,Consulting,0
2446,1,True,3.26,Business,Unknown,700.0,3.0,Nonprofit/Gov,0
2447,0,False,3.5,Business,Asian,700.0,6.0,Financial Services,0
2448,0,False,3.17,Business,Asian,620.0,4.0,Nonprofit/Gov,0
2449,1,False,3.17,Business,White,630.0,5.0,Nonprofit/Gov,0
2450,1,False,3.12,Humanities,Asian,630.0,4.0,Technology,0
2451,1,False,3.27,Business,White,620.0,5.0,Investment Banking,0
2452,0,False,3.23,Humanities,Black,620.0,5.0,Technology,0
2453,0,False,3.18,Humanities,White,650.0,5.0,PE/VC,0
2454,1,True,3.14,Humanities,Unknown,570.0,6.0,Consulting,0
2455,0,False,3.24,Business,White,570.0,5.0,Health Care,0
2456,1,False,3.17,STEM,Hispanic,580.0,5.0,Media/Entertainment,0
2457,0,False,3.13,STEM,White,640.0,5.0,PE/VC,0
2458,1,False,3.07,Business,White,590.0,3.0,Other,0
2459,1,True,3.16,STEM,Unknown,650.0,5.0,PE/VC,0
2460,1,False,3.27,Humanities,Black,640.0,6.0,Other,0
2461,1,False,3.49,Humanities,White,660.0,5.0,PE/VC,1
2462,1,False,3.44,Humanities,Other,700.0,7.0,Investment Banking,0
2463,1,False,3.12,Business,Hispanic,680.0,5.0,Investment Banking,0
2464,1,False,3.15,Humanities,White,660.0,5.0,Investment Banking,0
2465,0,False,2.98,Humanities,Asian,600.0,5.0,PE/VC,0
2466,1,True,3.02,Humanities,Unknown,610.0,5.0,Nonprofit/Gov,0
2467,1,False,3.35,STEM,White,730.0,5.0,Consulting,1
2468,1,False,3.25,Humanities,Asian,670.0,4.0,Nonprofit/Gov,0
2469,0,True,3.33,STEM,Unknown,680.0,4.0,Technology,0
2470,0,False,3.05,Business,Black,660.0,5.0,Consulting,0
2471,1,False,2.93,Business,White,570.0,6.0,Other,0
2472,1,False,3.34,Business,Black,730.0,5.0,Health Care,0
2473,1,False,3.24,Business,Black,650.0,4.0,PE/VC,0
2474,0,False,3.26,Humanities,Hispanic,580.0,5.0,PE/VC,0
2475,0,True,3.55,Business,Unknown,720.0,4.0,Nonprofit/Gov,0
2476,1,True,3.38,Humanities,Unknown,680.0,6.0,Investment Banking,0
2477,0,True,3.27,Business,Unknown,710.0,7.0,Consulting,0
2478,1,False,3.02,STEM,Asian,620.0,6.0,PE/VC,0
2479,0,False,3.46,STEM,Black,580.0,5.0,PE/VC,0
2480,0,False,3.01,Humanities,Black,570.0,5.0,Financial Services,0
2481,0,True,2.97,Humanities,Unknown,660.0,4.0,Consulting,0
2483,1,True,2.99,Humanities,Unknown,580.0,5.0,Health Care,0
2484,1,True,3.28,STEM,Unknown,640.0,3.0,Investment Banking,0
2485,0,True,2.98,Humanities,Unknown,630.0,5.0,PE/VC,0
2486,1,True,3.53,Humanities,Unknown,660.0,5.0,Investment Banking,0
2487,1,False,3.05,STEM,White,610.0,6.0,Other,0
2488,1,False,3.09,STEM,Black,660.0,4.0,Health Care,0
2489,0,False,3.12,STEM,White,670.0,7.0,Consulting,0
2490,0,False,3.22,Humanities,White,680.0,6.0,Consulting,1
2491,1,False,3.12,Humanities,Asian,740.0,3.0,Health Care,0
2492,0,False,3.19,Business,Asian,590.0,2.0,Nonprofit/Gov,0
2493,1,False,3.14,Humanities,White,640.0,4.0,Consulting,0
2494,0,True,3.43,STEM,Unknown,660.0,7.0,Nonprofit/Gov,0
2495,0,True,3.29,Humanities,Unknown,610.0,5.0,Consulting,0
2496,1,True,3.39,Business,Unknown,720.0,4.0,Investment Banking,0
2497,0,False,3.15,Business,Black,650.0,5.0,PE/VC,0
2498,0,False,3.51,Humanities,Asian,680.0,2.0,Technology,0
2499,1,True,3.3,Humanities,Unknown,600.0,5.0,Technology,0
2500,1,True,3.27,STEM,Unknown,620.0,6.0,Investment Banking,0
2501,1,True,3.18,STEM,Unknown,570.0,5.0,Nonprofit/Gov,0
2502,0,False,3.04,Humanities,White,610.0,5.0,Health Care,0
2503,0,False,3.2,Business,Hispanic,620.0,4.0,Nonprofit/Gov,0
2504,1,False,3.11,Humanities,Other,600.0,3.0,Consulting,0
2505,0,False,3.2,STEM,White,660.0,7.0,Technology,0
2506,1,True,3.29,Humanities,Unknown,710.0,6.0,PE/VC,1
2507,0,False,3.5,Business,Hispanic,740.0,5.0,Other,0
2508,1,True,3.58,Humanities,Unknown,780.0,4.0,Investment Banking,0
2509,1,True,3.6,Humanities,Unknown,760.0,4.0,PE/VC,0
2510,0,False,3.27,Humanities,Black,660.0,5.0,Investment Management,0
2511,1,True,3.13,STEM,Unknown,570.0,5.0,Consulting,0
2512,0,False,3.05,Humanities,Asian,590.0,5.0,Investment Management,0
2513,1,False,3.36,Business,Black,630.0,5.0,PE/VC,0
2514,0,False,3.06,Humanities,Asian,590.0,5.0,Investment Banking,0
2515,1,False,3.06,STEM,Other,600.0,4.0,Investment Banking,0
2516,0,False,3.45,Humanities,White,720.0,5.0,PE/VC,0
2517,1,False,2.95,Business,Hispanic,570.0,5.0,Technology,0
2518,0,False,3.24,Humanities,Hispanic,640.0,3.0,Consulting,0
2519,0,False,3.23,STEM,Hispanic,660.0,4.0,Financial Services,1
2520,1,False,3.51,Humanities,Other,680.0,5.0,Consulting,0
2521,1,True,3.49,STEM,Unknown,650.0,5.0,Investment Banking,0
2523,1,False,3.07,STEM,White,580.0,4.0,Investment Banking,0
2524,1,False,3.44,Humanities,White,670.0,6.0,Technology,0
2525,1,True,3.25,Humanities,Unknown,570.0,5.0,Investment Banking,0
2526,0,False,3.18,STEM,White,700.0,5.0,Nonprofit/Gov,0
2527,0,False,3.38,Humanities,White,660.0,6.0,PE/VC,0
2528,1,True,3.19,STEM,Unknown,670.0,4.0,Investment Banking,0
2529,0,False,3.26,STEM,White,570.0,5.0,PE/VC,0
2530,1,False,3.13,STEM,Black,630.0,7.0,Consulting,0
2531,1,True,3.21,STEM,Unknown,630.0,6.0,Other,0
2532,1,False,3.13,Humanities,White,570.0,5.0,PE/VC,0
2533,1,False,3.36,Humanities,Hispanic,740.0,6.0,Consulting,1
2534,1,True,3.24,Humanities,Unknown,630.0,5.0,Consulting,0
2535,1,False,3.44,Humanities,White,630.0,6.0,PE/VC,0
2536,0,False,3.3,STEM,Hispanic,650.0,4.0,Financial Services,0
2537,1,False,3.23,Business,Asian,610.0,6.0,Technology,0
2538,1,False,3.25,Humanities,Asian,660.0,4.0,Financial Services,0
2539,1,True,3.19,Humanities,Unknown,620.0,4.0,Consulting,0
2540,1,True,3.28,STEM,Unknown,570.0,7.0,Investment Banking,0
2541,1,True,3.13,STEM,Unknown,610.0,7.0,Investment Banking,0
2542,1,False,2.92,Business,Hispanic,600.0,7.0,CPG,0
2543,1,False,3.29,STEM,Black,700.0,6.0,PE/VC,1
2544,1,False,3.4,STEM,Hispanic,610.0,4.0,Nonprofit/Gov,0
2545,1,False,3.25,STEM,Asian,690.0,6.0,Nonprofit/Gov,0
2546,1,False,3.46,Humanities,Asian,720.0,4.0,Nonprofit/Gov,1
2547,1,False,3.09,Humanities,Asian,570.0,5.0,Consulting,0
2548,1,True,3.23,Humanities,Unknown,640.0,6.0,Technology,0
2549,0,True,3.17,Business,Unknown,670.0,5.0,Technology,0
2550,0,False,3.37,Humanities,White,690.0,4.0,PE/VC,0
2551,1,False,3.23,STEM,White,610.0,3.0,Real Estate,0
2552,0,False,2.98,Humanities,White,590.0,5.0,Investment Banking,0
2553,1,False,3.04,Humanities,Black,570.0,4.0,Consulting,0
2554,1,False,2.91,Humanities,Other,570.0,5.0,Real Estate,0
2555,0,False,3.07,Humanities,Black,640.0,5.0,Financial Services,0
2556,0,True,3.15,STEM,Unknown,600.0,5.0,PE/VC,0
2557,0,False,3.34,Business,Black,680.0,6.0,Consulting,0
2558,0,False,3.16,STEM,Asian,580.0,4.0,Technology,0
2559,1,True,3.08,Business,Unknown,570.0,4.0,PE/VC,0
2560,1,True,3.25,Business,Unknown,570.0,6.0,Nonprofit/Gov,0
2561,0,True,3.21,Business,Unknown,630.0,3.0,PE/VC,0
2562,1,True,3.46,STEM,Unknown,640.0,5.0,Health Care,0
2563,1,False,3.13,Business,Asian,630.0,5.0,PE/VC,0
2564,1,False,3.36,Business,Asian,630.0,4.0,Consulting,0
2565,1,True,3.53,Humanities,Unknown,690.0,6.0,PE/VC,0
2566,0,False,3.3,Humanities,White,660.0,4.0,Other,1
2567,1,False,3.2,STEM,Asian,640.0,6.0,CPG,0
2568,1,True,3.08,Humanities,Unknown,570.0,5.0,Other,0
2569,1,False,2.87,Humanities,Hispanic,590.0,6.0,Consulting,0
2570,1,False,3.14,Business,Hispanic,700.0,4.0,Health Care,0
2571,1,False,3.42,Humanities,Asian,660.0,7.0,PE/VC,0
2572,1,False,3.33,STEM,White,630.0,5.0,Nonprofit/Gov,0
2573,1,False,3.23,Humanities,Hispanic,730.0,6.0,Real Estate,0
2574,0,False,3.37,Humanities,Hispanic,690.0,6.0,Consulting,0
2575,0,True,3.36,Humanities,Unknown,710.0,6.0,Energy,0
2576,1,False,3.21,Business,Asian,750.0,6.0,Nonprofit/Gov,0
2577,0,True,3.21,STEM,Unknown,580.0,3.0,Health Care,0
2578,1,False,3.22,Business,White,660.0,6.0,Health Care,0
2579,1,True,3.39,Humanities,Unknown,630.0,6.0,Health Care,0
2580,1,False,3.14,STEM,Asian,660.0,6.0,Technology,0
2581,1,True,3.31,STEM,Unknown,700.0,5.0,PE/VC,0
2582,0,False,3.09,Business,White,600.0,4.0,Technology,0
2583,1,False,3.5,Humanities,Asian,690.0,6.0,PE/VC,0
2584,1,False,3.63,Business,White,720.0,5.0,Technology,1
2585,1,True,3.25,STEM,Unknown,680.0,4.0,Consulting,0
2586,1,False,2.88,Business,Black,570.0,6.0,Technology,0
2587,0,False,3.41,Humanities,Hispanic,640.0,5.0,Nonprofit/Gov,0
2588,0,False,3.36,Humanities,Hispanic,670.0,7.0,PE/VC,0
2589,1,False,3.42,STEM,Asian,780.0,5.0,Investment Banking,1
2590,1,False,3.5,Humanities,White,740.0,6.0,Financial Services,0
2591,1,False,3.56,STEM,Black,670.0,6.0,Technology,1
2592,0,False,3.35,Humanities,White,680.0,4.0,CPG,1
2593,1,False,3.2,Humanities,White,590.0,7.0,Consulting,0
2594,1,False,3.4,STEM,Asian,660.0,7.0,Consulting,0
2595,1,True,3.4,Business,Unknown,700.0,4.0,Other,1
2596,0,False,3.33,STEM,Asian,720.0,6.0,Other,0
2597,1,True,3.44,Business,Unknown,730.0,4.0,Health Care,0
2598,1,True,3.21,STEM,Unknown,620.0,5.0,Technology,0
2599,0,False,3.14,STEM,White,620.0,8.0,Technology,0
2600,1,True,3.41,Business,Unknown,650.0,4.0,PE/VC,0
2601,0,False,3.36,Humanities,Asian,650.0,5.0,PE/VC,0
2602,1,False,3.51,STEM,White,710.0,6.0,PE/VC,0
2603,0,False,3.22,STEM,White,610.0,5.0,Investment Banking,0
2604,1,True,3.01,STEM,Unknown,570.0,5.0,Nonprofit/Gov,0
2605,0,False,3.24,Business,White,640.0,4.0,Nonprofit/Gov,0
2606,1,False,3.14,STEM,Black,590.0,6.0,Nonprofit/Gov,0
2607,1,True,3.2,Humanities,Unknown,650.0,7.0,Nonprofit/Gov,0
2608,0,False,2.91,STEM,Asian,570.0,6.0,Investment Management,0
2609,0,False,3.28,Business,Asian,720.0,6.0,Consulting,1
2610,1,True,2.98,Humanities,Unknown,600.0,6.0,Financial Services,0
2611,0,True,3.28,STEM,Unknown,660.0,6.0,PE/VC,0
2612,0,False,3.22,Business,Black,660.0,4.0,Investment Banking,1
2613,1,True,3.32,Humanities,Unknown,680.0,4.0,Consulting,0
2614,1,True,3.02,Business,Unknown,640.0,5.0,Health Care,0
2615,1,False,3.23,Humanities,White,590.0,4.0,Financial Services,0
2616,1,False,3.15,Humanities,Asian,600.0,5.0,Consulting,0
2617,1,False,3.08,Business,Hispanic,610.0,5.0,Consulting,0
2618,1,False,3.34,Humanities,White,660.0,4.0,Consulting,0
2619,1,False,3.49,Business,White,720.0,5.0,Consulting,1
2620,1,True,3.28,Humanities,Unknown,620.0,5.0,Technology,0
2621,0,False,3.17,STEM,Other,630.0,6.0,Investment Banking,0
2622,0,False,3.53,Humanities,Asian,740.0,5.0,Consulting,1
2623,1,False,3.18,Humanities,White,620.0,7.0,Nonprofit/Gov,0
2624,1,False,3.5,STEM,Black,730.0,6.0,Consulting,0
2625,0,False,3.12,STEM,Hispanic,650.0,5.0,Technology,0
2626,1,False,3.18,Business,Asian,660.0,5.0,Consulting,0
2627,0,False,3.12,STEM,Asian,570.0,4.0,PE/VC,0
2628,1,False,3.07,STEM,Asian,570.0,6.0,Real Estate,0
2629,1,True,3.31,STEM,Unknown,610.0,5.0,Financial Services,0
2630,1,False,3.17,STEM,White,620.0,4.0,Nonprofit/Gov,0
2631,0,True,3.2,Business,Unknown,620.0,5.0,Consulting,0
2632,0,True,3.32,Humanities,Unknown,630.0,3.0,PE/VC,0
2633,0,False,3.4,Humanities,Asian,650.0,6.0,CPG,0
2634,1,False,3.33,Business,Black,630.0,6.0,PE/VC,0
2635,1,True,3.11,Business,Unknown,630.0,5.0,Investment Management,0
2636,1,False,3.43,Humanities,Other,710.0,5.0,Technology,1
2637,0,True,3.21,Humanities,Unknown,690.0,6.0,Investment Banking,0
2638,1,False,3.09,Humanities,Asian,620.0,6.0,Health Care,0
2639,0,False,3.0,Business,Asian,680.0,4.0,Health Care,0
2640,0,False,3.08,Humanities,Asian,610.0,7.0,Nonprofit/Gov,0
2641,0,True,3.32,Business,Unknown,730.0,5.0,PE/VC,0
2642,0,False,3.35,STEM,Asian,700.0,4.0,Consulting,0
2643,1,False,3.41,Business,Asian,660.0,4.0,Technology,0
2644,1,False,3.25,STEM,Asian,640.0,5.0,PE/VC,0
2645,0,True,3.19,Business,Unknown,630.0,5.0,Other,0
2647,1,True,3.1,Humanities,Unknown,600.0,6.0,PE/VC,0
2648,1,False,3.43,STEM,Hispanic,660.0,5.0,PE/VC,1
2649,1,False,3.02,Humanities,Asian,630.0,5.0,Investment Banking,0
2650,1,False,3.39,Humanities,Black,680.0,5.0,Investment Banking,0
2651,0,False,3.32,Business,White,580.0,5.0,Technology,0
2652,0,True,3.09,Business,Unknown,700.0,6.0,Health Care,0
2653,1,False,3.3,Business,Other,660.0,4.0,Investment Banking,1
2654,1,False,3.27,STEM,White,670.0,5.0,Investment Management,1
2655,1,True,3.2,Business,Unknown,700.0,7.0,Technology,0
2656,1,False,3.13,Humanities,Asian,600.0,3.0,Investment Banking,0
2657,1,False,3.49,Humanities,Hispanic,690.0,6.0,Financial Services,1
2658,1,False,3.29,Business,Asian,690.0,5.0,Health Care,1
2659,1,False,2.9,STEM,White,680.0,4.0,Technology,0
2660,0,True,2.94,Humanities,Unknown,590.0,5.0,Technology,0
2661,1,True,3.55,Business,Unknown,750.0,5.0,Consulting,1
2663,1,False,3.42,Business,Hispanic,630.0,5.0,PE/VC,0
2664,1,False,3.26,Business,Black,660.0,5.0,PE/VC,0
2665,1,False,3.07,STEM,White,600.0,5.0,Consulting,0
2666,1,True,3.24,Business,Unknown,590.0,5.0,Nonprofit/Gov,0
2667,1,False,3.15,Humanities,Asian,590.0,6.0,Consulting,0
2668,0,True,3.15,Humanities,Unknown,650.0,8.0,Financial Services,0
2669,1,True,2.97,STEM,Unknown,570.0,5.0,Technology,0
2670,0,False,3.09,Humanities,Black,600.0,5.0,Consulting,0
2671,1,True,3.33,Business,Unknown,610.0,6.0,Consulting,0
2672,1,False,3.31,STEM,Asian,670.0,4.0,Consulting,1
2673,1,False,3.14,Business,Hispanic,630.0,6.0,Nonprofit/Gov,0
2674,0,False,3.26,STEM,Asian,700.0,4.0,Technology,0
2675,0,False,3.1,Humanities,Black,570.0,6.0,Health Care,0
2676,1,True,3.15,Business,Unknown,640.0,4.0,Consulting,0
2678,1,True,3.38,STEM,Unknown,720.0,4.0,Investment Banking,1
2679,0,False,3.12,STEM,Asian,700.0,6.0,Consulting,0
2680,1,False,3.19,STEM,Black,620.0,4.0,Other,0
2681,1,True,3.18,Humanities,Unknown,650.0,6.0,Investment Banking,0
2682,0,False,3.31,Humanities,Asian,660.0,5.0,Investment Banking,1
2683,1,False,3.34,Humanities,Hispanic,650.0,5.0,CPG,0
2684,0,False,3.44,Humanities,Asian,690.0,6.0,Technology,1
2685,1,False,3.33,STEM,White,630.0,6.0,Consulting,0
2686,0,True,3.39,STEM,Unknown,710.0,5.0,Investment Banking,1
2687,1,False,3.2,Business,Black,590.0,4.0,Media/Entertainment,0
2688,0,True,3.31,STEM,Unknown,670.0,4.0,Consulting,0
2689,1,False,3.36,Humanities,Other,760.0,6.0,Consulting,0
2690,0,False,3.37,STEM,Black,680.0,5.0,Consulting,1
2691,1,True,3.29,Humanities,Unknown,620.0,4.0,Consulting,0
2692,0,False,3.23,Business,White,600.0,5.0,Technology,0
2693,1,False,3.29,Humanities,White,670.0,5.0,Consulting,1
2694,1,False,3.37,STEM,Asian,680.0,5.0,Nonprofit/Gov,1
2695,1,False,3.46,STEM,Black,660.0,5.0,PE/VC,0
2696,1,True,3.16,Business,Unknown,640.0,5.0,Retail,0
2697,1,False,3.52,Humanities,Hispanic,740.0,5.0,Health Care,0
2698,0,True,3.31,Business,Unknown,650.0,5.0,Financial Services,0
2699,1,False,3.36,STEM,White,700.0,5.0,Consulting,0
2701,1,False,3.28,STEM,White,700.0,4.0,Other,0
2702,1,False,3.23,STEM,Asian,710.0,4.0,PE/VC,0
2703,0,False,3.08,Business,White,590.0,6.0,Other,0
2704,0,True,3.03,Humanities,Unknown,630.0,6.0,Other,0
2705,1,False,3.21,Humanities,White,690.0,4.0,PE/VC,0
2706,1,False,3.34,STEM,White,630.0,7.0,Investment Banking,0
2707,0,False,3.04,Humanities,Asian,610.0,5.0,PE/VC,0
2708,1,False,3.38,Business,White,690.0,4.0,Nonprofit/Gov,1
2709,0,True,3.36,Humanities,Unknown,670.0,4.0,Consulting,0
2710,0,False,3.55,Business,Hispanic,660.0,6.0,Health Care,0
2711,0,True,3.09,Business,Unknown,570.0,4.0,Consulting,0
2712,0,False,3.29,STEM,Black,700.0,6.0,Consulting,0
2713,0,False,3.38,STEM,Black,610.0,8.0,Consulting,0
2714,1,True,3.17,Business,Unknown,660.0,5.0,Consulting,0
2715,1,False,3.21,Business,White,670.0,5.0,Other,1
2716,1,False,3.16,Business,White,640.0,5.0,Consulting,0
2717,0,False,3.04,Business,Black,620.0,6.0,Nonprofit/Gov,0
2718,1,False,3.1,STEM,Asian,690.0,3.0,Investment Banking,0
2719,1,True,3.32,Humanities,Unknown,680.0,5.0,Nonprofit/Gov,0
2720,1,False,3.39,STEM,Other,690.0,6.0,Consulting,0
2721,1,True,3.12,Business,Unknown,630.0,4.0,Financial Services,0
2722,0,False,3.39,Humanities,White,680.0,5.0,Technology,0
2723,1,False,3.28,STEM,Other,690.0,6.0,Other,0
2724,0,True,3.18,Humanities,Unknown,660.0,5.0,Consulting,0
2725,0,False,3.42,Business,Asian,670.0,3.0,Technology,1
2726,0,False,3.16,Humanities,White,590.0,5.0,PE/VC,0
2727,1,True,3.29,Humanities,Unknown,580.0,6.0,Technology,0
2728,1,False,3.37,Humanities,Asian,640.0,4.0,Consulting,0
2729,1,False,3.31,STEM,Black,660.0,5.0,Health Care,0
2730,0,False,3.36,Business,Black,680.0,4.0,Nonprofit/Gov,1
2731,1,False,3.13,STEM,Other,620.0,4.0,Investment Banking,0
2732,1,False,3.21,STEM,Asian,680.0,6.0,Consulting,0
2733,0,False,3.03,Business,White,660.0,5.0,Investment Banking,0
2734,0,False,3.1,Business,Black,630.0,4.0,Investment Banking,0
2735,1,False,3.26,Business,White,680.0,4.0,PE/VC,0
2736,1,True,2.86,Business,Unknown,570.0,4.0,Consulting,0
2737,0,False,3.35,Humanities,White,670.0,6.0,Investment Banking,0
2738,1,False,3.12,Humanities,Black,630.0,4.0,Consulting,0
2739,1,True,3.09,STEM,Unknown,600.0,4.0,Investment Banking,0
2740,0,False,3.1,STEM,Asian,650.0,5.0,Consulting,0
2741,0,False,3.25,STEM,Black,670.0,5.0,Technology,1
2742,1,False,3.38,Business,White,700.0,5.0,Consulting,1
2744,1,True,3.24,Business,Unknown,680.0,4.0,Nonprofit/Gov,0
2745,1,True,3.15,Business,Unknown,610.0,5.0,Consulting,0
2746,1,False,3.53,Business,Black,690.0,5.0,Consulting,1
2747,0,False,3.11,Humanities,Hispanic,660.0,4.0,Other,0
2748,1,False,3.43,Humanities,White,680.0,4.0,Consulting,0
2749,0,False,3.14,Humanities,White,630.0,6.0,Investment Management,0
2750,1,True,3.21,Humanities,Unknown,620.0,5.0,Consulting,0
2751,1,False,3.03,STEM,Asian,570.0,5.0,Consulting,0
2752,1,False,3.07,STEM,White,630.0,6.0,Other,0
2753,1,False,3.23,Humanities,White,620.0,5.0,Health Care,0
2754,0,False,3.03,STEM,White,620.0,4.0,Investment Banking,0
2755,0,False,3.19,Humanities,Hispanic,590.0,5.0,Other,0
2756,1,False,3.14,Business,Black,600.0,4.0,Nonprofit/Gov,0
2757,0,False,2.9,STEM,White,570.0,5.0,PE/VC,0
2758,1,False,3.35,Humanities,Black,630.0,5.0,Financial Services,0
2759,1,False,3.15,Humanities,Hispanic,660.0,3.0,Investment Management,0
2760,1,False,3.36,STEM,Black,620.0,5.0,Consulting,0
2761,1,True,3.24,STEM,Unknown,690.0,5.0,Technology,0
2762,0,True,3.18,Humanities,Unknown,620.0,5.0,Consulting,0
2763,0,False,3.28,Humanities,Asian,630.0,4.0,Nonprofit/Gov,0
2764,1,False,3.26,Business,Asian,680.0,6.0,Technology,1
2765,1,True,3.02,STEM,Unknown,570.0,3.0,PE/VC,0
2766,0,False,3.07,STEM,Black,600.0,4.0,Technology,0
2767,0,False,3.33,Humanities,White,660.0,5.0,Consulting,1
2768,1,False,3.58,Humanities,Black,690.0,6.0,Other,0
2769,1,False,3.08,Humanities,Asian,580.0,4.0,Consulting,0
2770,1,False,3.04,STEM,Black,580.0,5.0,Consulting,0
2771,1,False,3.47,Business,White,680.0,6.0,PE/VC,0
2772,1,True,3.31,Business,Unknown,750.0,6.0,Consulting,1
2773,0,False,3.22,Business,White,690.0,6.0,Technology,0
2774,1,False,3.71,Business,Asian,780.0,4.0,Health Care,0
2775,1,True,3.4,STEM,Unknown,680.0,6.0,PE/VC,1
2776,1,True,3.39,Humanities,Unknown,730.0,5.0,Consulting,1
2777,1,False,3.12,STEM,White,610.0,5.0,Consulting,0
2778,1,True,3.13,Humanities,Unknown,570.0,5.0,Consulting,0
2779,0,False,3.41,Humanities,White,650.0,4.0,Nonprofit/Gov,0
2780,1,True,3.35,STEM,Unknown,720.0,4.0,Technology,0
2782,1,False,3.12,STEM,White,650.0,5.0,Nonprofit/Gov,0
2783,0,True,3.56,Business,Unknown,630.0,5.0,PE/VC,0
2784,0,False,3.15,STEM,White,600.0,5.0,Investment Banking,0
2785,1,True,3.12,STEM,Unknown,620.0,5.0,PE/VC,0
2786,1,False,3.21,STEM,Asian,690.0,6.0,PE/VC,1
2787,1,False,3.12,STEM,Hispanic,590.0,7.0,Other,0
2788,0,True,3.14,Humanities,Unknown,620.0,3.0,Technology,0
2789,0,False,3.36,Humanities,Hispanic,710.0,4.0,Technology,0
2790,1,False,3.53,Humanities,Hispanic,740.0,5.0,Consulting,1
2791,1,True,3.25,Humanities,Unknown,580.0,5.0,Consulting,0
2792,1,False,3.25,Business,Black,660.0,3.0,Consulting,0
2793,1,True,3.27,Humanities,Unknown,660.0,4.0,Consulting,0
2794,1,False,3.13,STEM,White,570.0,4.0,Technology,0
2795,0,False,3.12,Humanities,Other,670.0,5.0,Retail,0
2796,1,False,3.17,Humanities,White,610.0,5.0,Health Care,0
2797,0,True,3.04,Humanities,Unknown,620.0,5.0,Nonprofit/Gov,0
2798,1,True,3.47,Humanities,Unknown,770.0,5.0,Technology,1
2799,1,False,2.83,STEM,Black,570.0,4.0,PE/VC,0
2800,1,True,2.97,STEM,Unknown,570.0,6.0,Consulting,0
2801,1,False,3.16,Humanities,White,630.0,5.0,Technology,0
2802,1,True,3.3,STEM,Unknown,710.0,6.0,PE/VC,1
2803,1,False,3.26,Humanities,White,670.0,4.0,Nonprofit/Gov,1
2804,1,False,3.07,STEM,Hispanic,650.0,5.0,Other,0
2805,1,False,3.41,STEM,White,740.0,5.0,Consulting,0
2806,1,False,3.21,Business,Asian,620.0,5.0,Financial Services,0
2807,0,False,3.44,Business,Asian,600.0,4.0,Technology,0
2808,0,True,3.03,Business,Unknown,570.0,5.0,Nonprofit/Gov,0
2809,0,False,3.24,Humanities,White,630.0,5.0,Nonprofit/Gov,0
2810,1,True,3.24,Humanities,Unknown,610.0,4.0,Investment Banking,0
2811,1,False,3.27,Humanities,Black,660.0,5.0,Health Care,0
2812,1,True,3.26,Business,Unknown,620.0,5.0,PE/VC,0
2813,1,True,3.33,Business,Unknown,570.0,5.0,Technology,0
2814,0,False,2.95,STEM,Black,590.0,4.0,Nonprofit/Gov,0
2815,0,False,3.06,Humanities,White,570.0,5.0,PE/VC,0
2816,1,False,2.87,Humanities,White,610.0,5.0,Consulting,0
2817,1,False,3.27,STEM,Black,590.0,6.0,Investment Banking,0
2818,1,False,3.32,STEM,Asian,720.0,4.0,Technology,0
2819,1,False,3.5,STEM,White,680.0,5.0,Financial Services,1
2820,0,False,3.22,Humanities,Asian,570.0,7.0,Other,0
2821,1,False,3.13,Business,White,660.0,5.0,Investment Management,0
2822,1,False,3.25,Humanities,Asian,620.0,6.0,Technology,0
2823,1,False,3.11,Business,Asian,610.0,6.0,Technology,0
2824,1,False,3.14,Business,Black,640.0,5.0,Consulting,0
2825,0,False,3.23,Humanities,White,600.0,6.0,Consulting,0
2826,1,True,3.24,Business,Unknown,630.0,7.0,Other,0
2827,0,True,3.34,Business,Unknown,720.0,5.0,Financial Services,1
2828,1,False,3.25,Humanities,Asian,640.0,6.0,Consulting,0
2829,1,False,3.3,STEM,Hispanic,690.0,6.0,Consulting,0
2831,1,False,3.59,STEM,Black,660.0,3.0,Nonprofit/Gov,0
2832,1,False,3.09,Humanities,Black,680.0,5.0,Investment Banking,0
2833,1,False,3.05,Business,Black,610.0,7.0,Financial Services,0
2834,1,False,3.48,Business,White,650.0,6.0,Nonprofit/Gov,0
2835,1,True,3.27,Humanities,Unknown,670.0,4.0,Health Care,0
2836,1,False,3.38,Business,White,610.0,5.0,Technology,0
2837,1,False,3.39,STEM,Asian,660.0,4.0,Nonprofit/Gov,0
2838,0,True,3.05,Humanities,Unknown,620.0,6.0,Financial Services,0
2839,1,False,3.19,Humanities,Black,590.0,6.0,Consulting,0
2840,1,True,3.3,Humanities,Unknown,670.0,5.0,Consulting,0
2841,1,False,3.49,Humanities,White,630.0,6.0,Consulting,0
2842,1,False,3.31,Humanities,Asian,660.0,5.0,Technology,0
2843,1,False,2.9,STEM,Black,630.0,4.0,Consulting,0
2844,1,True,3.19,Humanities,Unknown,660.0,4.0,PE/VC,0
2845,1,False,3.29,Business,Asian,670.0,5.0,Energy,0
2846,1,False,2.97,Business,White,610.0,5.0,PE/VC,0
2847,1,True,3.31,Business,Unknown,640.0,4.0,Technology,0
2848,0,False,3.38,Humanities,Black,570.0,4.0,Other,0
2849,1,False,3.46,Business,White,670.0,6.0,Consulting,0
2850,1,False,3.1,STEM,Black,630.0,5.0,Other,0
2851,1,False,3.2,STEM,Black,670.0,4.0,Consulting,0
2852,0,False,3.24,Humanities,Asian,690.0,5.0,Financial Services,0
2853,1,True,3.21,Humanities,Unknown,650.0,5.0,Technology,0
2854,1,True,3.38,STEM,Unknown,730.0,5.0,Consulting,1
2855,1,True,3.17,Humanities,Unknown,620.0,6.0,Other,0
2856,1,False,3.45,STEM,Hispanic,750.0,4.0,Consulting,0
2857,1,False,3.14,Humanities,White,580.0,4.0,Nonprofit/Gov,0
2858,1,False,3.25,STEM,Black,650.0,4.0,PE/VC,0
2859,1,False,3.04,Humanities,Black,630.0,4.0,Technology,0
2860,1,False,3.41,Humanities,White,670.0,5.0,Investment Banking,1
2861,1,True,3.08,Humanities,Unknown,600.0,5.0,Other,0
2862,1,False,3.29,Humanities,Hispanic,610.0,5.0,Investment Banking,0
2863,1,False,3.36,Humanities,White,690.0,4.0,Nonprofit/Gov,0
2864,0,False,3.18,STEM,Black,650.0,5.0,Other,0
2865,0,False,3.35,Business,Black,700.0,6.0,Consulting,0
2866,1,False,3.05,Business,White,690.0,7.0,Health Care,0
2867,1,True,3.4,STEM,Unknown,610.0,5.0,Investment Banking,0
2868,0,False,3.11,Humanities,Asian,600.0,5.0,Investment Banking,0
2869,0,True,3.3,Humanities,Unknown,650.0,6.0,Health Care,0
2870,1,True,3.19,Humanities,Unknown,730.0,4.0,Investment Management,0
2871,0,True,3.15,Business,Unknown,570.0,6.0,Investment Banking,0
2872,0,False,3.19,Business,White,680.0,5.0,Consulting,0
2873,1,False,3.34,Humanities,White,660.0,5.0,Health Care,0
2874,1,True,3.29,Business,Unknown,600.0,4.0,Financial Services,0
2875,1,False,3.52,Humanities,Black,690.0,5.0,Financial Services,0
2876,1,True,3.22,Business,Unknown,650.0,5.0,PE/VC,0
2877,0,True,3.15,Humanities,Unknown,640.0,5.0,Nonprofit/Gov,0
2878,1,False,3.09,Business,White,600.0,6.0,Consulting,0
2879,0,False,3.35,Humanities,Asian,680.0,4.0,Investment Management,1
2880,1,False,3.26,Humanities,Asian,640.0,4.0,Technology,0
2881,1,False,3.09,Humanities,White,590.0,5.0,Consulting,0
2882,0,False,3.05,Business,Asian,570.0,4.0,CPG,0
2883,0,False,3.1,Humanities,White,660.0,6.0,PE/VC,0
2884,0,False,3.39,STEM,White,720.0,6.0,Investment Banking,0
2885,0,False,3.2,Humanities,Hispanic,640.0,5.0,Consulting,0
2886,0,False,3.16,Business,Hispanic,590.0,5.0,Consulting,0
2887,1,True,3.12,STEM,Unknown,580.0,5.0,Nonprofit/Gov,0
2888,0,False,3.42,Business,Hispanic,680.0,6.0,Nonprofit/Gov,1
2889,0,False,3.18,Business,Black,640.0,4.0,Technology,0
2890,0,False,3.04,Business,Black,620.0,5.0,Nonprofit/Gov,0
2891,0,False,3.17,Business,White,630.0,4.0,Investment Banking,0
2892,1,False,3.22,STEM,Other,640.0,6.0,Consulting,0
2893,0,False,3.38,Business,Asian,670.0,6.0,Health Care,0
2894,1,False,3.25,STEM,White,580.0,6.0,Consulting,0
2895,1,False,3.15,Business,Asian,670.0,5.0,Financial Services,0
2896,1,False,3.22,Humanities,Hispanic,740.0,5.0,Other,0
2897,0,False,3.31,Business,Asian,600.0,4.0,Health Care,0
2898,1,False,3.26,Humanities,White,640.0,4.0,Financial Services,0
2899,1,True,3.41,Humanities,Unknown,750.0,4.0,Other,1
2900,1,False,3.27,STEM,White,660.0,5.0,Consulting,0
2901,0,True,3.32,Humanities,Unknown,600.0,7.0,Other,0
2902,1,False,3.34,Humanities,White,670.0,6.0,PE/VC,0
2903,1,False,3.13,STEM,Hispanic,620.0,5.0,Technology,0
2904,1,False,3.07,Humanities,White,590.0,4.0,Investment Banking,0
2905,0,False,3.24,STEM,Black,640.0,6.0,Investment Banking,0
2906,1,False,3.1,Business,Other,610.0,6.0,Technology,0
2907,0,False,3.3,Business,Asian,710.0,6.0,Investment Banking,1
2908,1,True,3.4,Business,Unknown,680.0,6.0,Consulting,0
2909,0,True,3.36,Business,Unknown,660.0,7.0,Technology,0
2910,1,True,3.32,Business,Unknown,660.0,5.0,Nonprofit/Gov,0
2911,1,False,3.13,Humanities,White,620.0,3.0,Media/Entertainment,0
2912,0,False,3.37,STEM,Hispanic,700.0,5.0,Consulting,0
2913,1,False,3.28,Humanities,White,610.0,4.0,Health Care,0
2914,1,True,3.36,STEM,Unknown,730.0,5.0,Consulting,1
2915,1,False,3.2,Humanities,White,580.0,4.0,Real Estate,0
2916,1,False,3.41,STEM,Hispanic,670.0,3.0,PE/VC,0
2917,1,False,3.33,Humanities,Black,690.0,5.0,Consulting,0
2918,0,False,3.25,Business,White,680.0,7.0,Real Estate,0
2919,0,True,3.24,STEM,Unknown,610.0,4.0,Nonprofit/Gov,0
2920,1,False,3.27,Business,White,670.0,4.0,Financial Services,0
2921,0,False,3.36,Humanities,Hispanic,690.0,5.0,PE/VC,0
2922,1,True,3.32,Business,Unknown,650.0,5.0,Technology,0
2923,1,False,3.28,Business,Asian,640.0,3.0,Consulting,0
2924,0,False,3.31,Business,Hispanic,690.0,3.0,Nonprofit/Gov,0
2925,1,False,3.2,Humanities,White,660.0,5.0,Technology,0
2926,0,True,3.45,Humanities,Unknown,760.0,6.0,Media/Entertainment,0
2927,1,False,3.38,Humanities,Asian,700.0,5.0,Investment Banking,0
2928,0,True,3.28,Business,Unknown,600.0,5.0,Technology,0
2929,0,False,3.08,Business,Asian,570.0,5.0,PE/VC,0
2930,0,False,3.22,Business,White,670.0,6.0,Health Care,0
2931,1,True,3.29,STEM,Unknown,570.0,6.0,Consulting,0
2932,1,False,3.59,STEM,Asian,730.0,4.0,Investment Banking,0
2933,0,False,3.41,Humanities,Asian,690.0,7.0,Other,0
2934,1,False,3.45,Humanities,Hispanic,640.0,6.0,Consulting,0
2935,1,False,2.93,Humanities,White,590.0,7.0,Consulting,0
2936,1,False,2.97,Humanities,Black,570.0,5.0,PE/VC,0
2937,1,False,3.35,Business,White,710.0,3.0,Technology,0
2938,0,True,3.23,Humanities,Unknown,640.0,6.0,PE/VC,0
2939,1,False,3.24,STEM,Other,690.0,5.0,Technology,0
2940,1,False,3.05,Humanities,Hispanic,660.0,7.0,Financial Services,0
2941,1,False,3.37,STEM,White,610.0,6.0,Investment Banking,0
2942,1,False,3.62,Humanities,Hispanic,650.0,6.0,Investment Management,0
2943,0,False,3.17,Humanities,Other,590.0,6.0,Consulting,0
2944,0,False,3.11,Humanities,Asian,720.0,7.0,CPG,0
2945,1,True,3.59,STEM,Unknown,670.0,5.0,Consulting,0
2946,1,True,3.01,Humanities,Unknown,570.0,5.0,Consulting,0
2947,1,True,3.19,STEM,Unknown,710.0,5.0,Nonprofit/Gov,0
2948,1,True,3.24,Humanities,Unknown,640.0,4.0,Other,0
2949,1,False,3.23,STEM,Asian,650.0,5.0,Technology,0
2950,1,False,3.21,Business,Black,740.0,6.0,Financial Services,0
2951,1,False,3.12,Business,Hispanic,570.0,5.0,Investment Banking,0
2952,1,False,3.49,Humanities,White,730.0,5.0,PE/VC,0
2953,0,True,3.32,Humanities,Unknown,720.0,5.0,PE/VC,0
2954,0,False,2.94,Business,White,620.0,5.0,Technology,0
2955,0,True,3.29,Humanities,Unknown,640.0,5.0,Financial Services,0
2956,1,False,3.35,STEM,Black,700.0,3.0,Other,0
2957,0,True,3.4,Business,Unknown,650.0,7.0,PE/VC,0
2958,1,False,3.06,STEM,Asian,610.0,7.0,PE/VC,0
2959,1,False,3.22,Humanities,Hispanic,610.0,6.0,Investment Banking,0
2960,1,True,3.08,STEM,Unknown,600.0,5.0,Consulting,0
2961,1,False,3.28,Humanities,White,720.0,3.0,Consulting,1
2962,1,False,3.17,Humanities,Asian,630.0,5.0,Technology,0
2963,0,True,3.06,Humanities,Unknown,600.0,4.0,Consulting,0
2964,0,False,3.28,Humanities,Black,650.0,6.0,PE/VC,0
2965,0,False,3.16,Humanities,Black,630.0,5.0,Consulting,0
2966,1,False,3.2,Humanities,White,600.0,4.0,Financial Services,0
2967,1,False,3.18,STEM,Other,660.0,7.0,Consulting,0
2968,1,False,3.08,Humanities,White,570.0,4.0,Investment Banking,0
2969,1,False,3.31,Humanities,White,660.0,4.0,Nonprofit/Gov,0
2970,0,False,3.21,Business,Hispanic,650.0,7.0,Consulting,0
2971,0,False,3.22,Humanities,Other,570.0,6.0,Financial Services,0
2972,0,True,3.45,Business,Unknown,720.0,4.0,Consulting,0
2973,1,True,3.2,STEM,Unknown,700.0,6.0,Consulting,0
2974,1,False,3.49,Humanities,Asian,680.0,6.0,Investment Banking,1
2975,1,False,3.26,STEM,White,650.0,7.0,PE/VC,0
2976,1,False,3.21,STEM,White,680.0,5.0,Technology,0
2977,1,True,2.91,STEM,Unknown,590.0,5.0,Financial Services,0
2978,0,False,3.35,Humanities,White,660.0,5.0,PE/VC,0
2979,1,True,3.03,STEM,Unknown,630.0,6.0,Consulting,0
2980,1,False,3.15,STEM,Asian,650.0,4.0,Investment Management,0
2981,1,False,3.3,STEM,White,720.0,6.0,CPG,1
2982,0,True,3.35,Humanities,Unknown,700.0,5.0,Other,0
2983,0,False,3.23,Business,Asian,670.0,5.0,Financial Services,1
2984,1,False,3.35,STEM,White,610.0,6.0,Health Care,0
2985,1,False,3.25,Business,Black,650.0,6.0,Consulting,0
2986,1,True,3.11,STEM,Unknown,620.0,5.0,Consulting,0
2987,1,True,3.3,STEM,Unknown,600.0,3.0,PE/VC,0
2988,0,False,3.4,Business,Other,720.0,4.0,Financial Services,1
2989,1,False,3.31,Humanities,Black,670.0,5.0,Other,0
2990,1,True,3.22,Business,Unknown,650.0,5.0,Technology,0
2991,1,True,3.18,STEM,Unknown,680.0,6.0,Other,0
2992,0,True,3.22,Business,Unknown,590.0,5.0,Consulting,0
2993,0,False,3.32,Business,Black,690.0,6.0,PE/VC,0
2994,0,False,3.06,Humanities,Hispanic,570.0,6.0,Technology,0
2995,0,True,3.47,Humanities,Unknown,710.0,4.0,Nonprofit/Gov,0
2996,0,False,3.1,Humanities,Asian,670.0,7.0,Investment Banking,0
2997,0,False,3.18,STEM,Hispanic,700.0,5.0,Investment Banking,0
2998,0,False,3.16,STEM,Black,630.0,6.0,PE/VC,0
2999,0,False,3.21,STEM,Hispanic,630.0,5.0,Other,0
3000,1,False,3.55,Business,Asian,760.0,6.0,Consulting,1
3001,1,True,3.5,Business,Unknown,710.0,4.0,Technology,1
3002,0,False,3.29,Humanities,Asian,710.0,5.0,PE/VC,0
3003,1,False,3.1,Business,Asian,650.0,6.0,Real Estate,0
3004,1,False,3.19,Humanities,Black,660.0,5.0,Consulting,0
3005,0,False,3.35,Business,Asian,630.0,4.0,Technology,0
3006,0,False,3.06,STEM,White,630.0,5.0,Nonprofit/Gov,0
3007,1,False,3.3,Business,Hispanic,670.0,5.0,Technology,0
3008,1,False,3.39,Humanities,Asian,720.0,4.0,Technology,0
3009,1,True,3.23,STEM,Unknown,650.0,4.0,Nonprofit/Gov,0
3010,0,False,3.1,Humanities,Hispanic,660.0,5.0,Consulting,0
3011,1,False,3.04,STEM,White,600.0,3.0,Consulting,0
3012,0,False,3.12,Humanities,Asian,670.0,5.0,Consulting,0
3013,0,False,3.18,Humanities,White,670.0,6.0,Consulting,0
3014,1,True,3.15,STEM,Unknown,590.0,5.0,Investment Management,0
3015,0,False,3.37,STEM,White,710.0,4.0,PE/VC,1
3016,1,False,3.13,Humanities,Asian,630.0,5.0,Investment Management,0
3017,1,False,3.6,Humanities,Black,680.0,4.0,Consulting,0
3018,0,False,2.91,Humanities,Asian,620.0,5.0,Consulting,0
3019,1,False,3.27,Business,Black,640.0,5.0,Investment Banking,0
3020,1,False,3.31,Business,Asian,720.0,6.0,Nonprofit/Gov,1
3021,1,False,3.34,STEM,White,710.0,5.0,PE/VC,1
3022,1,True,3.12,Humanities,Unknown,640.0,6.0,Financial Services,0
3023,1,True,3.44,STEM,Unknown,670.0,6.0,Other,0
3024,1,True,3.24,STEM,Unknown,630.0,6.0,Nonprofit/Gov,0
3025,0,False,3.42,Humanities,Hispanic,730.0,6.0,Nonprofit/Gov,1
3026,1,False,3.34,STEM,Hispanic,660.0,5.0,Health Care,0
3027,1,False,3.17,STEM,Black,620.0,6.0,Investment Banking,0
3028,0,False,3.32,Business,Asian,620.0,5.0,Nonprofit/Gov,0
3029,0,False,3.43,STEM,Asian,680.0,5.0,Investment Management,0
3030,1,True,3.22,Humanities,Unknown,680.0,5.0,Health Care,1
3031,1,True,3.38,Humanities,Unknown,740.0,5.0,Technology,0
3032,1,False,3.35,STEM,White,780.0,5.0,PE/VC,0
3033,1,False,3.2,Business,Asian,680.0,5.0,Consulting,0
3034,1,False,3.27,Humanities,White,720.0,4.0,Nonprofit/Gov,1
3035,1,False,3.32,STEM,White,670.0,4.0,Nonprofit/Gov,0
3036,0,False,3.23,Business,Hispanic,710.0,7.0,Investment Banking,1
3037,1,True,3.23,Humanities,Unknown,680.0,6.0,Consulting,1
3038,1,False,3.19,Humanities,Hispanic,620.0,5.0,Consulting,0
3039,1,False,3.07,Humanities,Asian,570.0,4.0,Consulting,0
3040,0,True,3.16,STEM,Unknown,700.0,6.0,Technology,0
3041,1,False,3.16,STEM,Asian,640.0,4.0,PE/VC,0
3042,0,True,3.11,Humanities,Unknown,610.0,3.0,Nonprofit/Gov,0
3043,0,True,3.13,Humanities,Unknown,700.0,5.0,Technology,0
3044,1,True,3.52,Business,Unknown,730.0,6.0,Technology,1
3045,1,True,3.37,Humanities,Unknown,630.0,6.0,Consulting,0
3046,1,False,3.46,STEM,Black,680.0,4.0,Consulting,0
3047,1,False,3.21,STEM,Black,620.0,7.0,Consulting,0
3048,0,False,3.21,Humanities,Asian,690.0,3.0,PE/VC,1
3049,1,False,3.24,Humanities,White,570.0,4.0,Nonprofit/Gov,0
3050,1,False,3.25,Business,Asian,670.0,4.0,Technology,1
3051,0,False,3.3,Humanities,White,690.0,6.0,Other,0
3052,0,False,3.35,Business,Other,660.0,5.0,Consulting,0
3053,1,False,3.21,Business,White,630.0,4.0,Consulting,0
3054,1,False,3.35,Humanities,White,690.0,4.0,Investment Management,0
3055,0,False,3.11,Humanities,Hispanic,640.0,5.0,Health Care,0
3056,1,True,3.19,Business,Unknown,650.0,5.0,Other,0
3057,1,True,3.38,STEM,Unknown,690.0,5.0,Consulting,0
3058,1,False,3.32,Humanities,Asian,780.0,4.0,Technology,0
3059,1,False,3.1,Business,Black,640.0,6.0,Nonprofit/Gov,0
3060,1,False,3.28,STEM,White,620.0,5.0,Nonprofit/Gov,0
3061,1,False,3.31,STEM,White,700.0,7.0,Nonprofit/Gov,0
3062,1,True,3.08,STEM,Unknown,600.0,4.0,Media/Entertainment,0
3063,1,True,3.04,Business,Unknown,600.0,6.0,PE/VC,0
3064,0,False,3.64,Business,Asian,760.0,5.0,Technology,1
3065,0,False,3.16,Business,Hispanic,660.0,4.0,Financial Services,0
3066,1,False,3.32,Humanities,White,650.0,4.0,Financial Services,0
3067,0,False,3.29,Humanities,Other,680.0,6.0,Investment Banking,1
3068,0,False,3.5,Humanities,Asian,750.0,3.0,Retail,1
3069,0,False,3.48,Business,White,580.0,5.0,Investment Management,0
3070,0,False,3.66,Business,White,760.0,5.0,Consulting,0
3071,1,False,3.38,Humanities,White,670.0,6.0,Consulting,1
3072,1,True,3.26,STEM,Unknown,650.0,4.0,Technology,0
3073,0,False,3.35,STEM,Black,720.0,5.0,Consulting,1
3074,1,True,3.09,STEM,Unknown,630.0,7.0,CPG,0
3075,0,True,3.23,Humanities,Unknown,630.0,6.0,Health Care,0
3076,1,False,3.36,Humanities,White,640.0,5.0,Consulting,0
3077,1,False,3.09,Humanities,Asian,680.0,5.0,PE/VC,0
3078,0,False,3.21,STEM,Black,700.0,4.0,Technology,0
3079,0,False,3.2,STEM,Asian,630.0,6.0,Consulting,0
3080,1,False,3.26,STEM,Asian,590.0,3.0,Consulting,0
3081,1,True,3.27,STEM,Unknown,710.0,5.0,Other,0
3082,0,True,3.2,STEM,Unknown,650.0,6.0,Investment Banking,0
3083,0,True,3.27,Business,Unknown,700.0,6.0,Investment Banking,1
3084,0,True,3.12,Humanities,Unknown,640.0,4.0,Investment Management,0
3085,1,True,2.95,STEM,Unknown,580.0,6.0,Other,0
3086,1,False,3.22,Business,White,680.0,5.0,PE/VC,1
3087,0,False,3.14,Business,Hispanic,710.0,4.0,Consulting,0
3088,1,False,3.26,Humanities,White,710.0,6.0,Technology,0
3089,0,False,3.47,STEM,Asian,670.0,6.0,PE/VC,0
3090,0,False,3.27,STEM,Asian,610.0,4.0,Investment Management,0
3091,1,False,3.35,Business,White,720.0,6.0,Investment Banking,1
3092,1,True,3.35,Humanities,Unknown,700.0,5.0,Investment Banking,0
3093,1,False,2.9,Humanities,White,600.0,5.0,Health Care,0
3094,1,False,3.12,STEM,Black,710.0,7.0,Consulting,0
3095,0,False,3.32,Business,White,690.0,6.0,Investment Banking,0
3096,1,False,3.27,Humanities,White,660.0,6.0,PE/VC,0
3097,1,True,3.55,Business,Unknown,680.0,4.0,Financial Services,1
3098,1,False,3.4,Humanities,White,650.0,6.0,Nonprofit/Gov,0
3099,1,False,3.23,Humanities,White,690.0,5.0,PE/VC,0
3100,1,False,3.08,Humanities,Asian,590.0,4.0,Consulting,0
3101,1,False,3.29,STEM,White,590.0,5.0,Technology,0
3102,1,False,3.16,Business,White,620.0,5.0,PE/VC,0
3103,0,False,3.43,STEM,White,650.0,5.0,Real Estate,0
3104,0,False,3.16,Business,Asian,590.0,6.0,Nonprofit/Gov,0
3105,1,False,3.53,Business,Black,620.0,4.0,CPG,0
3106,1,False,3.54,Business,White,760.0,5.0,Financial Services,1
3107,0,False,3.11,Humanities,Asian,590.0,7.0,Consulting,0
3108,1,True,3.25,STEM,Unknown,650.0,5.0,Health Care,0
3109,1,False,3.07,Humanities,Hispanic,640.0,5.0,Consulting,0
3110,1,False,3.52,STEM,Hispanic,670.0,5.0,Technology,0
3111,1,True,3.31,Business,Unknown,640.0,4.0,Consulting,0
3112,1,False,3.22,STEM,Hispanic,710.0,4.0,Technology,0
3113,0,False,3.42,Humanities,White,690.0,5.0,Consulting,0
3114,0,False,3.06,Business,Black,580.0,5.0,CPG,0
3115,0,False,3.09,Business,Hispanic,570.0,5.0,Consulting,0
3116,1,False,3.48,STEM,Asian,670.0,2.0,Health Care,0
3117,0,True,3.05,Business,Unknown,590.0,6.0,Technology,0
3118,1,False,3.05,Humanities,White,650.0,4.0,Consulting,0
3119,1,False,3.21,Business,Black,620.0,4.0,Consulting,0
3120,1,True,3.19,Humanities,Unknown,620.0,4.0,Consulting,0
3121,1,False,3.15,STEM,Asian,570.0,5.0,Technology,0
3122,1,False,3.38,Business,Hispanic,730.0,6.0,Investment Management,0
3123,1,True,3.09,Humanities,Unknown,610.0,4.0,Other,0
3124,0,True,3.31,Humanities,Unknown,600.0,6.0,PE/VC,0
3125,1,False,3.32,STEM,Black,680.0,6.0,Health Care,0
3126,1,True,3.28,STEM,Unknown,680.0,6.0,PE/VC,0
3127,1,False,3.44,Humanities,White,660.0,5.0,Consulting,0
3128,0,False,3.28,STEM,Asian,640.0,4.0,Consulting,0
3129,0,False,3.11,Humanities,White,600.0,5.0,Investment Banking,0
3130,0,True,3.11,Business,Unknown,600.0,5.0,Consulting,0
3131,1,False,3.13,Humanities,Black,600.0,4.0,Investment Banking,0
3132,1,False,3.35,Business,Black,670.0,5.0,Nonprofit/Gov,0
3133,1,False,3.28,Humanities,Asian,630.0,5.0,Consulting,0
3134,1,True,3.2,Business,Unknown,640.0,4.0,PE/VC,0
3135,0,True,3.07,Humanities,Unknown,660.0,6.0,Other,0
3136,0,False,3.39,Humanities,White,670.0,5.0,Investment Management,0
3137,1,False,3.22,Business,White,610.0,7.0,Consulting,0
3138,1,False,3.37,STEM,Black,650.0,7.0,Consulting,0
3139,1,False,3.24,STEM,Asian,730.0,5.0,Technology,0
3140,1,True,3.14,STEM,Unknown,600.0,6.0,Real Estate,0
3141,0,False,3.22,Business,White,600.0,7.0,Technology,0
3142,0,False,3.14,Business,Black,570.0,5.0,PE/VC,0
3143,1,True,3.13,Humanities,Unknown,610.0,7.0,Other,0
3144,1,False,3.29,Humanities,Asian,700.0,5.0,PE/VC,0
3145,1,False,3.48,STEM,Black,720.0,5.0,Financial Services,0
3146,1,False,3.26,Business,White,700.0,6.0,Health Care,0
3147,1,False,3.18,Business,Black,700.0,4.0,Consulting,0
3148,1,True,3.37,STEM,Unknown,760.0,4.0,Other,0
3149,1,False,3.22,STEM,White,620.0,5.0,Consulting,0
3150,1,True,3.07,Business,Unknown,570.0,5.0,PE/VC,0
3151,1,False,3.14,STEM,Black,570.0,6.0,Investment Banking,0
3152,1,True,3.41,Humanities,Unknown,770.0,5.0,Investment Management,0
3153,1,False,3.45,Humanities,Hispanic,730.0,5.0,Other,1
3154,0,False,3.14,Business,White,620.0,5.0,PE/VC,0
3155,0,False,3.06,Humanities,Asian,650.0,6.0,Consulting,0
3156,0,True,3.38,Business,Unknown,770.0,5.0,PE/VC,0
3157,1,False,3.14,STEM,Black,630.0,5.0,Financial Services,0
3158,1,False,3.25,Business,Hispanic,620.0,5.0,Nonprofit/Gov,0
3159,0,False,3.34,Humanities,Black,710.0,6.0,Retail,1
3160,1,False,3.45,Humanities,Black,660.0,4.0,Technology,0
3161,1,True,3.11,Humanities,Unknown,680.0,5.0,Consulting,0
3162,1,False,3.33,Humanities,White,710.0,6.0,Real Estate,1
3163,1,True,3.12,Humanities,Unknown,610.0,4.0,Retail,0
3164,1,False,3.08,Business,Hispanic,600.0,6.0,Investment Banking,0
3165,1,False,2.95,Business,White,570.0,6.0,Financial Services,0
3166,1,False,3.24,Humanities,Asian,640.0,6.0,Financial Services,0
3167,0,False,3.53,STEM,White,690.0,6.0,CPG,1
3168,1,True,3.39,STEM,Unknown,680.0,5.0,Health Care,1
3169,0,False,3.42,Humanities,Asian,780.0,3.0,Financial Services,0
3170,1,False,3.39,Humanities,White,680.0,5.0,Nonprofit/Gov,1
3171,1,False,3.5,Business,White,670.0,5.0,Consulting,0
3172,1,False,3.37,Humanities,White,660.0,5.0,Financial Services,1
3173,1,False,3.2,Business,White,640.0,6.0,Consulting,0
3174,0,True,3.39,STEM,Unknown,670.0,6.0,Investment Banking,0
3175,1,False,3.34,Humanities,White,650.0,4.0,Consulting,0
3176,1,False,3.17,STEM,White,650.0,4.0,Nonprofit/Gov,0
3177,0,False,3.51,Business,Hispanic,680.0,6.0,Real Estate,1
3178,0,True,3.36,Business,Unknown,640.0,6.0,Health Care,0
3179,0,True,3.35,STEM,Unknown,710.0,6.0,PE/VC,0
3180,0,True,3.27,STEM,Unknown,610.0,5.0,Retail,0
3181,0,False,3.39,Business,Black,660.0,6.0,Consulting,1
3182,1,False,3.18,Business,Black,660.0,4.0,Other,0
3183,1,True,3.47,STEM,Unknown,650.0,5.0,Consulting,0
3184,1,False,3.21,Humanities,Asian,690.0,5.0,Technology,1
3185,0,False,3.23,Humanities,Other,670.0,6.0,Consulting,1
3186,1,False,3.14,STEM,Hispanic,640.0,5.0,Energy,0
3187,1,False,3.48,Business,Asian,670.0,5.0,Consulting,0
3188,1,False,3.2,Business,Hispanic,650.0,3.0,Consulting,0
3189,1,False,3.21,Humanities,White,650.0,6.0,Health Care,0
3190,0,False,3.14,STEM,White,590.0,7.0,Consulting,0
3191,1,True,3.2,Business,Unknown,570.0,5.0,Investment Banking,0
3192,0,True,3.29,Humanities,Unknown,660.0,6.0,Consulting,0
3193,1,False,3.1,Humanities,Asian,580.0,5.0,Other,0
3194,1,False,3.29,Business,Black,650.0,5.0,PE/VC,0
3195,0,False,3.25,Business,Asian,640.0,6.0,Technology,0
3196,1,False,3.08,STEM,Asian,630.0,6.0,PE/VC,0
3197,0,True,3.32,STEM,Unknown,640.0,4.0,PE/VC,0
3198,0,False,3.01,Humanities,Asian,580.0,6.0,Investment Banking,0
3199,1,False,3.23,Humanities,Black,650.0,5.0,CPG,0
3200,1,True,3.14,Humanities,Unknown,630.0,5.0,PE/VC,0
3201,1,True,3.26,STEM,Unknown,760.0,4.0,Real Estate,0
3202,1,True,3.23,Humanities,Unknown,730.0,5.0,Investment Banking,0
3203,1,True,3.4,Humanities,Unknown,660.0,7.0,Nonprofit/Gov,0
3204,1,False,3.31,Business,Other,650.0,5.0,Nonprofit/Gov,0
3205,1,False,3.42,Humanities,Hispanic,570.0,6.0,PE/VC,0
3206,0,False,3.27,Business,White,760.0,6.0,Consulting,0
3207,0,True,3.41,Humanities,Unknown,710.0,3.0,PE/VC,0
3208,0,True,3.52,Humanities,Unknown,670.0,7.0,Consulting,1
3209,1,False,3.08,Business,Black,650.0,4.0,Health Care,0
3210,0,False,3.22,STEM,Asian,620.0,5.0,Real Estate,0
3211,1,False,3.14,Humanities,Hispanic,600.0,3.0,Investment Banking,0
3212,0,False,3.44,Business,Asian,700.0,5.0,Investment Banking,0
3213,0,True,3.19,Humanities,Unknown,590.0,5.0,Technology,0
3214,1,False,3.24,Humanities,Black,630.0,5.0,Nonprofit/Gov,0
3215,0,False,3.56,Business,Asian,720.0,4.0,PE/VC,1
3216,0,False,3.46,Business,Black,690.0,5.0,Consulting,0
3217,0,True,3.15,Business,Unknown,630.0,3.0,CPG,0
3218,1,False,3.33,Humanities,White,620.0,5.0,Investment Management,0
3220,1,False,3.27,Humanities,Hispanic,690.0,5.0,Technology,0
3221,0,False,3.0,Humanities,Black,610.0,7.0,Investment Banking,0
3222,0,False,3.37,Humanities,Asian,680.0,4.0,Health Care,1
3223,0,False,3.55,Humanities,Black,630.0,5.0,PE/VC,0
3224,1,False,3.33,Business,Black,690.0,4.0,PE/VC,0
3225,1,False,3.42,Humanities,Asian,780.0,5.0,Nonprofit/Gov,1
3226,1,True,3.26,Business,Unknown,580.0,5.0,Energy,0
3227,0,True,3.39,Business,Unknown,660.0,5.0,Investment Management,1
3228,0,True,3.44,Business,Unknown,700.0,4.0,Investment Banking,0
3229,1,False,3.36,Humanities,Black,680.0,3.0,Nonprofit/Gov,0
3230,0,False,3.12,Humanities,Asian,620.0,4.0,Consulting,0
3231,0,False,3.46,STEM,Asian,750.0,3.0,Investment Management,0
3232,0,False,3.35,Humanities,White,700.0,6.0,Investment Banking,0
3233,1,True,3.27,STEM,Unknown,640.0,6.0,Other,0
3234,1,True,2.86,Business,Unknown,570.0,5.0,Consulting,0
3235,0,True,3.16,STEM,Unknown,590.0,5.0,Other,0
3236,1,False,3.03,Humanities,White,660.0,6.0,Nonprofit/Gov,0
3237,1,False,3.15,Humanities,White,580.0,6.0,Consulting,0
3238,1,False,3.29,Business,White,620.0,6.0,Consulting,0
3239,0,True,3.59,Business,Unknown,770.0,6.0,Consulting,1
3240,1,False,3.39,Humanities,White,660.0,4.0,Consulting,0
3241,1,False,3.42,Humanities,White,670.0,6.0,Media/Entertainment,0
3242,1,True,3.11,STEM,Unknown,680.0,4.0,Investment Banking,0
3243,1,False,3.24,STEM,White,640.0,5.0,Investment Banking,0
3244,1,False,3.21,Humanities,Asian,690.0,4.0,Technology,0
3245,1,False,3.19,STEM,Asian,720.0,5.0,PE/VC,0
3246,1,False,3.42,Business,White,630.0,4.0,Consulting,0
3247,0,False,3.2,Humanities,Asian,650.0,5.0,Other,0
3248,1,False,3.35,STEM,White,650.0,7.0,Investment Banking,0
3249,1,False,3.06,Business,White,570.0,6.0,Nonprofit/Gov,0
3250,1,True,3.2,Business,Unknown,690.0,4.0,Consulting,0
3251,1,False,3.06,STEM,White,580.0,5.0,Technology,0
3252,0,False,3.27,Business,Hispanic,680.0,4.0,Nonprofit/Gov,0
3253,1,False,3.27,Humanities,White,730.0,6.0,Investment Banking,1
3254,0,False,3.33,STEM,Hispanic,680.0,5.0,Investment Banking,1
3255,0,False,3.27,Business,Hispanic,720.0,5.0,PE/VC,1
3256,0,True,3.31,Business,Unknown,670.0,6.0,Investment Banking,1
3257,1,True,3.15,Business,Unknown,640.0,3.0,CPG,0
3258,0,True,3.41,STEM,Unknown,680.0,4.0,PE/VC,0
3259,1,False,3.32,Business,Other,640.0,6.0,Consulting,0
3260,1,False,3.36,Business,White,680.0,3.0,PE/VC,0
3261,1,True,3.28,Business,Unknown,670.0,5.0,Financial Services,0
3262,1,False,3.07,Humanities,Asian,570.0,5.0,Consulting,0
3263,1,True,3.55,Humanities,Unknown,690.0,4.0,PE/VC,0
3264,1,False,3.45,STEM,White,700.0,7.0,Retail,0
3266,1,False,3.08,STEM,Black,640.0,7.0,Financial Services,0
3267,1,False,3.48,Humanities,White,750.0,5.0,Consulting,0
3268,1,True,3.19,STEM,Unknown,680.0,3.0,Nonprofit/Gov,0
3269,0,False,2.89,Humanities,Black,580.0,6.0,Financial Services,0
3270,1,False,3.3,Humanities,White,650.0,4.0,Other,0
3271,0,False,3.32,STEM,Asian,690.0,4.0,Nonprofit/Gov,0
3272,0,True,3.36,Business,Unknown,720.0,5.0,Nonprofit/Gov,0
3273,0,False,3.04,Business,Black,570.0,5.0,Technology,0
3274,1,False,3.17,STEM,Asian,630.0,4.0,Consulting,0
3275,1,False,3.27,Business,Asian,610.0,4.0,Consulting,0
3276,1,False,3.25,STEM,Black,630.0,3.0,Consulting,0
3277,1,False,3.25,Business,White,610.0,4.0,Consulting,0
3278,1,False,3.24,STEM,Asian,680.0,4.0,Financial Services,0
3279,1,False,3.14,STEM,Hispanic,620.0,6.0,Other,0
3280,1,True,3.27,STEM,Unknown,780.0,4.0,Consulting,1
3282,1,False,3.25,Humanities,Black,620.0,7.0,Health Care,0
3283,0,True,3.01,Business,Unknown,660.0,6.0,Financial Services,0
3284,1,True,3.35,Humanities,Unknown,600.0,5.0,Other,0
3285,1,False,3.08,Humanities,Hispanic,660.0,5.0,Health Care,0
3286,1,False,3.27,Humanities,Asian,620.0,6.0,Financial Services,0
3287,0,False,3.12,STEM,White,570.0,3.0,Nonprofit/Gov,0
3288,1,False,3.3,STEM,Black,650.0,5.0,Technology,0
3289,1,False,3.2,Humanities,White,670.0,6.0,Nonprofit/Gov,0
3290,0,False,3.16,Humanities,Hispanic,570.0,6.0,Health Care,0
3291,1,False,2.98,STEM,Asian,570.0,5.0,CPG,0
3292,0,False,3.45,STEM,Black,720.0,4.0,Consulting,0
3293,1,False,3.23,STEM,Asian,690.0,7.0,Nonprofit/Gov,0
3294,0,False,3.21,Business,White,630.0,6.0,Consulting,0
3295,1,True,2.94,Humanities,Unknown,610.0,5.0,Technology,0
3296,1,False,3.56,Humanities,Hispanic,740.0,5.0,Consulting,1
3297,1,True,3.05,Business,Unknown,600.0,3.0,Consulting,0
3298,0,False,3.17,Business,Hispanic,610.0,7.0,Technology,0
3299,1,True,3.24,Humanities,Unknown,640.0,5.0,Financial Services,0
3300,1,True,3.43,STEM,Unknown,700.0,6.0,PE/VC,1
3301,1,False,3.07,Humanities,Asian,650.0,4.0,Consulting,0
3302,1,False,3.26,Humanities,White,590.0,7.0,CPG,0
3303,1,True,2.9,Humanities,Unknown,610.0,4.0,Investment Management,0
3304,1,False,3.3,Humanities,White,620.0,5.0,Consulting,0
3305,1,False,3.49,Business,Black,690.0,4.0,Health Care,0
3306,1,False,3.43,Humanities,White,710.0,5.0,Consulting,0
3307,1,False,3.29,STEM,Asian,700.0,5.0,PE/VC,0
3308,1,False,2.99,Business,White,570.0,5.0,Health Care,0
3309,0,False,3.43,Business,White,730.0,4.0,Nonprofit/Gov,1
3310,1,False,3.41,Humanities,White,760.0,4.0,Financial Services,1
3311,1,False,3.19,Business,White,670.0,4.0,CPG,0
3312,0,False,3.13,Humanities,Hispanic,770.0,4.0,Consulting,0
3313,1,False,3.3,STEM,White,650.0,7.0,Financial Services,0
3314,0,False,3.16,STEM,Black,590.0,6.0,PE/VC,0
3315,1,False,3.16,Humanities,Asian,680.0,7.0,Health Care,0
3316,0,True,3.26,Humanities,Unknown,590.0,5.0,Investment Banking,0
3317,1,False,3.34,STEM,Asian,640.0,6.0,CPG,0
3318,1,False,2.97,STEM,Asian,590.0,4.0,PE/VC,0
3319,1,True,3.16,Business,Unknown,700.0,6.0,Financial Services,0
3320,1,False,3.27,Humanities,Asian,580.0,5.0,Other,0
3321,1,False,3.25,STEM,White,690.0,6.0,Consulting,0
3322,0,False,3.09,Humanities,Hispanic,640.0,6.0,Financial Services,0
3323,0,True,3.23,Humanities,Unknown,640.0,4.0,PE/VC,0
3324,1,False,3.53,Business,Hispanic,710.0,6.0,Consulting,0
3325,0,False,3.23,Humanities,Black,620.0,5.0,Real Estate,0
3326,0,False,3.04,Business,Hispanic,580.0,4.0,Consulting,0
3327,1,False,3.46,STEM,White,690.0,6.0,Consulting,1
3328,1,False,3.07,Business,White,620.0,5.0,Consulting,0
3329,0,False,3.09,Humanities,Black,640.0,4.0,Consulting,0
3330,1,True,3.34,Humanities,Unknown,600.0,5.0,Nonprofit/Gov,0
3331,0,False,3.11,Business,Other,650.0,6.0,PE/VC,0
3332,1,True,3.35,Humanities,Unknown,660.0,4.0,Financial Services,0
3333,0,True,2.93,Business,Unknown,600.0,6.0,Consulting,0
3334,1,False,3.13,Business,Asian,630.0,3.0,Consulting,0
3335,1,True,3.47,STEM,Unknown,690.0,5.0,Nonprofit/Gov,0
3336,1,True,3.44,Humanities,Unknown,630.0,5.0,Consulting,0
3337,0,False,3.16,STEM,White,600.0,5.0,Consulting,0
3338,1,False,3.24,Business,White,590.0,4.0,Nonprofit/Gov,0
3339,1,False,3.17,STEM,White,580.0,6.0,Consulting,0
3340,1,False,3.17,Humanities,Black,610.0,5.0,Consulting,0
3341,1,True,3.34,Business,Unknown,750.0,6.0,Financial Services,1
3342,0,True,3.54,STEM,Unknown,770.0,5.0,Consulting,1
3343,1,False,3.42,Humanities,Hispanic,740.0,4.0,Financial Services,0
3344,1,False,3.2,Humanities,Asian,660.0,5.0,Consulting,0
3345,0,False,3.59,Humanities,White,740.0,5.0,Other,1
3346,1,False,2.98,Humanities,White,570.0,4.0,Consulting,0
3347,1,False,3.26,STEM,White,660.0,5.0,Investment Management,0
3348,0,True,3.43,Business,Unknown,620.0,4.0,Consulting,0
3349,1,False,3.46,Business,Other,710.0,5.0,Health Care,0
3350,0,False,3.22,STEM,White,590.0,5.0,Energy,0
3351,1,True,3.1,STEM,Unknown,620.0,6.0,Nonprofit/Gov,0
3352,0,True,3.11,Business,Unknown,590.0,5.0,Technology,0
3353,1,True,3.27,Humanities,Unknown,690.0,5.0,PE/VC,0
3354,0,False,3.06,Humanities,White,590.0,5.0,Health Care,0
3355,1,True,3.01,STEM,Unknown,660.0,4.0,Investment Banking,0
3356,0,False,3.06,STEM,Black,620.0,5.0,PE/VC,0
3357,1,False,3.16,Humanities,Asian,670.0,4.0,Nonprofit/Gov,0
3358,1,True,3.16,Business,Unknown,610.0,3.0,PE/VC,0
3359,1,False,3.04,STEM,Asian,570.0,6.0,Technology,0
3360,1,False,3.32,Humanities,Asian,740.0,4.0,Consulting,1
3361,0,True,3.13,Humanities,Unknown,630.0,7.0,Consulting,0
3362,1,True,3.48,Business,Unknown,660.0,6.0,Technology,1
3363,0,False,3.24,STEM,White,600.0,4.0,Other,0
3364,1,True,3.36,Business,Unknown,770.0,4.0,PE/VC,1
3365,1,True,3.38,Humanities,Unknown,640.0,4.0,Financial Services,0
3366,0,False,2.93,STEM,Black,590.0,6.0,Nonprofit/Gov,0
3367,1,False,3.17,STEM,Black,600.0,4.0,Consulting,0
3368,1,False,3.19,Humanities,Black,650.0,5.0,Consulting,0
3369,0,False,3.25,STEM,Black,620.0,5.0,Consulting,0
3370,0,False,2.96,Business,White,570.0,5.0,Real Estate,0
3371,1,False,3.26,Business,White,640.0,6.0,Investment Banking,0
3372,0,True,3.28,Business,Unknown,680.0,3.0,Consulting,0
3373,1,False,3.25,Humanities,Black,620.0,6.0,Investment Banking,0
3374,0,False,3.12,Humanities,Black,680.0,4.0,Real Estate,0
3375,0,False,3.07,Humanities,White,570.0,5.0,PE/VC,0
3376,1,True,3.43,Humanities,Unknown,780.0,5.0,Investment Banking,0
3377,1,True,3.13,Humanities,Unknown,660.0,5.0,Investment Banking,0
3378,1,True,3.55,STEM,Unknown,740.0,5.0,PE/VC,0
3379,1,False,3.44,Business,Hispanic,720.0,8.0,Technology,0
3381,0,True,3.21,Humanities,Unknown,650.0,4.0,Investment Banking,0
3382,0,False,3.25,STEM,White,640.0,7.0,Technology,0
3383,1,False,3.19,Humanities,Black,680.0,5.0,Health Care,0
3384,0,True,3.07,Humanities,Unknown,570.0,6.0,Consulting,0
3385,0,True,3.13,Business,Unknown,620.0,4.0,Investment Banking,0
3386,1,True,3.36,Business,Unknown,620.0,5.0,PE/VC,0
3387,1,True,2.97,STEM,Unknown,570.0,5.0,Investment Banking,0
3388,1,False,3.26,Humanities,Asian,700.0,4.0,Consulting,0
3389,1,False,3.11,STEM,Asian,630.0,5.0,Health Care,0
3390,0,True,3.21,Humanities,Unknown,630.0,5.0,Investment Banking,0
3391,0,True,3.15,STEM,Unknown,660.0,4.0,Other,0
3392,1,True,3.18,Humanities,Unknown,630.0,6.0,Consulting,0
3393,1,False,3.43,Business,White,650.0,6.0,Consulting,0
3394,0,False,3.53,Humanities,Hispanic,780.0,6.0,Nonprofit/Gov,1
3395,1,False,3.21,Business,Asian,680.0,7.0,PE/VC,0
3396,1,False,3.14,Humanities,White,570.0,7.0,PE/VC,0
3397,1,False,3.27,STEM,Other,670.0,5.0,Financial Services,1
3398,1,False,3.59,Humanities,Black,760.0,4.0,PE/VC,0
3399,0,False,3.14,STEM,Hispanic,570.0,4.0,Consulting,0
3400,1,False,3.13,Humanities,Asian,690.0,3.0,PE/VC,0
3401,0,False,3.46,Business,Black,780.0,5.0,Investment Banking,0
3402,0,False,2.87,Humanities,White,570.0,5.0,PE/VC,0
3403,0,False,3.34,Business,Black,640.0,4.0,Consulting,0
3404,0,False,3.44,Humanities,White,750.0,5.0,PE/VC,0
3405,0,False,3.43,Humanities,White,780.0,5.0,Consulting,0
3406,1,False,2.97,Business,Black,580.0,6.0,Real Estate,0
3407,1,False,3.43,Humanities,Hispanic,760.0,7.0,Consulting,0
3408,0,True,3.11,Humanities,Unknown,620.0,4.0,Technology,0
3409,0,True,3.24,STEM,Unknown,740.0,5.0,Investment Management,1
3410,0,True,3.49,Business,Unknown,680.0,3.0,PE/VC,1
3411,1,False,3.38,Humanities,White,720.0,5.0,Investment Banking,1
3412,1,True,3.04,STEM,Unknown,590.0,5.0,Consulting,0
3413,0,True,3.52,Business,Unknown,610.0,5.0,Consulting,0
3414,0,False,3.14,STEM,White,620.0,5.0,Technology,0
3415,1,False,3.19,Humanities,Other,670.0,5.0,Nonprofit/Gov,0
3416,0,False,3.12,Humanities,Asian,570.0,4.0,PE/VC,0
3417,1,False,3.02,Humanities,Asian,620.0,4.0,Consulting,0
3418,0,True,3.3,Humanities,Unknown,720.0,4.0,Other,0
3419,0,True,3.07,Humanities,Unknown,600.0,6.0,Technology,0
3420,1,False,3.19,STEM,Asian,670.0,4.0,Consulting,0
3421,0,True,3.29,Humanities,Unknown,690.0,4.0,Technology,0
3422,1,True,3.36,STEM,Unknown,720.0,6.0,Consulting,0
3423,1,False,3.28,STEM,White,650.0,5.0,PE/VC,0
3424,0,False,3.24,Humanities,Black,670.0,6.0,Technology,0
3425,1,False,3.42,STEM,White,640.0,5.0,Investment Banking,0
3426,0,False,3.37,Humanities,Asian,700.0,4.0,Health Care,0
3427,1,False,3.16,STEM,Asian,580.0,5.0,PE/VC,0
3428,1,True,3.1,Humanities,Unknown,570.0,4.0,PE/VC,0
3429,0,True,3.23,STEM,Unknown,650.0,6.0,Investment Banking,0
3430,0,False,3.03,Humanities,White,620.0,6.0,Nonprofit/Gov,0
3431,1,True,3.27,STEM,Unknown,710.0,3.0,Nonprofit/Gov,0
3432,1,False,3.35,Humanities,Asian,660.0,5.0,Nonprofit/Gov,0
3433,1,True,3.38,Humanities,Unknown,690.0,6.0,Consulting,0
3434,1,False,3.39,Humanities,White,650.0,5.0,PE/VC,0
3435,1,False,3.14,Business,Black,660.0,3.0,Investment Management,0
3436,0,True,3.3,STEM,Unknown,650.0,4.0,Nonprofit/Gov,0
3437,1,False,3.13,STEM,Asian,650.0,5.0,Nonprofit/Gov,0
3438,0,True,3.13,Humanities,Unknown,690.0,4.0,Nonprofit/Gov,0
3439,0,False,3.24,STEM,Asian,610.0,6.0,Consulting,0
3440,0,False,3.23,STEM,Hispanic,680.0,5.0,Investment Banking,0
3441,0,True,3.06,Business,Unknown,600.0,5.0,Investment Banking,0
3442,1,True,3.17,Business,Unknown,580.0,7.0,Technology,0
3443,0,False,3.67,Humanities,Black,720.0,6.0,Consulting,1
3444,0,False,3.31,Humanities,White,690.0,5.0,Consulting,1
3445,0,False,2.87,STEM,White,610.0,6.0,Nonprofit/Gov,0
3447,0,False,3.12,STEM,Asian,600.0,4.0,Consulting,0
3448,0,False,3.05,Humanities,Black,570.0,6.0,Nonprofit/Gov,0
3449,1,True,3.37,Humanities,Unknown,630.0,6.0,Technology,0
3450,1,False,3.45,Business,White,770.0,7.0,Consulting,1
3451,1,False,3.03,Business,White,570.0,5.0,Media/Entertainment,0
3452,0,False,3.07,Business,White,680.0,6.0,Consulting,0
3453,0,False,2.99,Humanities,Asian,650.0,5.0,Consulting,0
3454,1,False,3.35,Business,White,710.0,4.0,Consulting,0
3455,0,False,3.01,STEM,White,580.0,5.0,Technology,0
3456,1,True,3.34,STEM,Unknown,700.0,6.0,Nonprofit/Gov,0
3457,1,True,3.09,Humanities,Unknown,620.0,4.0,Investment Banking,0
3458,1,True,3.23,Business,Unknown,680.0,5.0,Consulting,1
3459,1,False,3.07,Business,Asian,610.0,6.0,Consulting,0
3460,1,True,3.31,Humanities,Unknown,710.0,4.0,Consulting,0
3461,1,True,3.17,STEM,Unknown,590.0,5.0,Consulting,0
3462,0,False,3.03,Humanities,Other,610.0,5.0,Investment Banking,0
3463,0,False,3.4,Humanities,Asian,690.0,5.0,Nonprofit/Gov,1
3464,1,False,3.27,STEM,White,620.0,5.0,Consulting,0
3465,1,False,3.02,Humanities,Black,570.0,4.0,Consulting,0
3466,1,False,3.35,STEM,Black,670.0,5.0,Financial Services,0
3467,1,False,3.23,Humanities,Asian,650.0,5.0,Nonprofit/Gov,0
3468,0,False,3.14,Business,Black,670.0,5.0,Consulting,0
3469,1,False,3.24,Business,Black,650.0,6.0,PE/VC,0
3470,1,True,3.38,STEM,Unknown,670.0,5.0,Investment Banking,0
3471,1,False,3.27,Business,White,610.0,6.0,PE/VC,0
3472,0,False,3.33,Humanities,Black,580.0,6.0,Financial Services,0
3473,0,False,3.0,Business,White,620.0,3.0,Consulting,0
3474,1,False,3.47,STEM,Hispanic,640.0,4.0,Financial Services,0
3475,0,True,3.21,STEM,Unknown,660.0,6.0,Consulting,0
3476,1,True,3.16,Humanities,Unknown,680.0,5.0,Consulting,0
3477,1,False,3.38,Humanities,Asian,640.0,5.0,CPG,0
3478,1,False,3.45,Humanities,Other,620.0,4.0,Technology,0
3479,1,False,3.16,Business,Black,620.0,4.0,Financial Services,0
3480,0,False,3.05,Business,Black,610.0,3.0,Consulting,0
3481,1,True,3.04,Humanities,Unknown,650.0,7.0,Consulting,0
3482,0,True,3.21,STEM,Unknown,670.0,2.0,Investment Banking,0
3483,1,False,3.38,STEM,White,680.0,4.0,Nonprofit/Gov,0
3484,1,False,3.39,STEM,White,710.0,4.0,Technology,0
3485,1,True,3.19,Business,Unknown,690.0,6.0,CPG,0
3486,0,False,3.51,Humanities,Hispanic,710.0,6.0,Health Care,1
3487,1,True,3.29,Business,Unknown,670.0,4.0,CPG,1
3488,1,False,3.22,Humanities,Black,570.0,6.0,Health Care,0
3489,1,True,3.26,STEM,Unknown,660.0,3.0,Investment Management,0
3490,0,False,3.24,STEM,Hispanic,600.0,5.0,Consulting,0
3491,0,True,3.26,Humanities,Unknown,620.0,5.0,Nonprofit/Gov,0
3492,0,True,3.25,Business,Unknown,680.0,4.0,Nonprofit/Gov,0
3493,1,True,3.14,Humanities,Unknown,640.0,6.0,Other,0
3494,0,True,3.38,Humanities,Unknown,670.0,6.0,Investment Banking,0
3495,1,False,3.51,Humanities,White,700.0,6.0,Consulting,1
3496,0,False,3.32,Business,Asian,630.0,4.0,Nonprofit/Gov,0
3497,0,True,3.11,Humanities,Unknown,660.0,5.0,Technology,0
3498,1,False,3.48,Business,Black,620.0,3.0,Consulting,0
3499,0,False,3.18,Humanities,White,580.0,4.0,PE/VC,0
3500,1,False,3.42,Business,Asian,670.0,5.0,Other,0
3501,0,True,3.52,STEM,Unknown,730.0,5.0,Consulting,0
3502,1,True,3.23,Business,Unknown,610.0,7.0,Technology,0
3503,1,False,3.13,Business,White,630.0,5.0,PE/VC,0
3504,1,True,3.26,Business,Unknown,660.0,5.0,Media/Entertainment,0
3505,1,True,3.49,STEM,Unknown,640.0,6.0,Consulting,0
3507,0,False,3.15,STEM,White,660.0,5.0,Consulting,0
3508,0,False,3.32,Humanities,Black,670.0,5.0,Nonprofit/Gov,0
3509,1,True,3.18,STEM,Unknown,680.0,3.0,PE/VC,0
3510,0,False,3.32,Humanities,Asian,580.0,6.0,Technology,0
3511,0,True,3.31,Humanities,Unknown,610.0,5.0,Technology,0
3512,0,True,3.11,Business,Unknown,590.0,6.0,Other,0
3513,0,False,3.16,Humanities,Asian,620.0,7.0,Investment Banking,0
3514,1,True,3.09,STEM,Unknown,730.0,5.0,Media/Entertainment,0
3515,0,False,3.02,Business,Black,660.0,6.0,Nonprofit/Gov,0
3516,0,False,3.36,Humanities,Black,710.0,5.0,Consulting,1
3517,1,False,3.0,Business,Black,650.0,6.0,Technology,0
3518,1,False,3.23,Humanities,Hispanic,670.0,6.0,PE/VC,0
3519,0,False,3.42,Business,White,650.0,4.0,PE/VC,0
3520,0,False,3.54,Business,Asian,710.0,5.0,Nonprofit/Gov,0
3521,1,False,3.15,Humanities,Asian,600.0,2.0,Investment Banking,0
3522,0,False,3.23,Business,Black,620.0,6.0,Consulting,0
3523,1,False,3.28,Business,Black,670.0,5.0,Consulting,0
3524,1,False,3.34,Business,White,650.0,6.0,Health Care,0
3525,1,False,2.8,Business,White,570.0,6.0,Consulting,0
3526,1,False,3.49,STEM,White,660.0,6.0,PE/VC,0
3527,1,False,3.29,Humanities,Black,600.0,4.0,CPG,0
3528,1,False,3.19,STEM,Black,650.0,6.0,PE/VC,0
3529,0,True,3.23,STEM,Unknown,650.0,6.0,Nonprofit/Gov,0
3530,0,False,3.38,Humanities,Asian,630.0,5.0,Financial Services,0
3531,1,False,3.15,Humanities,Asian,640.0,5.0,Other,0
3532,1,True,3.09,Business,Unknown,620.0,5.0,Financial Services,0
3533,0,False,3.28,Humanities,White,670.0,8.0,Consulting,1
3534,1,False,3.21,Business,White,660.0,6.0,Health Care,0
3535,0,False,3.04,Business,White,570.0,5.0,Consulting,0
3536,0,False,3.12,Business,Black,570.0,4.0,Consulting,0
3537,1,False,3.44,Business,White,620.0,5.0,Investment Banking,0
3538,1,False,3.37,Business,White,620.0,5.0,Financial Services,0
3539,1,False,3.54,STEM,Hispanic,740.0,5.0,Health Care,1
3540,1,False,3.5,Humanities,White,720.0,4.0,Technology,0
3541,1,False,3.08,Humanities,Asian,590.0,4.0,Consulting,0
3542,1,True,3.15,Business,Unknown,630.0,6.0,Other,0
3543,0,False,3.0,Humanities,Black,630.0,7.0,Nonprofit/Gov,0
3544,1,False,3.39,Business,Asian,610.0,5.0,Investment Banking,0
3545,1,False,3.02,Humanities,Black,610.0,5.0,PE/VC,0
3546,1,True,3.35,Humanities,Unknown,660.0,2.0,Real Estate,1
3547,0,True,3.11,Humanities,Unknown,640.0,5.0,PE/VC,0
3548,1,False,3.0,STEM,Black,640.0,4.0,Consulting,0
3549,1,False,3.21,STEM,Other,700.0,5.0,Consulting,0
3550,0,False,3.24,Business,Black,680.0,7.0,Nonprofit/Gov,0
3551,1,False,3.17,Business,Asian,680.0,6.0,Investment Banking,0
3552,1,True,3.52,Business,Unknown,750.0,6.0,Consulting,1
3553,1,False,3.26,Humanities,White,680.0,5.0,Consulting,0
3554,0,False,3.37,Business,Black,650.0,7.0,Health Care,0
3555,0,False,3.29,Humanities,Asian,660.0,4.0,Consulting,0
3556,1,False,3.36,Business,Black,760.0,8.0,Investment Management,0
3557,1,True,3.23,Humanities,Unknown,640.0,6.0,PE/VC,0
3558,0,False,3.19,Humanities,Other,570.0,6.0,Technology,0
3559,1,False,3.46,Humanities,White,770.0,5.0,Health Care,0
3560,1,True,3.42,Humanities,Unknown,680.0,5.0,Investment Banking,0
3561,1,False,3.15,STEM,Black,660.0,5.0,Energy,0
3562,0,True,3.23,Business,Unknown,600.0,5.0,PE/VC,0
3563,0,True,3.35,Humanities,Unknown,650.0,5.0,CPG,0
3564,1,False,3.32,Business,Black,630.0,5.0,Consulting,0
3565,1,False,3.2,Business,Black,620.0,5.0,Health Care,0
3566,1,True,3.2,STEM,Unknown,580.0,5.0,Investment Management,0
3567,1,False,3.29,Business,White,710.0,4.0,Investment Management,0
3568,1,False,3.44,Business,White,740.0,5.0,Financial Services,0
3569,1,False,2.99,Business,Hispanic,680.0,4.0,Consulting,0
3570,1,False,3.46,Business,Other,690.0,5.0,Consulting,0
3571,1,False,3.55,Humanities,Black,710.0,5.0,Consulting,1
3572,1,False,3.34,Humanities,Asian,650.0,5.0,Consulting,0
3573,1,False,3.4,STEM,White,640.0,5.0,Other,0
3574,1,False,3.34,STEM,Asian,710.0,4.0,Technology,1
3575,1,False,3.22,Business,White,680.0,7.0,Consulting,0
3576,1,False,3.26,STEM,Asian,640.0,4.0,Other,0
3577,0,False,3.3,Humanities,Hispanic,660.0,4.0,Financial Services,1
3578,1,False,3.4,Business,Hispanic,670.0,4.0,PE/VC,1
3579,0,False,3.04,STEM,Other,580.0,5.0,Consulting,0
3580,1,False,3.47,STEM,White,750.0,4.0,PE/VC,0
3581,1,False,3.18,Humanities,Other,700.0,5.0,Consulting,0
3582,1,False,3.28,Business,Asian,720.0,5.0,PE/VC,1
3583,1,False,3.41,STEM,Black,680.0,5.0,Technology,0
3584,0,False,3.06,STEM,White,570.0,3.0,Financial Services,0
3585,0,True,3.35,STEM,Unknown,670.0,5.0,Real Estate,0
3586,1,True,3.42,STEM,Unknown,680.0,7.0,Consulting,0
3587,1,False,3.29,Business,Hispanic,620.0,5.0,PE/VC,0
3588,1,False,3.65,Humanities,Hispanic,730.0,6.0,Nonprofit/Gov,0
3589,1,True,3.38,Humanities,Unknown,680.0,6.0,Investment Banking,0
3590,0,False,3.16,Humanities,Hispanic,580.0,4.0,Investment Banking,0
3591,1,True,3.58,Business,Unknown,720.0,3.0,Technology,0
3593,1,False,3.37,Humanities,Asian,660.0,4.0,Other,0
3594,0,False,3.35,Humanities,White,700.0,5.0,PE/VC,1
3595,0,False,3.48,Business,Asian,640.0,5.0,PE/VC,0
3596,0,True,3.15,Business,Unknown,650.0,6.0,Consulting,0
3597,0,False,3.4,Business,Asian,710.0,7.0,Investment Management,0
3598,1,True,3.35,Humanities,Unknown,730.0,6.0,Investment Management,1
3599,1,False,2.85,STEM,Asian,570.0,3.0,Consulting,0
3600,0,True,3.34,STEM,Unknown,660.0,5.0,Consulting,0
3601,0,False,3.51,Humanities,White,740.0,4.0,Consulting,0
3602,0,True,3.25,Business,Unknown,650.0,6.0,Retail,0
3603,1,True,3.0,Business,Unknown,650.0,6.0,Nonprofit/Gov,0
3604,0,True,3.22,Humanities,Unknown,700.0,5.0,Consulting,0
3605,1,False,3.14,STEM,Black,600.0,5.0,Technology,0
3606,1,False,3.01,Humanities,White,580.0,5.0,Consulting,0
3607,0,False,2.92,Humanities,Hispanic,570.0,4.0,Consulting,0
3608,1,False,3.17,Humanities,White,640.0,3.0,Media/Entertainment,0
3609,1,False,3.41,Humanities,Hispanic,670.0,4.0,Consulting,0
3610,1,True,3.33,Humanities,Unknown,650.0,5.0,Investment Management,0
3611,1,False,3.45,Humanities,Black,650.0,2.0,Technology,0
3612,1,False,3.42,STEM,Black,700.0,5.0,Consulting,0
3613,0,False,3.29,Humanities,Asian,740.0,4.0,PE/VC,1
3614,1,True,3.06,Business,Unknown,650.0,7.0,PE/VC,0
3615,0,False,3.19,STEM,Black,610.0,4.0,Investment Banking,0
3616,0,False,3.35,Business,Asian,690.0,6.0,Technology,1
3617,1,False,3.4,Humanities,Asian,710.0,4.0,Technology,0
3618,0,False,3.23,Humanities,Asian,570.0,7.0,PE/VC,0
3619,1,False,3.34,Business,Other,650.0,5.0,Other,0
3620,1,True,3.5,Business,Unknown,660.0,3.0,Health Care,1
3621,1,True,3.18,Business,Unknown,620.0,4.0,Technology,0
3622,0,True,3.33,Humanities,Unknown,640.0,6.0,Consulting,0
3623,1,False,3.24,Business,White,600.0,6.0,Consulting,0
3624,1,False,3.23,Business,Hispanic,650.0,4.0,Other,0
3625,0,False,3.07,Business,White,640.0,6.0,Technology,0
3626,1,False,3.08,Humanities,Black,630.0,5.0,Consulting,0
3627,1,False,3.09,Humanities,White,630.0,3.0,Technology,0
3628,1,False,3.35,Business,White,650.0,5.0,PE/VC,0
3629,0,True,3.16,STEM,Unknown,580.0,7.0,Other,0
3630,1,True,3.26,STEM,Unknown,600.0,6.0,Nonprofit/Gov,0
3631,1,True,3.02,Humanities,Unknown,570.0,7.0,Technology,0
3632,0,True,3.31,Humanities,Unknown,670.0,5.0,Real Estate,0
3633,0,True,3.14,STEM,Unknown,610.0,3.0,Other,0
3634,1,False,3.21,Humanities,Hispanic,690.0,5.0,PE/VC,1
3635,1,False,3.52,Humanities,Asian,760.0,7.0,Financial Services,0
3636,1,False,3.25,Business,Asian,660.0,5.0,Consulting,0
3637,1,True,3.26,Humanities,Unknown,610.0,5.0,Technology,0
3638,0,True,2.78,Humanities,Unknown,570.0,6.0,Health Care,0
3639,1,False,2.98,STEM,Black,580.0,5.0,Investment Banking,0
3640,0,False,3.25,STEM,Asian,710.0,5.0,PE/VC,1
3641,0,True,3.18,Humanities,Unknown,610.0,5.0,Media/Entertainment,0
3642,1,False,3.31,Humanities,Asian,650.0,4.0,Consulting,0
3643,1,False,3.13,Humanities,White,630.0,5.0,Technology,0
3644,1,True,3.55,STEM,Unknown,750.0,6.0,Health Care,1
3645,1,False,3.14,STEM,White,640.0,4.0,Health Care,0
3646,1,False,3.36,STEM,Black,740.0,5.0,Financial Services,0
3647,1,False,3.43,STEM,White,660.0,4.0,PE/VC,0
3648,0,False,3.17,Humanities,White,700.0,4.0,Other,0
3649,0,False,3.54,Business,White,780.0,5.0,Health Care,0
3650,1,True,3.41,STEM,Unknown,670.0,5.0,Health Care,0
3651,1,False,3.17,STEM,Hispanic,630.0,6.0,Nonprofit/Gov,0
3652,0,False,3.03,STEM,Hispanic,570.0,3.0,PE/VC,0
3653,0,False,3.21,Business,Asian,650.0,6.0,Consulting,0
3654,0,True,3.07,Humanities,Unknown,580.0,6.0,Consulting,0
3655,0,False,3.28,Business,White,680.0,6.0,Consulting,0
3656,1,False,3.21,STEM,Asian,680.0,4.0,Consulting,0
3657,0,False,3.34,Business,Asian,710.0,5.0,Other,0
3658,1,False,3.08,STEM,White,620.0,4.0,Technology,0
3659,1,False,3.3,Humanities,Black,650.0,4.0,Consulting,0
3660,1,False,3.15,Humanities,White,590.0,4.0,Technology,0
3661,1,False,3.34,STEM,Asian,690.0,4.0,Investment Banking,1
3662,0,False,3.45,Humanities,Black,720.0,5.0,Investment Banking,0
3663,1,False,3.15,STEM,Black,640.0,3.0,Technology,0
3664,1,True,3.28,Business,Unknown,660.0,6.0,Financial Services,1
3665,0,True,3.03,Humanities,Unknown,580.0,5.0,Financial Services,0
3666,1,False,3.32,Humanities,Asian,680.0,6.0,PE/VC,0
3667,0,True,3.02,Humanities,Unknown,600.0,6.0,Technology,0
3668,0,False,3.19,Humanities,Black,660.0,6.0,Other,0
3669,0,False,3.18,Humanities,Hispanic,620.0,7.0,Consulting,0
3670,1,False,3.2,Humanities,Black,600.0,3.0,Nonprofit/Gov,0
3671,0,False,3.03,Humanities,Black,570.0,3.0,Nonprofit/Gov,0
3672,1,False,3.13,Business,White,610.0,5.0,Consulting,0
3673,1,False,3.46,Humanities,Hispanic,680.0,4.0,Consulting,0
3674,0,False,3.17,Business,Black,680.0,5.0,Consulting,0
3675,0,False,3.0,Business,White,580.0,4.0,Consulting,0
3676,1,False,3.25,Business,Asian,630.0,4.0,Nonprofit/Gov,0
3677,0,False,3.19,Humanities,Black,680.0,5.0,Other,0
3678,0,False,3.46,Business,White,690.0,7.0,Retail,0
3679,0,False,3.18,Humanities,White,660.0,6.0,Media/Entertainment,0
3680,1,False,3.3,Humanities,White,610.0,5.0,Consulting,0
3681,0,False,3.1,Humanities,White,580.0,4.0,Nonprofit/Gov,0
3682,1,False,3.28,Business,Black,700.0,5.0,Technology,1
3683,1,True,3.28,STEM,Unknown,590.0,6.0,PE/VC,0
3684,1,False,3.16,Humanities,Asian,640.0,6.0,Financial Services,0
3685,1,False,3.24,Humanities,Asian,640.0,4.0,PE/VC,0
3686,0,True,3.28,Business,Unknown,730.0,6.0,Nonprofit/Gov,0
3687,1,False,3.17,Humanities,Black,610.0,8.0,Investment Banking,0
3688,0,False,3.28,Business,Black,580.0,6.0,PE/VC,0
3689,1,False,3.33,STEM,Hispanic,630.0,5.0,Financial Services,0
3690,1,False,3.32,Business,Asian,600.0,5.0,Consulting,0
3691,1,False,3.36,Business,Other,700.0,5.0,Technology,0
3692,0,True,3.33,STEM,Unknown,620.0,5.0,Consulting,0
3693,0,True,3.17,STEM,Unknown,700.0,5.0,PE/VC,0
3694,1,False,3.46,STEM,Asian,750.0,6.0,Consulting,0
3695,1,False,3.24,STEM,Asian,700.0,5.0,Investment Management,0
3696,1,False,3.27,STEM,Asian,640.0,5.0,Technology,0
3697,1,False,3.18,Humanities,Black,630.0,5.0,Energy,0
3698,1,False,3.31,STEM,White,650.0,7.0,Health Care,0
3699,1,False,3.24,Humanities,Asian,650.0,5.0,PE/VC,0
3700,0,False,3.26,STEM,Asian,620.0,3.0,Health Care,0
3701,1,True,3.18,Business,Unknown,580.0,6.0,Consulting,0
3702,0,True,3.01,Humanities,Unknown,600.0,6.0,CPG,0
3703,0,False,3.36,Humanities,Asian,610.0,5.0,Consulting,0
3704,0,False,3.42,STEM,Black,690.0,5.0,Investment Banking,1
3705,0,False,3.3,Business,Black,670.0,3.0,Technology,0
3706,0,False,3.29,STEM,Asian,710.0,5.0,Nonprofit/Gov,0
3707,0,False,3.04,STEM,Asian,630.0,5.0,Real Estate,0
3708,0,True,3.07,Business,Unknown,570.0,5.0,Nonprofit/Gov,0
3709,1,True,3.3,Humanities,Unknown,640.0,6.0,Consulting,0
3710,0,False,3.19,Business,White,600.0,5.0,Investment Banking,0
3711,1,False,3.41,Business,Asian,640.0,5.0,PE/VC,0
3712,1,False,3.16,STEM,White,680.0,4.0,Financial Services,0
3713,0,True,3.27,Humanities,Unknown,640.0,5.0,PE/VC,0
3714,1,False,3.36,Business,Hispanic,670.0,6.0,Technology,0
3715,1,False,3.22,STEM,White,650.0,6.0,Investment Banking,0
3716,1,False,3.47,Humanities,Black,680.0,4.0,Consulting,0
3717,1,True,3.33,Humanities,Unknown,670.0,5.0,PE/VC,0
3718,0,False,3.39,STEM,Black,650.0,7.0,PE/VC,0
3719,0,True,3.0,STEM,Unknown,570.0,5.0,Consulting,0
3720,0,False,3.1,Business,Asian,580.0,5.0,Financial Services,0
3721,0,False,3.48,Business,Hispanic,680.0,4.0,Consulting,0
3722,0,False,3.36,Business,White,750.0,5.0,Investment Banking,0
3723,1,False,3.14,Humanities,Hispanic,650.0,4.0,PE/VC,0
3724,0,False,3.04,STEM,Black,640.0,5.0,Health Care,0
3725,1,False,3.09,Humanities,Hispanic,630.0,5.0,PE/VC,0
3726,1,False,3.14,Business,White,660.0,5.0,PE/VC,0
3727,1,True,3.26,STEM,Unknown,670.0,6.0,Technology,0
3728,0,False,3.06,Business,Hispanic,650.0,4.0,Consulting,0
3729,0,True,3.24,Business,Unknown,580.0,6.0,Health Care,0
3730,1,True,2.97,Humanities,Unknown,570.0,4.0,PE/VC,0
3731,1,False,3.43,STEM,Asian,660.0,5.0,Financial Services,0
3732,0,True,3.47,STEM,Unknown,680.0,4.0,Consulting,0
3733,0,False,3.24,Humanities,Asian,630.0,5.0,Nonprofit/Gov,0
3734,1,True,3.24,Humanities,Unknown,690.0,6.0,PE/VC,0
3735,1,True,2.98,Humanities,Unknown,610.0,3.0,PE/VC,0
3736,1,False,3.18,STEM,Hispanic,620.0,5.0,Technology,0
3737,1,True,3.56,Humanities,Unknown,730.0,4.0,PE/VC,0
3739,0,False,3.41,Humanities,Asian,650.0,5.0,Consulting,0
3740,1,False,3.25,Humanities,White,620.0,5.0,PE/VC,0
3741,0,False,3.24,STEM,White,590.0,5.0,Technology,0
3742,1,False,3.36,Humanities,White,730.0,5.0,PE/VC,0
3743,1,False,3.23,Humanities,Asian,630.0,6.0,Consulting,0
3744,1,False,3.18,Business,Asian,680.0,5.0,Nonprofit/Gov,0
3745,1,True,3.25,STEM,Unknown,640.0,4.0,Technology,0
3746,0,False,3.5,Humanities,Asian,740.0,7.0,Technology,0
3747,0,True,3.22,Business,Unknown,700.0,4.0,Investment Management,1
3748,1,False,3.43,Humanities,Other,600.0,5.0,Consulting,0
3749,1,False,3.28,Business,Asian,750.0,3.0,Media/Entertainment,1
3750,0,False,3.11,STEM,Black,600.0,5.0,Consulting,0
3751,0,False,3.27,Business,Asian,700.0,7.0,Consulting,0
3752,1,False,3.37,Humanities,Asian,650.0,5.0,Technology,0
3753,1,False,3.28,STEM,Asian,690.0,5.0,Other,0
3754,1,False,3.03,Humanities,Black,570.0,4.0,Consulting,0
3755,1,False,3.07,Humanities,Asian,630.0,4.0,PE/VC,0
3756,0,True,3.12,Business,Unknown,590.0,5.0,Financial Services,0
3757,0,False,3.17,STEM,Asian,570.0,4.0,Consulting,0
3758,1,True,3.43,Humanities,Unknown,690.0,6.0,Consulting,0
3759,1,False,3.39,Humanities,White,640.0,6.0,Health Care,0
3760,1,False,3.28,Business,Asian,660.0,6.0,Investment Banking,1
3761,1,True,3.22,Business,Unknown,670.0,6.0,Investment Banking,0
3762,1,True,3.24,STEM,Unknown,680.0,4.0,Investment Banking,1
3763,1,False,3.46,Humanities,White,740.0,4.0,Investment Management,0
3764,1,False,3.25,STEM,Asian,670.0,5.0,Nonprofit/Gov,1
3765,1,True,3.13,Business,Unknown,610.0,6.0,Investment Banking,0
3766,1,False,3.23,STEM,White,640.0,5.0,Consulting,0
3767,1,False,3.13,STEM,Hispanic,610.0,6.0,Nonprofit/Gov,0
3768,1,False,3.12,Business,Black,670.0,6.0,Investment Banking,0
3769,1,False,3.16,STEM,White,650.0,2.0,PE/VC,0
3770,1,True,3.24,Humanities,Unknown,690.0,3.0,Consulting,0
3771,1,False,3.06,STEM,Hispanic,580.0,5.0,Consulting,0
3772,0,False,3.13,Humanities,Other,660.0,4.0,Other,0
3773,0,False,3.25,Humanities,Black,640.0,3.0,Investment Management,0
3774,1,False,3.32,Humanities,Asian,570.0,6.0,Financial Services,0
3775,0,False,3.21,STEM,White,630.0,3.0,Consulting,0
3776,1,False,3.16,Business,White,680.0,5.0,PE/VC,0
3778,1,True,3.19,Business,Unknown,620.0,7.0,Nonprofit/Gov,0
3779,1,False,3.26,Humanities,Asian,640.0,4.0,PE/VC,0
3780,0,True,3.27,Business,Unknown,680.0,3.0,PE/VC,1
3781,1,False,3.58,Business,Asian,760.0,5.0,Consulting,1
3782,1,False,3.2,STEM,White,650.0,5.0,Consulting,0
3783,0,False,3.19,Business,Hispanic,600.0,6.0,Nonprofit/Gov,0
3784,1,True,3.28,Humanities,Unknown,680.0,6.0,Consulting,1
3785,1,False,3.09,STEM,Asian,570.0,4.0,Consulting,0
3786,1,False,3.05,Business,Black,660.0,5.0,Consulting,0
3787,1,True,3.2,Business,Unknown,660.0,6.0,Technology,0
3788,0,False,2.99,Humanities,White,600.0,5.0,Consulting,0
3789,1,False,3.26,Humanities,Hispanic,730.0,4.0,Health Care,0
3790,0,False,3.29,Humanities,White,640.0,5.0,PE/VC,0
3791,1,False,3.32,STEM,Hispanic,640.0,6.0,Technology,0
3792,1,True,3.4,STEM,Unknown,720.0,7.0,Consulting,1
3793,1,False,3.42,Humanities,White,580.0,6.0,PE/VC,0
3794,0,False,3.38,Humanities,Asian,690.0,4.0,Nonprofit/Gov,0
3795,1,False,3.46,Humanities,Black,600.0,4.0,Technology,0
3796,1,False,3.21,STEM,White,630.0,6.0,Nonprofit/Gov,0
3797,0,False,3.42,Humanities,White,660.0,5.0,PE/VC,0
3798,0,False,3.36,Business,Asian,710.0,5.0,Financial Services,0
3799,1,False,3.24,Humanities,Black,680.0,5.0,PE/VC,1
3800,1,True,3.21,STEM,Unknown,670.0,4.0,Technology,1
3801,1,True,3.38,Humanities,Unknown,700.0,7.0,Nonprofit/Gov,0
3802,1,False,3.07,STEM,White,650.0,7.0,Consulting,0
3803,1,False,3.48,Humanities,White,690.0,4.0,Investment Management,0
3804,0,False,3.18,Humanities,Black,680.0,4.0,Nonprofit/Gov,0
3805,0,False,3.27,STEM,Hispanic,670.0,4.0,Real Estate,1
3806,1,True,3.17,STEM,Unknown,590.0,5.0,Investment Banking,0
3807,0,False,3.21,STEM,Other,600.0,6.0,Consulting,0
3808,1,True,3.34,Humanities,Unknown,740.0,4.0,Consulting,0
3809,0,False,3.01,STEM,Asian,570.0,4.0,PE/VC,0
3810,0,False,3.28,Business,Other,660.0,6.0,Financial Services,0
3811,1,False,3.06,STEM,Asian,570.0,5.0,Real Estate,0
3812,1,False,3.34,STEM,Hispanic,730.0,5.0,PE/VC,0
3813,1,True,3.37,Humanities,Unknown,640.0,5.0,Financial Services,0
3814,1,False,3.24,Business,Asian,710.0,5.0,PE/VC,0
3815,1,False,3.22,STEM,Black,720.0,5.0,Health Care,0
3816,0,False,3.15,Business,White,640.0,5.0,Investment Banking,0
3817,0,False,3.45,STEM,Asian,630.0,6.0,Consulting,0
3818,0,False,3.23,Business,White,670.0,5.0,Real Estate,0
3819,1,False,3.23,Humanities,Black,620.0,6.0,Financial Services,0
3820,1,False,3.39,STEM,White,720.0,4.0,PE/VC,0
3821,1,False,3.27,STEM,Asian,600.0,5.0,Nonprofit/Gov,0
3822,1,True,3.29,Humanities,Unknown,640.0,5.0,Technology,0
3823,0,False,3.26,STEM,White,750.0,5.0,PE/VC,0
3824,1,True,3.07,STEM,Unknown,640.0,5.0,Consulting,0
3825,0,True,3.28,Business,Unknown,610.0,5.0,Other,0
3826,1,False,3.14,Business,Black,620.0,4.0,Other,0
3827,0,True,2.93,Humanities,Unknown,640.0,5.0,Consulting,0
3828,1,False,3.3,Business,White,600.0,4.0,Investment Banking,0
3829,0,True,3.08,Humanities,Unknown,570.0,5.0,CPG,0
3830,1,False,3.12,Business,Hispanic,600.0,5.0,Consulting,0
3831,0,False,3.3,Business,Hispanic,590.0,6.0,PE/VC,0
3832,0,True,3.3,STEM,Unknown,630.0,4.0,Investment Banking,0
3833,1,False,3.22,Business,Asian,630.0,4.0,Investment Banking,0
3834,1,False,3.4,STEM,White,700.0,5.0,Other,1
3835,0,False,3.21,Humanities,White,660.0,4.0,PE/VC,0
3836,0,False,3.45,STEM,White,750.0,5.0,Other,1
3837,0,False,3.49,Business,Hispanic,680.0,6.0,Investment Banking,1
3838,0,False,3.35,Humanities,Black,660.0,5.0,PE/VC,0
3839,1,False,3.24,STEM,White,630.0,5.0,Investment Management,0
3840,0,False,2.91,STEM,White,590.0,5.0,Consulting,0
3841,0,False,3.11,Humanities,White,690.0,7.0,Nonprofit/Gov,0
3842,0,True,3.3,STEM,Unknown,670.0,4.0,Other,0
3843,1,False,3.02,Humanities,Asian,570.0,6.0,Technology,0
3844,1,False,3.17,Humanities,Other,620.0,5.0,Investment Banking,0
3845,0,True,3.35,Business,Unknown,650.0,5.0,PE/VC,0
3846,1,False,3.37,Humanities,White,670.0,4.0,Health Care,0
3847,1,False,3.25,Humanities,Hispanic,690.0,5.0,PE/VC,0
3848,0,True,3.37,Humanities,Unknown,570.0,4.0,Health Care,0
3849,1,False,3.26,Business,Black,630.0,5.0,Technology,0
3850,1,False,3.26,Humanities,Black,700.0,3.0,Nonprofit/Gov,0
3851,1,False,3.08,Humanities,Black,690.0,6.0,Nonprofit/Gov,0
3852,1,False,3.54,Humanities,Black,660.0,7.0,Technology,0
3853,1,False,3.37,STEM,Black,650.0,5.0,Technology,0
3854,1,False,3.29,Humanities,Asian,620.0,6.0,Consulting,0
3855,1,False,3.27,STEM,White,660.0,6.0,Nonprofit/Gov,0
3856,0,False,3.05,STEM,White,660.0,6.0,Technology,0
3857,0,True,3.54,Business,Unknown,620.0,4.0,Consulting,0
3858,1,False,3.27,Humanities,Hispanic,680.0,5.0,Consulting,0
3859,1,False,3.16,STEM,White,670.0,5.0,Consulting,0
3860,1,False,3.29,Business,White,630.0,5.0,Financial Services,0
3861,1,False,3.41,STEM,Hispanic,690.0,2.0,Consulting,0
3862,1,False,3.26,STEM,White,680.0,4.0,Health Care,1
3863,1,False,3.22,Humanities,Black,650.0,5.0,Technology,0
3864,1,False,3.06,Business,Asian,690.0,5.0,Investment Management,0
3865,1,True,3.31,STEM,Unknown,650.0,5.0,Financial Services,0
3866,1,False,3.08,Humanities,White,680.0,6.0,Other,0
3867,1,True,3.34,Humanities,Unknown,590.0,5.0,Nonprofit/Gov,0
3868,1,False,3.25,STEM,White,660.0,5.0,Consulting,0
3869,1,False,3.08,Business,Asian,620.0,5.0,Financial Services,0
3870,1,True,3.16,STEM,Unknown,680.0,5.0,Technology,0
3871,1,False,3.25,Humanities,Black,670.0,5.0,Technology,0
3872,1,False,3.35,STEM,White,650.0,6.0,Health Care,0
3873,0,False,3.11,Business,Asian,600.0,5.0,PE/VC,0
3874,0,False,3.51,Humanities,White,700.0,7.0,Consulting,0
3875,0,False,3.37,Humanities,Hispanic,690.0,6.0,Consulting,1
3876,1,True,3.11,Humanities,Unknown,580.0,5.0,CPG,0
3877,1,False,3.48,Humanities,Asian,670.0,4.0,Consulting,1
3878,1,False,3.07,Humanities,Black,590.0,5.0,Consulting,0
3879,0,False,3.15,Business,White,610.0,5.0,Consulting,0
3880,1,False,3.21,Humanities,Black,580.0,6.0,Health Care,0
3881,1,False,3.54,Business,White,780.0,5.0,Energy,1
3882,0,False,3.27,Humanities,Black,590.0,4.0,PE/VC,0
3883,0,False,3.55,STEM,White,680.0,5.0,Financial Services,1
3884,0,False,3.21,Business,Hispanic,660.0,7.0,Health Care,0
3885,1,True,3.2,Business,Unknown,670.0,5.0,Consulting,0
3886,1,False,3.68,Humanities,Asian,740.0,5.0,Other,1
3887,1,True,3.3,STEM,Unknown,600.0,5.0,Media/Entertainment,0
3888,0,False,3.32,STEM,White,670.0,4.0,PE/VC,0
3889,1,False,3.31,Humanities,Other,650.0,6.0,Investment Banking,0
3890,1,True,3.32,Business,Unknown,750.0,5.0,Health Care,1
3891,1,False,3.08,Humanities,White,590.0,5.0,Other,0
3892,1,False,3.27,Business,Black,710.0,6.0,Financial Services,0
3893,0,False,3.36,STEM,Asian,670.0,6.0,PE/VC,0
3894,0,True,3.17,Business,Unknown,580.0,4.0,Real Estate,0
3895,1,False,3.29,Humanities,Black,630.0,5.0,Financial Services,0
3896,0,False,3.39,STEM,Asian,670.0,6.0,Consulting,0
3897,1,True,2.86,Business,Unknown,600.0,5.0,Investment Banking,0
3898,1,False,3.33,STEM,Asian,670.0,6.0,Consulting,0
3899,1,False,3.16,Business,Black,660.0,5.0,Consulting,0
3900,0,False,3.12,Humanities,Asian,660.0,6.0,PE/VC,0
3901,0,False,3.22,Business,Asian,700.0,5.0,Nonprofit/Gov,0
3902,0,False,3.48,Business,White,770.0,6.0,Consulting,0
3903,0,True,3.15,STEM,Unknown,690.0,4.0,CPG,0
3904,0,False,3.28,Humanities,Black,750.0,5.0,Other,1
3905,0,False,3.14,Humanities,White,590.0,6.0,Real Estate,0
3906,1,True,3.23,STEM,Unknown,650.0,7.0,Investment Management,0
3907,0,True,3.32,Humanities,Unknown,710.0,4.0,PE/VC,0
3908,1,False,3.29,STEM,Black,650.0,3.0,Consulting,0
3909,0,False,3.32,Business,Asian,620.0,6.0,Financial Services,0
3910,0,False,3.43,Humanities,White,670.0,7.0,PE/VC,0
3911,1,False,3.16,Humanities,Asian,600.0,6.0,Consulting,0
3912,0,False,3.24,Business,Other,570.0,4.0,Financial Services,0
3913,1,False,3.4,Humanities,Asian,680.0,7.0,CPG,0
3914,1,True,3.23,Humanities,Unknown,630.0,6.0,Consulting,0
3915,1,False,3.06,Humanities,White,650.0,5.0,Consulting,0
3916,0,False,3.08,Business,Asian,610.0,5.0,Investment Banking,0
3917,1,False,3.14,Business,White,670.0,3.0,Consulting,0
3918,1,False,3.18,Business,Asian,660.0,4.0,Financial Services,0
3919,1,False,3.12,Humanities,Asian,600.0,4.0,Real Estate,0
3920,1,True,3.12,Humanities,Unknown,620.0,5.0,Other,0
3921,1,False,3.13,Humanities,Black,680.0,6.0,Investment Banking,0
3922,1,False,3.22,Business,Black,680.0,6.0,Investment Management,0
3923,1,False,3.17,Business,Black,590.0,6.0,Financial Services,0
3924,0,True,3.2,Humanities,Unknown,680.0,8.0,Investment Management,0
3925,0,False,3.16,Business,White,670.0,5.0,PE/VC,0
3926,0,False,3.41,Humanities,White,710.0,3.0,Consulting,0
3927,0,False,3.42,Humanities,Other,730.0,4.0,Health Care,0
3928,1,True,2.93,STEM,Unknown,610.0,4.0,PE/VC,0
3929,1,False,3.19,Business,Asian,580.0,5.0,Nonprofit/Gov,0
3930,0,True,3.09,STEM,Unknown,630.0,4.0,PE/VC,0
3931,1,False,3.39,Business,White,660.0,5.0,Consulting,0
3932,1,False,3.12,Humanities,White,600.0,5.0,Consulting,0
3933,0,False,3.3,Business,Asian,640.0,6.0,Consulting,0
3934,0,False,3.14,Humanities,Hispanic,660.0,5.0,Technology,0
3935,0,False,3.37,Business,White,710.0,7.0,Investment Management,1
3936,0,False,3.1,Business,Hispanic,670.0,5.0,Technology,0
3937,1,False,3.45,Business,Asian,690.0,5.0,Retail,0
3938,1,True,3.14,STEM,Unknown,610.0,6.0,Investment Banking,0
3939,1,True,3.1,STEM,Unknown,610.0,5.0,Consulting,0
3940,0,True,3.27,STEM,Unknown,710.0,5.0,Investment Banking,0
3941,1,False,3.2,Humanities,Black,640.0,4.0,Financial Services,0
3942,1,False,3.28,Business,Asian,670.0,6.0,Real Estate,0
3943,1,False,3.39,Humanities,White,680.0,4.0,Investment Banking,0
3944,1,True,3.34,STEM,Unknown,710.0,5.0,Nonprofit/Gov,0
3945,0,False,3.27,Business,Asian,650.0,3.0,PE/VC,0
3946,1,True,3.0,STEM,Unknown,610.0,5.0,Investment Banking,0
3947,1,False,3.07,STEM,Black,580.0,4.0,Consulting,0
3948,1,False,3.0,Business,Asian,590.0,5.0,PE/VC,0
3949,0,False,3.5,Humanities,Asian,720.0,5.0,Financial Services,1
3950,0,False,3.12,Business,White,660.0,6.0,PE/VC,0
3951,0,False,3.23,Humanities,White,610.0,5.0,Consulting,0
3952,1,True,3.16,Humanities,Unknown,610.0,5.0,Nonprofit/Gov,0
3953,1,False,3.32,Business,Other,650.0,5.0,Technology,0
3954,0,False,3.13,Business,Hispanic,630.0,4.0,PE/VC,0
3955,0,False,3.43,STEM,Asian,660.0,4.0,Consulting,1
3956,1,False,3.29,STEM,Hispanic,640.0,6.0,PE/VC,0
3957,1,False,3.42,STEM,White,700.0,5.0,Nonprofit/Gov,1
3958,1,False,3.41,Business,Asian,720.0,3.0,Investment Management,1
3959,0,False,3.31,STEM,Asian,660.0,6.0,Technology,0
3960,0,False,3.35,Humanities,Hispanic,630.0,5.0,PE/VC,0
3961,1,False,3.12,Humanities,Black,570.0,4.0,Technology,0
3962,1,False,3.35,STEM,Hispanic,690.0,6.0,PE/VC,0
3963,0,False,3.66,Business,White,710.0,5.0,Consulting,0
3964,1,True,3.5,STEM,Unknown,720.0,5.0,Technology,1
3965,1,False,3.21,Humanities,White,610.0,6.0,PE/VC,0
3966,1,False,3.06,Humanities,Asian,580.0,6.0,PE/VC,0
3967,1,True,3.03,Humanities,Unknown,570.0,6.0,Nonprofit/Gov,0
3968,1,True,2.99,Business,Unknown,570.0,6.0,Health Care,0
3969,1,False,3.17,Business,Asian,580.0,4.0,Technology,0
3970,0,False,3.4,Business,White,700.0,6.0,Consulting,0
3971,1,True,3.24,Humanities,Unknown,700.0,4.0,Investment Management,0
3972,1,True,3.08,Humanities,Unknown,670.0,2.0,Financial Services,0
3973,1,False,3.39,Business,White,690.0,5.0,Consulting,0
3974,1,True,3.4,Humanities,Unknown,770.0,5.0,Technology,1
3975,0,True,3.32,STEM,Unknown,660.0,4.0,Consulting,1
3976,1,False,3.43,Humanities,White,740.0,5.0,Investment Banking,1
3977,1,False,3.2,STEM,White,580.0,4.0,CPG,0
3978,1,False,3.15,STEM,Black,660.0,4.0,Investment Banking,0
3979,1,False,3.09,Humanities,Black,570.0,4.0,Consulting,0
3980,0,False,3.0,Humanities,Asian,590.0,3.0,PE/VC,0
3981,0,False,3.39,Humanities,Hispanic,710.0,6.0,Consulting,0
3982,0,False,3.16,Humanities,White,610.0,5.0,PE/VC,0
3983,1,True,3.14,Humanities,Unknown,570.0,6.0,Nonprofit/Gov,0
3984,1,False,3.17,STEM,Asian,670.0,6.0,PE/VC,0
3985,0,False,3.24,Business,Black,640.0,6.0,Nonprofit/Gov,0
3986,1,False,3.34,Business,White,670.0,6.0,Media/Entertainment,1
3987,1,True,3.23,Business,Unknown,600.0,7.0,Nonprofit/Gov,0
3988,1,True,3.37,STEM,Unknown,710.0,6.0,Investment Management,0
3989,0,True,3.32,STEM,Unknown,660.0,3.0,Consulting,0
3990,1,False,3.26,Humanities,Asian,650.0,5.0,Nonprofit/Gov,0
3991,0,False,3.08,STEM,White,570.0,7.0,Health Care,0
3992,1,True,3.41,STEM,Unknown,740.0,5.0,Consulting,0
3993,1,False,3.6,STEM,Black,780.0,6.0,Consulting,0
3994,1,False,3.15,Humanities,Black,620.0,7.0,Technology,0
3995,0,True,3.37,Business,Unknown,620.0,4.0,Consulting,0
3996,1,False,3.38,Business,White,680.0,4.0,Technology,0
3997,1,False,3.31,Humanities,Black,660.0,4.0,Financial Services,0
3998,1,False,3.24,STEM,White,680.0,7.0,Technology,1
3999,0,True,3.18,STEM,Unknown,650.0,3.0,Real Estate,0
4000,1,False,3.31,Humanities,Black,650.0,5.0,PE/VC,0
4001,0,False,3.76,Business,Asian,780.0,3.0,Consulting,0
4002,0,False,3.33,Humanities,Asian,690.0,8.0,Consulting,0
4003,0,True,2.99,STEM,Unknown,570.0,4.0,Technology,0
4004,0,True,3.32,Business,Unknown,680.0,6.0,Consulting,0
4005,0,False,3.17,Business,White,580.0,5.0,PE/VC,0
4006,1,False,3.23,Humanities,White,620.0,6.0,Investment Banking,0
4007,1,False,3.47,Humanities,Asian,650.0,5.0,Consulting,0
4008,0,False,2.95,STEM,White,590.0,6.0,Investment Banking,0
4009,1,True,3.07,Humanities,Unknown,680.0,6.0,Investment Banking,0
4010,1,False,3.2,STEM,White,600.0,5.0,Consulting,0
4011,1,False,3.12,Humanities,Hispanic,610.0,4.0,Financial Services,0
4012,1,False,2.99,Humanities,Hispanic,620.0,6.0,CPG,0
4013,1,False,3.3,Humanities,White,580.0,5.0,Media/Entertainment,0
4014,1,False,3.34,Humanities,Black,610.0,6.0,Consulting,0
4015,1,False,3.26,Humanities,White,670.0,5.0,CPG,0
4016,1,False,3.02,Humanities,Asian,640.0,6.0,Consulting,0
4017,0,False,3.2,STEM,Black,620.0,6.0,Technology,0
4018,1,False,3.63,Humanities,Asian,760.0,3.0,Consulting,1
4019,1,False,3.1,Business,White,610.0,5.0,Technology,0
4020,1,True,3.1,Humanities,Unknown,610.0,7.0,Nonprofit/Gov,0
4021,0,True,3.21,Humanities,Unknown,640.0,4.0,Technology,0
4022,0,False,2.93,Humanities,White,660.0,4.0,Real Estate,0
4023,1,True,3.33,Humanities,Unknown,610.0,6.0,PE/VC,0
4024,0,False,3.36,STEM,Asian,690.0,5.0,Other,1
4026,1,False,2.94,STEM,Black,590.0,4.0,Consulting,0
4027,0,False,3.07,STEM,Black,570.0,6.0,Consulting,0
4028,1,False,3.49,Humanities,Asian,750.0,6.0,Health Care,0
4030,0,False,3.38,Humanities,Asian,700.0,4.0,Financial Services,1
4031,1,False,3.29,Humanities,Asian,690.0,6.0,Technology,1
4032,0,False,3.11,Humanities,White,650.0,5.0,Nonprofit/Gov,0
4033,1,False,3.17,Humanities,White,680.0,5.0,Other,0
4034,0,False,3.2,Business,Black,650.0,4.0,PE/VC,0
4035,1,False,3.29,Business,Asian,640.0,5.0,PE/VC,0
4036,1,True,3.2,Business,Unknown,650.0,6.0,Real Estate,0
4037,0,False,3.43,STEM,White,700.0,8.0,Nonprofit/Gov,0
4038,1,False,3.19,Humanities,White,680.0,6.0,Other,0
4039,0,True,3.2,Business,Unknown,620.0,5.0,Consulting,0
4040,1,False,3.13,Business,Other,630.0,3.0,PE/VC,0
4041,1,False,3.29,STEM,Hispanic,670.0,5.0,PE/VC,0
4042,0,False,3.2,Business,White,700.0,6.0,Technology,0
4043,0,False,3.23,Humanities,Hispanic,650.0,3.0,Consulting,0
4044,1,False,2.93,Business,Asian,590.0,3.0,Nonprofit/Gov,0
4045,0,False,3.37,Humanities,White,640.0,5.0,Investment Banking,0
4046,0,False,3.21,Business,Hispanic,700.0,5.0,Investment Banking,0
4047,0,True,3.36,Business,Unknown,600.0,6.0,Investment Banking,0
4048,1,False,3.21,Humanities,White,620.0,6.0,Nonprofit/Gov,0
4049,1,False,3.45,STEM,White,660.0,7.0,Nonprofit/Gov,1
4050,1,False,3.04,Business,Other,590.0,5.0,Nonprofit/Gov,0
4051,1,False,3.39,Humanities,White,780.0,6.0,Nonprofit/Gov,0
4052,0,False,3.36,Business,Black,680.0,4.0,Technology,0
4053,1,True,3.36,STEM,Unknown,570.0,3.0,Technology,0
4054,0,True,3.4,STEM,Unknown,680.0,5.0,Consulting,0
4055,0,False,3.17,Business,White,720.0,4.0,Investment Banking,0
4056,1,False,3.32,Humanities,Black,660.0,5.0,Consulting,0
4057,0,False,3.19,Humanities,Asian,740.0,6.0,CPG,0
4058,1,True,3.04,Business,Unknown,640.0,5.0,Consulting,0
4059,0,False,3.19,STEM,Asian,600.0,6.0,Nonprofit/Gov,0
4060,1,False,3.44,Business,Black,610.0,6.0,Real Estate,0
4061,0,True,3.27,Business,Unknown,720.0,5.0,Investment Banking,0
4062,1,True,3.36,STEM,Unknown,690.0,6.0,PE/VC,0
4063,1,False,3.26,STEM,Black,670.0,6.0,Investment Banking,0
4064,0,False,2.95,STEM,Hispanic,610.0,5.0,Consulting,0
4065,0,False,3.04,Humanities,White,610.0,7.0,Other,0
4066,0,False,3.23,Business,Other,610.0,6.0,Other,0
4067,0,False,3.15,Humanities,Asian,600.0,5.0,Financial Services,0
4068,0,False,3.24,Business,Asian,650.0,5.0,Financial Services,0
4069,1,True,3.23,Humanities,Unknown,680.0,5.0,Consulting,0
4070,1,False,3.38,Business,Hispanic,680.0,6.0,PE/VC,0
4071,1,False,3.3,Business,White,670.0,3.0,PE/VC,0
4072,0,True,3.07,STEM,Unknown,590.0,6.0,Investment Management,0
4073,0,False,3.35,Humanities,White,710.0,3.0,Nonprofit/Gov,1
4074,1,False,3.08,STEM,Black,660.0,2.0,Consulting,0
4075,1,False,3.0,STEM,White,570.0,6.0,Financial Services,0
4076,0,False,3.38,Humanities,White,610.0,5.0,Consulting,0
4077,1,False,3.15,Humanities,Hispanic,650.0,4.0,Technology,0
4078,0,True,3.35,STEM,Unknown,730.0,4.0,Health Care,0
4079,1,False,3.23,Humanities,Black,600.0,6.0,Consulting,0
4080,1,False,3.31,Humanities,Asian,700.0,6.0,Consulting,0
4081,1,False,3.15,Humanities,Black,620.0,5.0,Health Care,0
4082,0,False,3.43,Humanities,White,660.0,5.0,Health Care,1
4083,1,True,3.57,Humanities,Unknown,720.0,7.0,Financial Services,1
4084,1,False,3.19,Humanities,Asian,580.0,5.0,Technology,0
4085,0,True,3.18,Business,Unknown,570.0,4.0,PE/VC,0
4086,1,False,3.35,Business,Asian,670.0,3.0,Other,0
4087,0,True,2.88,Humanities,Unknown,570.0,4.0,Technology,0
4088,1,False,3.18,Business,Hispanic,640.0,6.0,Technology,0
4089,1,True,3.24,Business,Unknown,740.0,5.0,Consulting,0
4090,1,False,3.09,Business,Hispanic,570.0,4.0,Consulting,0
4091,1,False,3.15,STEM,Black,630.0,6.0,Investment Banking,0
4092,1,False,3.5,Business,Asian,740.0,4.0,Investment Management,1
4093,1,True,3.28,STEM,Unknown,720.0,5.0,Technology,0
4094,1,True,3.4,Humanities,Unknown,730.0,4.0,Other,1
4095,1,True,3.28,Business,Unknown,600.0,6.0,Investment Banking,0
4096,1,True,3.16,Business,Unknown,660.0,5.0,Consulting,0
4097,1,False,3.14,Humanities,Asian,680.0,7.0,Consulting,0
4098,1,False,3.33,Humanities,White,650.0,5.0,CPG,0
4099,0,False,3.42,Humanities,Black,710.0,4.0,Consulting,1
4100,0,True,3.46,Business,Unknown,700.0,4.0,Nonprofit/Gov,1
4101,1,False,3.32,Humanities,White,760.0,5.0,Consulting,1
4102,0,False,3.34,Humanities,Asian,720.0,6.0,PE/VC,1
4103,0,False,3.33,Humanities,Asian,620.0,4.0,Consulting,0
4104,1,True,3.14,Business,Unknown,570.0,4.0,Technology,0
4106,0,False,3.16,Business,Other,570.0,5.0,Financial Services,0
4107,1,False,3.32,Humanities,White,600.0,6.0,Investment Banking,0
4108,0,False,3.29,STEM,Other,650.0,6.0,Financial Services,0
4109,0,True,3.32,Humanities,Unknown,660.0,4.0,Financial Services,0
4110,1,True,3.22,Humanities,Unknown,650.0,5.0,Nonprofit/Gov,0
4111,1,False,3.17,Business,Asian,650.0,4.0,Financial Services,0
4112,1,False,2.87,Humanities,White,580.0,6.0,Technology,0
4113,0,False,3.01,STEM,Hispanic,630.0,6.0,Nonprofit/Gov,0
4114,0,True,3.35,Humanities,Unknown,660.0,4.0,CPG,0
4115,0,False,3.28,STEM,Hispanic,700.0,7.0,PE/VC,0
4116,1,False,3.42,Humanities,White,670.0,6.0,Investment Management,0
4117,1,True,3.54,Humanities,Unknown,710.0,4.0,Technology,0
4118,1,False,3.2,STEM,Other,670.0,5.0,Technology,0
4119,0,False,2.99,Business,Hispanic,580.0,5.0,Consulting,0
4120,1,False,3.12,Business,White,700.0,6.0,Technology,0
4121,1,False,3.27,STEM,Asian,680.0,4.0,Consulting,0
4122,0,False,3.12,Humanities,White,660.0,6.0,Consulting,0
4123,1,False,3.42,Business,Hispanic,660.0,6.0,Other,0
4124,0,False,3.44,Humanities,Black,660.0,6.0,Investment Management,0
4125,1,False,3.47,Humanities,Asian,600.0,6.0,Nonprofit/Gov,0
4126,1,True,3.08,Business,Unknown,660.0,6.0,Financial Services,0
4127,1,True,2.88,Humanities,Unknown,570.0,5.0,Consulting,0
4128,0,False,3.25,STEM,Black,630.0,6.0,PE/VC,0
4129,0,False,3.25,Business,Asian,690.0,5.0,Consulting,0
4130,1,False,3.46,Humanities,Asian,730.0,6.0,Investment Banking,0
4131,1,False,3.09,Humanities,Hispanic,570.0,5.0,PE/VC,0
4132,1,False,3.17,Humanities,Black,670.0,5.0,Consulting,0
4133,0,False,3.41,Humanities,White,780.0,5.0,PE/VC,1
4134,1,False,3.37,STEM,Asian,610.0,6.0,Financial Services,0
4135,0,False,3.13,Humanities,Black,570.0,6.0,Consulting,0
4136,0,False,3.16,Humanities,White,590.0,4.0,Energy,0
4137,0,False,3.31,STEM,Hispanic,680.0,6.0,Financial Services,0
4138,1,True,3.08,Humanities,Unknown,610.0,5.0,Technology,0
4139,1,True,3.13,Business,Unknown,690.0,5.0,Consulting,0
4140,1,True,3.32,Business,Unknown,620.0,5.0,PE/VC,0
4141,0,False,3.26,STEM,Black,700.0,4.0,Consulting,0
4142,0,False,3.0,Business,White,580.0,5.0,Consulting,0
4143,1,True,3.14,STEM,Unknown,650.0,5.0,Technology,0
4144,1,False,3.34,Humanities,Asian,670.0,5.0,PE/VC,1
4145,1,False,3.21,STEM,Asian,670.0,5.0,Technology,1
4146,1,False,3.2,Humanities,White,670.0,6.0,Other,0
4147,0,False,3.27,Business,Asian,640.0,5.0,Consulting,0
4148,0,True,3.49,Humanities,Unknown,780.0,5.0,Consulting,1
4149,1,False,3.22,Business,White,710.0,5.0,Health Care,0
4150,1,False,3.38,Business,Black,640.0,6.0,Consulting,0
4151,1,True,3.21,STEM,Unknown,640.0,5.0,Investment Banking,0
4152,0,False,3.58,STEM,Asian,700.0,4.0,PE/VC,1
4153,0,True,3.32,Humanities,Unknown,660.0,5.0,Investment Banking,1
4154,1,False,3.01,Business,Black,590.0,3.0,Investment Banking,0
4155,0,True,3.38,Humanities,Unknown,700.0,6.0,PE/VC,1
4156,1,False,3.24,Humanities,White,570.0,5.0,Investment Banking,0
4157,0,False,3.12,Humanities,Asian,590.0,5.0,Nonprofit/Gov,0
4158,0,False,3.14,Business,White,600.0,5.0,Other,0
4159,1,False,3.27,Humanities,Other,630.0,3.0,Financial Services,0
4160,1,False,3.24,Humanities,White,640.0,4.0,Financial Services,0
4161,1,True,3.28,STEM,Unknown,670.0,5.0,PE/VC,1
4162,0,False,3.16,Humanities,Hispanic,710.0,6.0,Consulting,0
4163,1,False,3.27,Humanities,Asian,660.0,3.0,PE/VC,0
4164,1,False,3.42,Business,Asian,750.0,5.0,Financial Services,0
4165,1,False,3.01,Humanities,Hispanic,590.0,6.0,PE/VC,0
4166,1,False,3.17,Humanities,White,630.0,6.0,Investment Banking,0
4167,1,False,3.24,Humanities,Black,610.0,4.0,Consulting,0
4168,0,False,2.97,STEM,Hispanic,590.0,6.0,Investment Banking,0
4169,0,False,3.13,Business,Asian,630.0,6.0,Nonprofit/Gov,0
4170,1,True,3.12,Business,Unknown,630.0,5.0,PE/VC,0
4172,1,False,3.34,STEM,Hispanic,670.0,8.0,Health Care,0
4173,1,True,3.27,STEM,Unknown,680.0,5.0,Technology,0
4174,0,False,3.05,Humanities,Asian,570.0,4.0,Financial Services,0
4175,0,False,3.43,Business,Black,640.0,4.0,Investment Banking,0
4176,1,True,3.2,STEM,Unknown,700.0,6.0,Retail,0
4177,1,False,3.32,STEM,Asian,570.0,6.0,PE/VC,0
4178,1,False,3.27,Business,Other,610.0,4.0,Health Care,0
4179,1,False,3.31,Humanities,Asian,620.0,4.0,Investment Management,0
4180,0,True,3.23,Business,Unknown,670.0,5.0,Investment Banking,1
4181,1,False,3.08,Humanities,White,610.0,4.0,Financial Services,0
4182,1,False,3.04,STEM,White,570.0,6.0,Consulting,0
4183,1,True,3.5,Humanities,Unknown,720.0,7.0,Financial Services,0
4184,1,True,3.4,Business,Unknown,620.0,5.0,Consulting,0
4185,1,False,3.33,STEM,Black,690.0,4.0,PE/VC,0
4186,0,False,3.28,Business,Other,620.0,7.0,Consulting,0
4187,0,False,3.07,STEM,Black,570.0,6.0,Investment Management,0
4188,1,False,3.37,Business,Black,610.0,6.0,Financial Services,0
4189,1,True,3.33,STEM,Unknown,690.0,5.0,PE/VC,0
4190,0,False,3.4,STEM,Asian,710.0,6.0,Consulting,1
4191,0,True,3.39,Humanities,Unknown,740.0,5.0,Investment Banking,1
4192,1,False,3.09,Humanities,Other,630.0,6.0,Other,0
4193,0,True,3.11,Business,Unknown,640.0,4.0,Health Care,0
4194,0,True,3.41,Humanities,Unknown,670.0,6.0,Real Estate,1
4195,1,False,3.17,Business,White,590.0,5.0,Investment Banking,0
4196,0,False,3.39,Humanities,Asian,730.0,4.0,PE/VC,0
4197,1,False,3.1,STEM,Black,590.0,6.0,Consulting,0
4198,1,False,3.11,Business,White,580.0,5.0,Investment Banking,0
4199,0,True,3.38,STEM,Unknown,650.0,4.0,Consulting,0
4200,1,False,3.14,STEM,Hispanic,640.0,4.0,Consulting,0
4201,0,False,3.36,STEM,Black,670.0,4.0,Consulting,0
4202,1,True,3.24,Business,Unknown,670.0,4.0,Consulting,1
4203,1,False,3.37,STEM,Asian,630.0,5.0,Consulting,0
4204,1,False,3.25,Business,White,630.0,5.0,Technology,0
4205,0,True,3.14,STEM,Unknown,680.0,6.0,Consulting,0
4206,0,False,3.25,STEM,White,700.0,5.0,CPG,0
4207,0,True,3.07,Business,Unknown,630.0,5.0,Consulting,0
4208,1,False,3.32,Business,Asian,610.0,3.0,Nonprofit/Gov,0
4209,1,False,3.06,Business,White,570.0,4.0,Investment Banking,0
4210,1,True,3.26,Humanities,Unknown,630.0,4.0,Technology,0
4211,1,False,3.12,STEM,Black,630.0,6.0,Technology,0
4212,1,False,3.19,STEM,White,640.0,5.0,Nonprofit/Gov,0
4213,1,False,3.33,Business,Hispanic,670.0,6.0,PE/VC,0
4214,1,False,3.27,Business,Asian,610.0,5.0,Technology,0
4215,0,False,3.04,Humanities,Asian,610.0,5.0,Nonprofit/Gov,0
4216,0,False,3.51,STEM,Hispanic,690.0,3.0,Nonprofit/Gov,1
4217,1,True,3.2,STEM,Unknown,630.0,6.0,PE/VC,0
4218,1,False,3.48,Humanities,Black,650.0,7.0,Consulting,0
4219,0,False,3.31,STEM,White,720.0,4.0,Consulting,1
4220,1,False,3.33,Humanities,Asian,670.0,4.0,PE/VC,0
4221,1,False,3.1,STEM,Asian,610.0,4.0,Other,0
4222,0,False,3.13,Business,Asian,710.0,4.0,Consulting,0
4223,0,False,3.6,Humanities,White,690.0,5.0,Technology,1
4224,0,True,3.26,Business,Unknown,570.0,7.0,Financial Services,0
4225,0,False,2.98,Humanities,Asian,620.0,6.0,Consulting,0
4226,1,False,3.33,Humanities,Asian,650.0,6.0,Energy,0
4227,1,True,3.35,Business,Unknown,660.0,5.0,Technology,1
4228,1,False,3.29,Business,Asian,610.0,4.0,Consulting,0
4229,1,False,3.27,Humanities,Black,720.0,4.0,Other,1
4230,1,True,3.02,Business,Unknown,610.0,5.0,Consulting,0
4231,1,False,3.16,Business,White,690.0,4.0,Health Care,0
4232,1,True,3.21,STEM,Unknown,570.0,5.0,Consulting,0
4233,1,False,3.21,Humanities,Asian,620.0,6.0,Consulting,0
4234,1,False,3.22,Humanities,Asian,580.0,4.0,Nonprofit/Gov,0
4235,1,False,3.16,Humanities,Hispanic,590.0,5.0,Consulting,0
4236,0,True,3.43,STEM,Unknown,750.0,4.0,Energy,0
4237,1,False,3.42,STEM,Black,630.0,5.0,Nonprofit/Gov,0
4238,0,False,3.34,STEM,White,670.0,6.0,PE/VC,1
4239,1,True,3.3,STEM,Unknown,730.0,7.0,Nonprofit/Gov,0
4240,1,False,2.98,Humanities,Asian,590.0,5.0,PE/VC,0
4241,0,False,3.1,Business,Asian,570.0,5.0,Consulting,0
4242,1,False,3.12,STEM,White,690.0,6.0,Nonprofit/Gov,0
4243,1,False,3.14,STEM,White,620.0,5.0,Technology,0
4244,1,True,3.09,Business,Unknown,570.0,5.0,Technology,0
4245,0,False,3.1,Business,Black,590.0,5.0,Consulting,0
4246,1,True,3.41,Humanities,Unknown,700.0,4.0,PE/VC,1
4247,1,False,3.38,Business,White,590.0,3.0,PE/VC,0
4248,1,False,3.42,STEM,Hispanic,690.0,4.0,Health Care,0
4249,1,False,3.09,Humanities,Asian,620.0,5.0,PE/VC,0
4250,1,True,3.41,Humanities,Unknown,650.0,6.0,Technology,0
4251,1,False,3.13,STEM,Asian,620.0,5.0,Consulting,0
4252,1,False,3.4,Humanities,Asian,680.0,5.0,Health Care,1
4253,0,True,3.36,STEM,Unknown,750.0,3.0,Consulting,0
4254,0,False,3.47,STEM,White,700.0,4.0,Technology,1
4255,0,False,3.23,Humanities,Asian,650.0,5.0,Other,0
4256,0,False,3.21,Humanities,White,630.0,6.0,Technology,0
4257,1,False,3.35,STEM,Hispanic,720.0,5.0,Consulting,0
4258,1,False,3.18,Business,Hispanic,620.0,4.0,PE/VC,0
4259,0,False,3.35,STEM,Black,710.0,5.0,Health Care,0
4260,1,False,3.33,STEM,White,570.0,4.0,Retail,0
4261,1,True,3.13,STEM,Unknown,630.0,6.0,Other,0
4262,1,False,3.46,Humanities,Other,670.0,4.0,Consulting,0
4263,1,False,3.15,Humanities,White,610.0,5.0,Consulting,0
4264,1,False,3.31,Humanities,White,570.0,4.0,Nonprofit/Gov,0
4265,1,False,3.39,Business,Black,720.0,4.0,Investment Banking,0
4266,1,True,3.16,Humanities,Unknown,650.0,5.0,Consulting,0
4267,1,False,3.02,Business,Asian,640.0,7.0,Other,0
4268,0,True,3.57,STEM,Unknown,670.0,5.0,Investment Banking,1
4269,0,False,3.43,Humanities,White,640.0,4.0,Consulting,0
4270,1,False,3.09,Humanities,White,600.0,5.0,Nonprofit/Gov,0
4271,1,False,3.37,Business,Asian,650.0,4.0,PE/VC,0
4272,1,False,2.99,STEM,Hispanic,600.0,6.0,PE/VC,0
4273,0,False,3.27,STEM,Black,580.0,5.0,Financial Services,0
4274,1,False,3.27,STEM,Other,640.0,5.0,Nonprofit/Gov,0
4275,1,False,3.25,Humanities,Other,720.0,4.0,Investment Banking,1
4276,1,False,3.23,Humanities,Other,610.0,6.0,Financial Services,0
4277,1,True,3.11,Humanities,Unknown,580.0,6.0,PE/VC,0
4278,0,False,3.27,STEM,Asian,700.0,6.0,CPG,1
4279,1,False,3.24,STEM,White,680.0,5.0,Consulting,0
4280,1,False,3.32,Humanities,White,650.0,5.0,CPG,0
4281,0,False,2.86,Business,Hispanic,570.0,5.0,Consulting,0
4282,0,True,3.36,Business,Unknown,690.0,4.0,Nonprofit/Gov,1
4284,1,False,3.25,Business,White,660.0,6.0,Other,0
4285,0,False,2.99,Business,White,630.0,6.0,Financial Services,0
4286,0,True,3.06,STEM,Unknown,610.0,7.0,Technology,0
4287,0,False,3.13,STEM,White,690.0,4.0,PE/VC,0
4288,1,False,3.29,Business,Other,670.0,5.0,Nonprofit/Gov,1
4289,1,False,3.62,Business,Asian,760.0,5.0,Consulting,1
4290,1,False,3.31,Humanities,Asian,670.0,5.0,Technology,0
4291,0,True,3.46,Humanities,Unknown,680.0,6.0,Investment Banking,1
4292,0,True,3.26,STEM,Unknown,700.0,5.0,Consulting,1
4293,0,False,3.39,STEM,Black,720.0,6.0,Consulting,1
4294,1,True,3.12,Business,Unknown,570.0,6.0,Health Care,0
4295,0,True,3.17,STEM,Unknown,620.0,4.0,Other,0
4296,1,True,3.43,Business,Unknown,710.0,5.0,Consulting,0
4297,1,False,3.0,Humanities,Black,630.0,5.0,Nonprofit/Gov,0
4298,0,True,3.09,Humanities,Unknown,670.0,5.0,Investment Banking,0
4299,0,False,3.37,Humanities,White,760.0,5.0,Health Care,1
4300,1,False,3.31,Business,White,670.0,4.0,Investment Management,0
4301,1,False,3.21,Business,Asian,680.0,5.0,Consulting,0
4302,0,False,3.16,Humanities,White,630.0,5.0,Consulting,0
4303,1,False,3.19,Humanities,White,690.0,7.0,Technology,0
4304,0,True,2.93,Business,Unknown,600.0,6.0,Consulting,0
4305,0,False,3.41,Business,Asian,610.0,3.0,Technology,0
4306,0,False,3.08,STEM,Black,600.0,3.0,Other,0
4307,0,False,3.4,Business,White,700.0,5.0,Nonprofit/Gov,0
4308,1,False,3.23,Business,Black,670.0,6.0,Consulting,1
4309,1,False,2.96,STEM,White,610.0,5.0,Other,0
4310,1,True,3.28,STEM,Unknown,580.0,3.0,Consulting,0
4311,0,True,3.3,Humanities,Unknown,710.0,6.0,Investment Banking,0
4312,0,False,3.14,Humanities,White,570.0,4.0,Other,0
4313,0,False,3.19,Business,White,660.0,4.0,PE/VC,0
4314,0,False,3.06,Business,Other,570.0,6.0,Financial Services,0
4315,1,False,3.45,Humanities,Hispanic,700.0,5.0,Consulting,0
4316,1,False,3.4,Humanities,White,720.0,4.0,Nonprofit/Gov,1
4317,0,False,3.17,Humanities,Asian,690.0,6.0,Consulting,0
4318,1,False,3.23,STEM,Black,570.0,5.0,Consulting,0
4319,0,False,3.04,Humanities,White,590.0,5.0,Consulting,0
4320,1,False,3.28,Humanities,Hispanic,690.0,5.0,PE/VC,0
4321,0,True,3.04,Humanities,Unknown,610.0,5.0,Investment Banking,0
4322,0,True,3.26,Business,Unknown,630.0,4.0,PE/VC,0
4323,0,False,3.4,Business,Hispanic,690.0,3.0,PE/VC,0
4324,0,False,3.07,Humanities,Other,580.0,4.0,Investment Banking,0
4325,0,True,3.3,Business,Unknown,680.0,6.0,Technology,1
4326,0,False,3.32,Humanities,White,610.0,5.0,Investment Management,0
4327,1,False,3.11,Humanities,Other,650.0,4.0,Consulting,0
4328,0,True,3.13,Humanities,Unknown,660.0,6.0,PE/VC,0
4329,0,False,3.26,STEM,Asian,680.0,6.0,Investment Banking,0
4330,1,True,3.18,Business,Unknown,590.0,5.0,Consulting,0
4331,1,False,3.09,Humanities,White,570.0,5.0,Financial Services,0
4332,1,False,3.32,Business,Hispanic,640.0,6.0,Nonprofit/Gov,0
4333,1,True,3.11,Humanities,Unknown,600.0,3.0,PE/VC,0
4334,0,True,3.14,Humanities,Unknown,610.0,4.0,Financial Services,0
4335,1,False,3.45,Business,Asian,630.0,5.0,Health Care,0
4336,0,False,2.99,Business,White,600.0,6.0,Financial Services,0
4337,0,False,3.34,Business,Asian,670.0,4.0,PE/VC,0
4338,0,False,3.06,STEM,White,660.0,5.0,Consulting,0
4339,0,False,3.28,STEM,Black,670.0,4.0,Retail,0
4340,0,False,3.39,STEM,Other,730.0,3.0,Technology,1
4341,1,False,3.19,STEM,Asian,580.0,5.0,PE/VC,0
4342,1,False,3.22,Humanities,Black,600.0,6.0,Investment Banking,0
4343,1,False,2.99,STEM,Black,670.0,5.0,Nonprofit/Gov,0
4344,1,True,3.3,Business,Unknown,620.0,5.0,Real Estate,0
4345,1,False,3.54,Humanities,Other,690.0,6.0,Consulting,0
4346,1,True,3.49,Business,Unknown,700.0,6.0,Real Estate,0
4347,1,True,3.29,Business,Unknown,650.0,4.0,PE/VC,0
4348,0,False,3.26,STEM,Hispanic,670.0,6.0,PE/VC,0
4349,0,True,3.44,STEM,Unknown,730.0,5.0,Financial Services,1
4350,0,False,3.25,STEM,White,670.0,5.0,Technology,1
4351,0,False,3.18,Business,Other,660.0,6.0,Health Care,0
4352,1,False,3.32,STEM,White,610.0,5.0,Other,0
4353,1,False,2.99,Business,Asian,570.0,3.0,Other,0
4354,1,False,3.26,Business,White,690.0,5.0,CPG,0
4355,0,False,3.37,STEM,White,630.0,6.0,Consulting,0
4356,1,False,3.37,Business,White,610.0,6.0,Consulting,0
4357,1,False,3.48,Business,Black,690.0,6.0,PE/VC,1
4358,1,True,3.27,Humanities,Unknown,640.0,5.0,Consulting,0
4359,1,False,3.34,Humanities,Hispanic,710.0,5.0,Consulting,0
4360,1,False,3.24,Business,Asian,650.0,6.0,Consulting,0
4361,0,False,3.55,Humanities,Black,690.0,7.0,Consulting,1
4362,0,False,3.03,Humanities,Asian,590.0,5.0,Technology,0
4363,0,True,3.15,STEM,Unknown,580.0,6.0,Consulting,0
4364,1,False,3.49,Business,White,750.0,5.0,Technology,0
4365,1,False,3.34,Humanities,White,710.0,6.0,Financial Services,0
4366,0,False,3.21,STEM,Black,620.0,4.0,Health Care,0
4367,1,False,3.55,Business,Asian,700.0,6.0,Nonprofit/Gov,0
4368,1,True,3.34,STEM,Unknown,680.0,5.0,PE/VC,0
4369,1,False,3.25,Humanities,Asian,600.0,6.0,Consulting,0
4370,0,False,3.55,Business,Asian,700.0,6.0,PE/VC,1
4371,1,False,3.48,Humanities,White,630.0,5.0,Nonprofit/Gov,0
4372,1,False,3.23,STEM,Other,590.0,5.0,Consulting,0
4373,1,False,3.28,STEM,Asian,620.0,4.0,Consulting,0
4374,0,True,3.5,Business,Unknown,620.0,5.0,Nonprofit/Gov,0
4375,0,False,3.34,STEM,Black,710.0,3.0,Investment Banking,0
4376,0,True,3.21,STEM,Unknown,650.0,5.0,Nonprofit/Gov,0
4377,1,True,3.17,STEM,Unknown,660.0,5.0,CPG,0
4378,1,False,3.14,Business,White,660.0,4.0,Health Care,0
4379,1,False,3.46,Humanities,Black,690.0,7.0,Financial Services,0
4380,0,False,2.82,Business,Asian,610.0,4.0,PE/VC,0
4381,1,False,3.1,Humanities,White,600.0,5.0,Financial Services,0
4382,0,True,3.12,Humanities,Unknown,620.0,5.0,Financial Services,0
4383,1,False,3.55,STEM,Black,700.0,5.0,PE/VC,0
4384,1,False,3.37,STEM,Asian,710.0,5.0,Nonprofit/Gov,0
4385,0,False,3.22,STEM,Other,620.0,5.0,Real Estate,0
4387,1,False,3.07,Business,White,570.0,4.0,PE/VC,0
4388,1,True,3.25,STEM,Unknown,650.0,6.0,Other,0
4389,0,True,3.15,Humanities,Unknown,590.0,5.0,Consulting,0
4390,1,False,3.13,Business,White,640.0,4.0,Technology,0
4391,1,True,3.34,Humanities,Unknown,670.0,4.0,Investment Banking,1
4392,1,False,3.06,Humanities,Hispanic,660.0,4.0,Consulting,0
4393,1,False,3.25,Business,White,690.0,7.0,Investment Banking,1
4394,1,True,3.29,STEM,Unknown,710.0,4.0,Consulting,0
4395,0,False,3.28,STEM,Asian,670.0,6.0,Consulting,0
4396,1,False,3.16,STEM,Asian,680.0,6.0,Consulting,0
4397,1,False,3.18,Humanities,Hispanic,630.0,5.0,Investment Banking,0
4398,0,False,3.44,STEM,Asian,700.0,6.0,Consulting,1
4399,0,True,3.18,Humanities,Unknown,660.0,4.0,Other,0
4400,1,False,3.12,STEM,White,690.0,5.0,Technology,0
4401,0,False,3.16,Business,Hispanic,680.0,5.0,PE/VC,0
4402,1,False,3.31,Business,Asian,740.0,6.0,Financial Services,0
4403,1,False,2.97,Humanities,White,570.0,6.0,Nonprofit/Gov,0
4404,0,False,3.21,Humanities,Hispanic,580.0,5.0,Consulting,0
4405,0,False,3.14,STEM,Asian,630.0,5.0,Retail,0
4406,1,False,2.98,Business,White,570.0,4.0,Nonprofit/Gov,0
4407,1,True,3.32,STEM,Unknown,630.0,5.0,Consulting,0
4408,1,True,3.44,STEM,Unknown,630.0,6.0,Nonprofit/Gov,0
4409,1,False,3.3,Humanities,White,720.0,7.0,Financial Services,0
4410,1,True,3.08,STEM,Unknown,620.0,4.0,Nonprofit/Gov,0
4411,0,False,3.41,Business,Black,660.0,6.0,Investment Banking,1
4412,1,False,3.2,Business,Asian,660.0,5.0,Investment Banking,0
4413,1,False,3.11,Business,White,610.0,4.0,Health Care,0
4414,1,False,3.23,STEM,Hispanic,620.0,4.0,Technology,0
4415,1,True,3.37,Business,Unknown,690.0,5.0,Consulting,0
4416,1,False,3.3,STEM,Black,630.0,6.0,CPG,0
4417,1,False,3.18,Humanities,White,580.0,5.0,Investment Banking,0
4418,1,False,3.38,STEM,Black,690.0,5.0,Consulting,0
4419,1,False,3.21,STEM,Asian,620.0,5.0,Other,0
4420,1,False,3.34,Humanities,White,580.0,7.0,PE/VC,0
4421,0,False,3.19,STEM,White,660.0,6.0,Consulting,0
4422,1,False,2.98,STEM,Hispanic,650.0,4.0,Consulting,0
4423,0,False,3.26,Humanities,White,590.0,5.0,PE/VC,0
4424,1,False,3.38,STEM,Asian,720.0,5.0,Technology,1
4425,1,False,3.1,Humanities,Black,570.0,6.0,PE/VC,0
4426,1,True,2.88,Humanities,Unknown,570.0,7.0,Health Care,0
4427,1,True,3.39,Business,Unknown,650.0,4.0,Nonprofit/Gov,0
4428,1,True,3.18,Business,Unknown,640.0,6.0,Other,0
4429,0,False,2.82,STEM,Asian,570.0,3.0,Health Care,0
4430,1,False,3.41,STEM,Asian,710.0,3.0,Consulting,0
4431,1,True,3.32,STEM,Unknown,610.0,5.0,Consulting,0
4432,0,False,3.18,Humanities,White,650.0,4.0,PE/VC,0
4433,0,False,3.41,Humanities,Other,630.0,5.0,PE/VC,0
4434,0,True,3.41,Humanities,Unknown,700.0,5.0,PE/VC,1
4435,1,False,3.31,Business,Hispanic,570.0,5.0,Nonprofit/Gov,0
4436,1,False,3.51,Humanities,Black,690.0,4.0,Financial Services,0
4437,0,False,3.37,Humanities,Asian,620.0,6.0,Investment Management,0
4438,1,False,3.19,Humanities,Black,580.0,5.0,Consulting,0
4439,0,False,3.14,Humanities,Hispanic,660.0,5.0,PE/VC,0
4440,1,False,3.15,STEM,Asian,620.0,5.0,Consulting,0
4441,1,False,3.45,Business,Hispanic,770.0,5.0,Financial Services,0
4442,1,False,3.19,STEM,White,670.0,6.0,CPG,0
4443,1,False,3.21,STEM,White,640.0,4.0,Financial Services,0
4444,1,False,3.4,STEM,Asian,640.0,6.0,Health Care,0
4445,1,False,3.33,Business,White,670.0,3.0,Consulting,0
4446,0,False,3.09,STEM,White,610.0,6.0,Consulting,0
4447,1,False,3.36,Humanities,Other,700.0,5.0,CPG,1
4448,1,True,3.24,Humanities,Unknown,700.0,6.0,Technology,1
4449,1,True,3.32,Humanities,Unknown,710.0,4.0,Financial Services,1
4450,1,False,3.09,STEM,White,660.0,5.0,Consulting,0
4451,1,False,3.29,Business,White,640.0,6.0,Investment Banking,0
4452,1,False,3.25,Humanities,White,670.0,6.0,Nonprofit/Gov,1
4453,1,False,3.1,Business,Hispanic,640.0,4.0,Nonprofit/Gov,0
4454,1,True,3.31,Business,Unknown,650.0,4.0,Consulting,0
4455,1,True,3.46,Business,Unknown,770.0,6.0,Energy,1
4456,1,False,3.62,Business,Asian,730.0,5.0,Consulting,0
4457,0,False,3.24,Humanities,Hispanic,650.0,6.0,Consulting,0
4458,1,False,3.37,STEM,Black,710.0,5.0,Energy,0
4459,1,False,3.33,Business,White,610.0,5.0,Technology,0
4460,0,True,3.35,Business,Unknown,640.0,7.0,Health Care,0
4461,1,False,3.23,STEM,White,650.0,5.0,PE/VC,0
4462,0,False,3.15,Humanities,Other,670.0,7.0,Other,0
4463,1,True,3.37,Humanities,Unknown,690.0,5.0,Consulting,0
4464,1,True,3.12,Humanities,Unknown,600.0,6.0,Consulting,0
4465,0,False,3.04,Humanities,White,600.0,6.0,Investment Banking,0
4466,1,True,3.04,Humanities,Unknown,660.0,5.0,Consulting,0
4467,1,False,3.37,Humanities,Black,680.0,6.0,Investment Management,0
4468,0,False,3.39,Humanities,Hispanic,660.0,4.0,Health Care,0
4469,1,False,3.14,Humanities,Black,620.0,5.0,Other,0
4470,0,False,3.13,STEM,White,580.0,4.0,Other,0
4471,1,False,2.92,Humanities,Hispanic,620.0,3.0,Investment Management,0
4472,1,False,3.32,STEM,Asian,670.0,3.0,Health Care,0
4473,0,False,3.28,Humanities,White,600.0,5.0,Consulting,0
4474,1,True,3.5,Humanities,Unknown,740.0,5.0,Investment Management,1
4475,1,False,3.02,STEM,Asian,580.0,4.0,PE/VC,0
4476,1,False,3.27,Humanities,White,700.0,3.0,Health Care,1
4477,1,False,3.52,Business,White,680.0,4.0,Consulting,0
4478,1,False,3.44,Business,Black,710.0,5.0,PE/VC,1
4479,0,False,3.28,Humanities,White,630.0,6.0,Technology,0
4480,1,True,3.36,STEM,Unknown,590.0,3.0,Investment Banking,0
4481,1,False,3.6,Business,Black,750.0,6.0,Technology,0
4482,0,False,3.07,Humanities,Black,660.0,6.0,Financial Services,0
4483,1,False,3.3,Business,Black,630.0,4.0,Consulting,0
4484,0,False,3.34,STEM,Hispanic,640.0,3.0,CPG,0
4485,1,False,3.3,Humanities,Other,730.0,4.0,Other,0
4486,1,True,3.36,Humanities,Unknown,710.0,2.0,Other,1
4487,1,False,3.47,STEM,Black,710.0,4.0,PE/VC,0
4489,0,False,3.18,Humanities,White,660.0,6.0,Consulting,0
4490,1,False,3.22,Business,White,600.0,6.0,Financial Services,0
4491,1,False,3.12,Humanities,Hispanic,580.0,5.0,Other,0
4492,1,True,3.4,Business,Unknown,670.0,4.0,Financial Services,1
4493,1,False,3.22,STEM,Hispanic,650.0,4.0,Consulting,0
4494,1,False,3.19,Business,White,600.0,4.0,Nonprofit/Gov,0
4495,1,False,3.54,Business,Hispanic,620.0,5.0,Investment Management,0
4496,0,False,3.04,Humanities,Hispanic,590.0,7.0,Health Care,0
4497,1,True,3.31,Humanities,Unknown,680.0,5.0,Other,1
4498,1,False,3.31,STEM,Other,680.0,5.0,Other,1
4499,1,False,3.34,Business,Asian,600.0,6.0,Health Care,0
4500,1,False,2.93,STEM,White,610.0,6.0,Technology,0
4501,1,False,3.39,Business,Other,660.0,5.0,Consulting,0
4502,1,False,3.02,Humanities,White,630.0,4.0,Investment Banking,0
4503,0,True,3.32,STEM,Unknown,640.0,7.0,Other,0
4504,1,True,3.39,Humanities,Unknown,750.0,4.0,Health Care,1
4505,0,True,3.36,STEM,Unknown,710.0,4.0,Other,1
4506,1,True,3.44,Humanities,Unknown,750.0,5.0,Other,0
4507,0,False,2.91,STEM,White,610.0,6.0,Technology,0
4508,1,False,3.18,Business,White,680.0,4.0,Other,0
4509,0,False,3.42,Business,Asian,650.0,3.0,Technology,0
4510,1,False,3.27,Humanities,Asian,720.0,5.0,Nonprofit/Gov,1
4511,1,False,3.24,Humanities,White,710.0,6.0,Nonprofit/Gov,0
4512,0,False,3.39,STEM,Asian,750.0,6.0,Investment Banking,0
4513,1,False,3.33,Humanities,White,660.0,7.0,Consulting,0
4514,0,False,3.29,Humanities,White,660.0,5.0,Technology,0
4515,1,True,3.25,Humanities,Unknown,690.0,5.0,Media/Entertainment,0
4516,1,False,3.24,Business,Asian,730.0,6.0,Investment Management,0
4517,1,False,3.09,Business,Black,570.0,5.0,Consulting,0
4518,1,False,3.51,Humanities,White,740.0,6.0,Investment Banking,0
4519,0,False,3.28,Business,Asian,690.0,5.0,Nonprofit/Gov,0
4520,1,True,2.99,STEM,Unknown,600.0,6.0,Nonprofit/Gov,0
4521,0,True,3.16,STEM,Unknown,600.0,6.0,Real Estate,0
4522,1,False,3.13,STEM,Black,630.0,4.0,Consulting,0
4523,1,False,3.18,Business,White,660.0,5.0,Nonprofit/Gov,0
4524,0,False,3.08,Humanities,Black,620.0,4.0,PE/VC,0
4525,0,False,3.51,Humanities,Asian,710.0,6.0,Consulting,0
4526,1,True,3.36,Humanities,Unknown,730.0,5.0,Media/Entertainment,0
4527,1,False,3.16,Business,Hispanic,680.0,5.0,Health Care,0
4528,0,False,3.17,Business,Hispanic,570.0,5.0,Technology,0
4529,1,True,3.39,Business,Unknown,590.0,5.0,Health Care,0
4530,1,False,3.15,STEM,White,620.0,4.0,Real Estate,0
4531,1,True,3.17,STEM,Unknown,620.0,6.0,Technology,0
4532,1,False,3.16,Business,Black,590.0,5.0,Investment Banking,0
4533,0,True,3.19,STEM,Unknown,630.0,6.0,Consulting,0
4534,1,False,3.12,Business,Black,660.0,7.0,Consulting,0
4535,1,False,3.4,Business,White,650.0,7.0,Consulting,0
4536,1,True,3.33,STEM,Unknown,640.0,4.0,Financial Services,0
4537,1,False,3.1,Business,Black,620.0,6.0,Consulting,0
4538,1,True,3.01,Humanities,Unknown,570.0,4.0,Technology,0
4539,1,False,3.23,Humanities,Asian,600.0,4.0,Health Care,0
4540,1,True,3.35,Humanities,Unknown,660.0,6.0,Nonprofit/Gov,1
4541,0,True,3.11,Business,Unknown,590.0,5.0,Health Care,0
4542,0,False,3.27,STEM,White,660.0,5.0,Financial Services,0
4543,0,True,3.39,Humanities,Unknown,600.0,5.0,Investment Banking,0
4544,1,False,3.19,Business,White,680.0,4.0,Technology,0
4545,1,False,3.3,Business,White,630.0,7.0,Consulting,0
4546,1,False,3.29,Business,White,670.0,5.0,Nonprofit/Gov,1
4547,0,False,3.13,STEM,Black,570.0,5.0,Financial Services,0
4548,1,True,3.21,Humanities,Unknown,630.0,2.0,Nonprofit/Gov,0
4549,1,True,3.11,Business,Unknown,650.0,7.0,Nonprofit/Gov,0
4550,1,False,3.09,STEM,White,620.0,5.0,Nonprofit/Gov,0
4551,1,False,3.38,Business,Hispanic,680.0,5.0,Consulting,0
4552,1,False,3.2,STEM,Black,640.0,5.0,Consulting,0
4553,1,False,3.44,Humanities,Hispanic,620.0,6.0,PE/VC,0
4554,1,True,3.21,STEM,Unknown,650.0,5.0,PE/VC,0
4555,0,False,3.11,STEM,Asian,670.0,6.0,Real Estate,0
4556,1,False,3.21,STEM,White,620.0,6.0,Investment Banking,0
4557,0,False,3.48,STEM,Black,760.0,5.0,Consulting,0
4558,1,False,3.34,STEM,Hispanic,720.0,3.0,Financial Services,0
4559,0,True,3.7,Business,Unknown,740.0,5.0,PE/VC,1
4560,0,False,3.24,Humanities,Asian,690.0,4.0,Investment Banking,0
4561,1,True,3.12,Humanities,Unknown,630.0,5.0,Other,0
4562,0,True,3.34,Business,Unknown,730.0,5.0,Other,1
4563,0,False,3.18,Humanities,Other,710.0,6.0,PE/VC,0
4564,1,False,3.29,Business,White,650.0,4.0,Consulting,0
4565,0,True,3.37,Humanities,Unknown,650.0,7.0,Investment Banking,0
4566,1,False,3.27,STEM,Hispanic,680.0,6.0,Nonprofit/Gov,0
4567,0,True,3.19,STEM,Unknown,600.0,5.0,Technology,0
4568,1,False,3.21,Humanities,Black,670.0,3.0,Other,0
4570,1,False,3.13,STEM,White,610.0,3.0,Consulting,0
4571,1,False,3.4,Business,Asian,650.0,7.0,PE/VC,0
4572,1,True,2.99,STEM,Unknown,600.0,4.0,Nonprofit/Gov,0
4573,0,False,2.96,STEM,Hispanic,570.0,6.0,PE/VC,0
4574,1,True,2.97,Humanities,Unknown,580.0,5.0,Investment Management,0
4575,0,False,2.99,Business,White,570.0,4.0,Consulting,0
4576,0,False,3.22,Humanities,White,630.0,5.0,Other,0
4577,1,False,3.07,Humanities,White,570.0,6.0,Technology,0
4578,0,False,2.94,STEM,Asian,570.0,5.0,Nonprofit/Gov,0
4579,1,False,3.05,Humanities,White,610.0,6.0,Technology,0
4580,1,False,3.07,Business,Hispanic,570.0,5.0,PE/VC,0
4581,1,False,3.37,STEM,Asian,660.0,7.0,PE/VC,0
4582,1,False,2.96,STEM,White,570.0,6.0,Nonprofit/Gov,0
4583,0,True,3.16,Humanities,Unknown,620.0,6.0,Consulting,0
4584,1,False,3.29,STEM,White,660.0,3.0,Consulting,1
4585,1,False,3.36,Humanities,White,640.0,6.0,PE/VC,0
4586,1,False,3.23,Business,Hispanic,650.0,6.0,Nonprofit/Gov,0
4587,1,False,3.26,Humanities,Black,630.0,6.0,PE/VC,0
4588,1,True,3.21,Humanities,Unknown,620.0,4.0,Consulting,0
4589,1,True,3.16,Business,Unknown,640.0,5.0,Consulting,0
4590,1,True,3.26,STEM,Unknown,680.0,7.0,Nonprofit/Gov,0
4591,1,False,3.28,STEM,Black,660.0,5.0,Consulting,0
4592,0,False,3.29,Humanities,White,680.0,5.0,Financial Services,0
4593,1,False,3.37,Business,Asian,630.0,6.0,Investment Banking,0
4594,1,False,3.12,STEM,Hispanic,630.0,5.0,Health Care,0
4595,1,False,3.34,Business,Asian,660.0,5.0,PE/VC,0
4596,0,True,3.12,Humanities,Unknown,650.0,7.0,Nonprofit/Gov,0
4597,1,True,3.51,Humanities,Unknown,720.0,4.0,Other,1
4598,0,True,3.13,Humanities,Unknown,620.0,4.0,Investment Banking,0
4599,1,False,3.33,STEM,Black,690.0,4.0,PE/VC,0
4600,0,False,3.21,STEM,Asian,570.0,6.0,Nonprofit/Gov,0
4601,0,False,3.11,Business,Black,630.0,4.0,CPG,0
4602,1,False,3.21,Business,Black,680.0,6.0,Consulting,1
4603,0,False,3.25,STEM,Black,650.0,6.0,Investment Management,0
4604,1,False,3.31,Humanities,White,570.0,4.0,Technology,0
4605,1,False,3.48,Business,Black,640.0,3.0,Consulting,0
4606,0,False,3.17,STEM,Black,620.0,6.0,Nonprofit/Gov,0
4607,0,True,3.24,Humanities,Unknown,640.0,5.0,Consulting,0
4608,1,False,3.17,STEM,White,650.0,5.0,Consulting,0
4609,1,False,3.19,STEM,White,640.0,6.0,PE/VC,0
4610,1,False,3.26,Humanities,Black,640.0,5.0,Nonprofit/Gov,0
4611,0,False,2.89,STEM,Asian,590.0,4.0,Consulting,0
4612,1,False,3.35,Humanities,Hispanic,700.0,5.0,Nonprofit/Gov,1
4613,0,True,3.54,STEM,Unknown,680.0,6.0,Consulting,1
4614,1,True,3.04,Business,Unknown,570.0,6.0,Real Estate,0
4615,0,False,3.26,Humanities,Hispanic,640.0,6.0,Technology,0
4616,1,False,3.26,Humanities,Hispanic,620.0,6.0,Health Care,0
4617,0,False,3.08,Humanities,White,600.0,4.0,Financial Services,0
4618,1,False,3.06,STEM,White,620.0,6.0,PE/VC,0
4619,0,False,3.51,Business,Other,710.0,4.0,Real Estate,0
4620,0,False,3.27,Business,Asian,620.0,6.0,Real Estate,0
4621,1,False,3.48,Business,White,740.0,4.0,Consulting,0
4622,1,True,3.43,STEM,Unknown,670.0,4.0,Technology,1
4623,1,False,3.29,STEM,Asian,620.0,5.0,PE/VC,0
4624,1,False,3.32,Business,Black,750.0,5.0,Nonprofit/Gov,0
4625,1,True,3.24,STEM,Unknown,650.0,5.0,Other,0
4626,0,False,3.33,STEM,Black,580.0,5.0,Other,0
4627,0,False,3.23,STEM,Asian,640.0,5.0,Energy,0
4628,1,True,3.19,Business,Unknown,650.0,6.0,PE/VC,0
4629,0,False,3.05,Humanities,White,610.0,4.0,Technology,0
4630,0,False,3.32,Humanities,Black,620.0,4.0,PE/VC,0
4631,1,False,3.21,Business,Asian,620.0,7.0,Nonprofit/Gov,0
4632,0,True,3.33,Humanities,Unknown,650.0,5.0,Consulting,0
4633,1,False,3.32,Humanities,White,640.0,4.0,Nonprofit/Gov,0
4634,0,False,3.23,STEM,Asian,690.0,4.0,PE/VC,0
4635,1,False,3.2,Humanities,Asian,650.0,5.0,Financial Services,0
4636,1,True,3.01,STEM,Unknown,580.0,7.0,Consulting,0
4637,0,False,3.43,STEM,Asian,600.0,4.0,Other,0
4638,0,False,3.48,Business,Other,700.0,5.0,Consulting,0
4639,1,False,3.4,STEM,White,730.0,6.0,Consulting,0
4640,1,False,3.02,Business,Hispanic,580.0,7.0,PE/VC,0
4641,1,False,3.17,Humanities,White,640.0,4.0,Technology,0
4642,1,False,3.41,Business,Asian,730.0,5.0,PE/VC,1
4643,0,False,3.22,Humanities,White,610.0,4.0,Consulting,0
4644,0,True,3.09,Humanities,Unknown,660.0,7.0,Health Care,0
4645,0,False,3.3,Business,Asian,780.0,5.0,Other,0
4646,0,True,3.19,Humanities,Unknown,660.0,6.0,PE/VC,0
4647,1,True,3.37,Business,Unknown,680.0,7.0,Financial Services,0
4648,1,False,3.26,Business,Black,630.0,6.0,Other,0
4649,0,False,3.1,STEM,Black,590.0,4.0,Consulting,0
4650,0,True,2.96,Humanities,Unknown,610.0,5.0,Consulting,0
4651,1,False,3.03,STEM,Asian,570.0,4.0,PE/VC,0
4652,1,True,3.45,Business,Unknown,640.0,3.0,Nonprofit/Gov,0
4653,1,False,3.18,Humanities,Asian,660.0,6.0,Nonprofit/Gov,0
4654,1,True,3.44,STEM,Unknown,750.0,5.0,Other,0
4655,1,False,3.34,Business,Asian,700.0,7.0,Consulting,1
4656,1,False,3.25,Humanities,White,680.0,4.0,Consulting,0
4657,1,False,3.13,Business,Hispanic,700.0,5.0,Health Care,0
4658,1,False,3.39,Business,White,710.0,5.0,Nonprofit/Gov,1
4659,0,False,3.33,Humanities,Asian,680.0,6.0,PE/VC,1
4660,1,False,3.31,Business,Other,620.0,4.0,Nonprofit/Gov,0
4661,1,False,3.16,STEM,Asian,570.0,5.0,Consulting,0
4662,0,False,3.02,Business,White,590.0,6.0,Technology,0
4663,1,False,3.43,STEM,Hispanic,640.0,3.0,Consulting,0
4664,1,False,3.13,STEM,Black,670.0,6.0,Investment Management,0
4665,0,False,3.25,Humanities,Other,570.0,6.0,PE/VC,0
4666,1,True,3.19,Humanities,Unknown,650.0,6.0,Consulting,0
4667,0,True,3.38,STEM,Unknown,640.0,4.0,Nonprofit/Gov,0
4668,1,False,3.36,Humanities,Asian,660.0,4.0,Financial Services,0
4669,1,False,3.12,Humanities,Asian,570.0,5.0,Technology,0
4670,1,False,3.5,STEM,Asian,690.0,3.0,Other,1
4671,0,False,3.28,Business,Hispanic,590.0,6.0,Financial Services,0
4672,0,False,3.22,Business,White,570.0,6.0,Consulting,0
4673,0,False,3.02,STEM,Hispanic,570.0,7.0,Technology,0
4674,0,False,3.22,STEM,Asian,660.0,4.0,PE/VC,0
4675,0,False,3.22,Business,White,710.0,3.0,Consulting,0
4676,0,False,3.15,Humanities,White,600.0,5.0,Other,0
4677,1,False,3.01,STEM,Black,620.0,7.0,Health Care,0
4678,1,True,3.25,Business,Unknown,710.0,5.0,Other,0
4679,0,True,3.19,STEM,Unknown,660.0,6.0,Nonprofit/Gov,0
4681,1,True,3.39,Business,Unknown,780.0,5.0,Technology,0
4682,1,True,3.41,STEM,Unknown,700.0,3.0,PE/VC,0
4683,0,True,3.17,STEM,Unknown,650.0,4.0,Technology,0
4684,1,False,2.98,Business,Black,570.0,5.0,Financial Services,0
4685,1,True,3.19,STEM,Unknown,720.0,5.0,Consulting,0
4686,1,True,3.33,Business,Unknown,600.0,4.0,Financial Services,0
4687,0,False,3.31,STEM,Other,640.0,5.0,Consulting,0
4688,1,False,3.11,Business,White,570.0,5.0,Consulting,0
4689,0,False,3.4,Humanities,Black,750.0,6.0,PE/VC,0
4690,0,False,3.34,STEM,Asian,690.0,6.0,PE/VC,0
4691,1,False,3.41,STEM,Black,670.0,6.0,Nonprofit/Gov,0
4692,1,True,2.94,Humanities,Unknown,570.0,6.0,Health Care,0
4693,1,False,3.06,Humanities,White,590.0,7.0,Consulting,0
4694,1,True,3.29,STEM,Unknown,670.0,4.0,PE/VC,0
4695,0,False,2.96,STEM,Black,630.0,5.0,Nonprofit/Gov,0
4696,1,False,3.28,Business,Black,720.0,5.0,Consulting,1
4697,1,False,3.22,Humanities,Hispanic,760.0,6.0,Technology,0
4698,1,False,3.43,STEM,White,780.0,5.0,Consulting,0
4699,1,True,3.5,Business,Unknown,680.0,5.0,Other,1
4700,0,True,3.15,Business,Unknown,650.0,5.0,Retail,0
4701,1,False,3.33,Business,White,660.0,5.0,Consulting,0
4702,1,True,3.16,Humanities,Unknown,670.0,4.0,Nonprofit/Gov,0
4703,0,False,3.08,Business,Black,690.0,6.0,Consulting,0
4704,1,False,3.11,Business,Hispanic,600.0,5.0,Financial Services,0
4705,1,False,3.38,Humanities,White,660.0,4.0,Financial Services,0
4706,1,False,3.17,Humanities,Hispanic,630.0,6.0,Technology,0
4707,1,True,3.11,Business,Unknown,660.0,6.0,Nonprofit/Gov,0
4708,1,False,3.33,Business,Black,740.0,6.0,PE/VC,0
4709,0,False,3.02,Business,Black,610.0,5.0,PE/VC,0
4710,1,False,3.06,Humanities,White,620.0,5.0,Technology,0
4711,1,False,3.27,Business,Asian,690.0,4.0,Nonprofit/Gov,0
4712,0,False,3.22,STEM,Black,720.0,6.0,Consulting,0
4713,1,True,3.23,Humanities,Unknown,600.0,5.0,Technology,0
4714,0,False,3.25,STEM,White,600.0,5.0,Health Care,0
4715,1,False,3.22,STEM,White,640.0,5.0,Consulting,0
4716,0,False,3.08,Humanities,Asian,610.0,5.0,PE/VC,0
4717,0,True,3.29,STEM,Unknown,610.0,4.0,PE/VC,0
4718,1,False,3.33,Humanities,Asian,670.0,6.0,PE/VC,1
4719,1,True,3.12,Humanities,Unknown,590.0,6.0,PE/VC,0
4720,1,True,3.03,Humanities,Unknown,600.0,6.0,Consulting,0
4721,1,True,2.9,Business,Unknown,580.0,8.0,Financial Services,0
4722,1,False,3.27,STEM,Black,640.0,4.0,Investment Banking,0
4723,1,False,3.2,Humanities,Black,640.0,4.0,Other,0
4724,0,False,3.55,Humanities,White,710.0,5.0,Other,0
4725,1,False,3.18,Humanities,White,660.0,4.0,Nonprofit/Gov,0
4726,1,True,3.02,Business,Unknown,620.0,5.0,Technology,0
4727,1,False,3.18,Humanities,Hispanic,680.0,5.0,Real Estate,0
4728,0,False,3.5,Humanities,Asian,630.0,3.0,PE/VC,0
4729,0,False,3.48,STEM,Hispanic,700.0,4.0,Technology,0
4730,1,False,3.29,Business,White,710.0,4.0,Nonprofit/Gov,0
4731,1,False,3.31,Humanities,White,640.0,4.0,Investment Banking,0
4732,1,False,3.25,STEM,Asian,660.0,6.0,Nonprofit/Gov,0
4733,1,False,3.29,STEM,Other,620.0,6.0,Consulting,0
4734,1,False,3.73,Humanities,Black,780.0,5.0,Nonprofit/Gov,1
4735,0,False,3.07,Business,White,670.0,5.0,PE/VC,0
4736,0,False,3.3,Business,White,650.0,4.0,Investment Management,0
4737,0,False,3.36,Humanities,Other,710.0,5.0,CPG,1
4738,1,False,3.08,Business,Asian,570.0,4.0,PE/VC,0
4739,0,True,3.19,Business,Unknown,650.0,4.0,Investment Banking,0
4740,1,True,3.19,Business,Unknown,640.0,4.0,Consulting,0
4741,0,False,2.91,STEM,Asian,570.0,5.0,Other,0
4742,1,False,3.18,STEM,White,630.0,7.0,Media/Entertainment,0
4743,1,False,3.39,STEM,Asian,700.0,5.0,Other,1
4744,0,False,3.36,Business,Hispanic,700.0,6.0,Nonprofit/Gov,1
4745,1,False,2.96,Business,Asian,640.0,5.0,Financial Services,0
4746,1,False,3.42,STEM,Other,680.0,5.0,Consulting,0
4747,1,False,3.23,Humanities,Asian,660.0,6.0,Investment Management,0
4748,1,False,3.29,Business,Other,600.0,6.0,Consulting,0
4749,1,False,3.51,Business,Black,780.0,4.0,Consulting,1
4750,1,False,3.26,Humanities,Black,640.0,5.0,Consulting,0
4751,1,False,3.17,STEM,Asian,570.0,5.0,Consulting,0
4752,1,False,3.12,STEM,Hispanic,580.0,5.0,Other,0
4753,1,True,3.23,STEM,Unknown,680.0,5.0,Investment Banking,1
4754,1,True,3.46,Humanities,Unknown,770.0,5.0,Technology,0
4755,1,True,3.24,Business,Unknown,590.0,5.0,CPG,0
4757,1,False,3.41,STEM,Black,740.0,4.0,PE/VC,0
4758,1,False,3.28,Humanities,White,630.0,3.0,Consulting,0
4759,0,False,3.1,Business,White,570.0,6.0,Health Care,0
4760,1,False,3.17,Business,Hispanic,620.0,6.0,Consulting,0
4761,1,False,3.3,Humanities,Asian,710.0,4.0,Financial Services,0
4762,0,False,3.26,Humanities,White,620.0,4.0,Investment Banking,0
4763,1,True,2.96,Humanities,Unknown,600.0,6.0,Investment Banking,0
4764,1,False,3.28,Business,White,640.0,5.0,Other,0
4765,0,True,3.09,Business,Unknown,570.0,6.0,Other,0
4766,0,False,3.27,Humanities,Hispanic,690.0,3.0,Nonprofit/Gov,0
4767,1,False,3.3,STEM,White,750.0,7.0,Technology,0
4768,0,True,3.55,Business,Unknown,700.0,4.0,Consulting,1
4769,1,False,3.29,Humanities,Black,640.0,5.0,Consulting,0
4770,0,False,3.27,STEM,Asian,700.0,5.0,Consulting,1
4771,0,True,3.5,Humanities,Unknown,670.0,5.0,Nonprofit/Gov,0
4772,0,False,3.41,STEM,Hispanic,640.0,5.0,Consulting,0
4773,1,False,3.14,STEM,Hispanic,640.0,4.0,PE/VC,0
4774,0,False,3.33,Business,Asian,700.0,4.0,Financial Services,0
4775,1,False,3.46,Humanities,White,720.0,5.0,PE/VC,0
4776,1,False,3.25,Business,Other,720.0,4.0,Consulting,1
4777,1,False,3.26,STEM,White,590.0,5.0,Real Estate,0
4778,0,False,3.23,STEM,Black,650.0,5.0,Real Estate,0
4779,1,False,3.08,STEM,Other,570.0,6.0,Consulting,0
4780,1,True,3.11,Business,Unknown,620.0,4.0,Financial Services,0
4781,0,True,3.22,Business,Unknown,640.0,5.0,Consulting,0
4782,0,False,3.28,Business,Black,640.0,5.0,Financial Services,0
4783,1,False,3.36,Humanities,Asian,650.0,5.0,Technology,0
4784,0,False,3.14,Humanities,Asian,630.0,4.0,Nonprofit/Gov,0
4785,1,False,3.36,Humanities,Black,710.0,4.0,Technology,1
4786,1,True,3.45,Humanities,Unknown,730.0,5.0,Consulting,0
4787,0,False,3.38,STEM,White,750.0,4.0,Investment Banking,0
4788,0,True,3.17,Business,Unknown,620.0,7.0,Nonprofit/Gov,0
4789,0,True,3.3,Humanities,Unknown,730.0,4.0,Nonprofit/Gov,0
4790,0,False,3.18,Business,Black,660.0,4.0,Consulting,0
4791,0,False,3.38,Business,White,720.0,5.0,Consulting,1
4792,1,False,3.28,Business,Black,690.0,5.0,Consulting,0
4793,0,False,3.44,Business,White,720.0,6.0,Consulting,0
4794,1,False,3.43,STEM,White,680.0,5.0,Investment Banking,0
4795,1,True,3.19,Business,Unknown,610.0,4.0,PE/VC,0
4796,0,True,3.27,Business,Unknown,630.0,5.0,Technology,0
4797,1,False,3.16,Business,Hispanic,640.0,4.0,Consulting,0
4798,1,True,3.48,Humanities,Unknown,610.0,6.0,Consulting,0
4799,1,False,3.33,STEM,Black,710.0,6.0,Other,0
4800,0,False,3.42,Humanities,Asian,610.0,6.0,Financial Services,0
4801,1,False,3.18,STEM,White,660.0,5.0,PE/VC,0
4802,1,True,3.21,Business,Unknown,600.0,5.0,Consulting,0
4803,0,False,3.2,STEM,Asian,570.0,5.0,Technology,0
4804,1,False,2.95,Business,Black,610.0,4.0,Financial Services,0
4805,1,True,3.54,STEM,Unknown,730.0,7.0,PE/VC,0
4806,1,True,3.09,STEM,Unknown,590.0,5.0,PE/VC,0
4807,1,True,3.09,Humanities,Unknown,570.0,5.0,PE/VC,0
4808,0,False,3.37,Business,Black,630.0,5.0,PE/VC,0
4809,1,False,3.29,Humanities,White,670.0,4.0,PE/VC,1
4810,0,False,3.26,Humanities,Other,720.0,3.0,PE/VC,0
4811,1,False,3.16,Business,White,640.0,4.0,Technology,0
4812,0,False,3.33,Business,White,680.0,5.0,Nonprofit/Gov,1
4813,1,False,3.16,STEM,White,640.0,6.0,Investment Banking,0
4814,0,True,3.38,Business,Unknown,610.0,6.0,Technology,0
4815,1,False,3.24,Humanities,Black,600.0,6.0,PE/VC,0
4816,1,False,3.11,Business,Black,650.0,4.0,Investment Banking,0
4817,0,True,3.24,STEM,Unknown,670.0,5.0,Media/Entertainment,0
4818,0,False,2.93,Humanities,Hispanic,580.0,5.0,CPG,0
4819,1,False,3.0,Business,White,660.0,5.0,Consulting,0
4820,1,False,3.27,STEM,Asian,650.0,6.0,Investment Banking,0
4821,1,False,3.18,STEM,White,570.0,3.0,Consulting,0
4822,1,True,3.01,Business,Unknown,570.0,5.0,Technology,0
4823,1,False,2.99,STEM,Asian,580.0,3.0,Investment Management,0
4824,0,False,3.3,Business,White,740.0,5.0,Consulting,1
4825,1,False,3.06,Humanities,White,580.0,5.0,Other,0
4826,1,False,3.59,STEM,White,780.0,4.0,Consulting,1
4827,1,False,3.43,Humanities,Hispanic,660.0,7.0,Other,0
4828,1,False,3.24,STEM,White,620.0,4.0,Consulting,0
4829,1,False,3.33,Humanities,Black,690.0,6.0,PE/VC,0
4830,1,False,3.03,STEM,Black,630.0,5.0,Consulting,0
4831,0,False,3.13,STEM,Asian,570.0,4.0,CPG,0
4832,0,False,3.26,Humanities,Black,640.0,6.0,Media/Entertainment,0
4833,0,True,3.61,Humanities,Unknown,680.0,4.0,Consulting,1
4834,1,True,3.37,STEM,Unknown,670.0,7.0,Financial Services,0
4835,1,True,3.16,Humanities,Unknown,570.0,6.0,PE/VC,0
4836,1,True,3.03,Business,Unknown,620.0,6.0,Technology,0
4837,1,False,3.39,Business,White,700.0,5.0,Consulting,0
4838,0,False,3.35,Humanities,White,610.0,4.0,Financial Services,0
4839,0,False,3.11,STEM,White,610.0,5.0,Health Care,0
4840,1,False,3.4,STEM,Hispanic,720.0,4.0,Consulting,0
4841,1,True,3.16,Humanities,Unknown,650.0,6.0,Other,0
4842,1,False,2.99,Humanities,White,630.0,4.0,Investment Banking,0
4843,1,False,3.26,Humanities,Asian,650.0,4.0,Investment Management,0
4844,1,False,3.33,Humanities,Asian,720.0,5.0,Other,1
4845,0,True,3.24,Business,Unknown,600.0,5.0,Consulting,0
4846,1,False,3.15,STEM,Asian,580.0,6.0,Health Care,0
4847,0,True,3.07,STEM,Unknown,650.0,5.0,Consulting,0
4848,1,False,3.38,STEM,Other,670.0,6.0,Consulting,0
4850,1,False,3.43,STEM,White,710.0,4.0,PE/VC,0
4851,1,False,3.39,Business,White,600.0,5.0,Consulting,0
4852,1,False,3.13,Business,Asian,570.0,4.0,Technology,0
4853,1,False,3.0,STEM,Asian,590.0,5.0,Consulting,0
4854,1,False,3.35,STEM,Hispanic,640.0,5.0,PE/VC,0
4855,1,False,3.29,Business,White,660.0,5.0,PE/VC,0
4856,1,False,3.3,Humanities,Asian,620.0,5.0,Consulting,0
4857,1,False,3.29,Humanities,White,670.0,5.0,Consulting,0
4858,1,True,3.01,Humanities,Unknown,580.0,4.0,Consulting,0
4859,1,False,3.39,STEM,Asian,670.0,6.0,Consulting,0
4860,1,True,3.2,Business,Unknown,610.0,6.0,Nonprofit/Gov,0
4861,0,False,3.4,Humanities,White,690.0,5.0,Real Estate,1
4862,0,False,3.09,Business,Asian,620.0,6.0,Other,0
4863,1,False,3.35,STEM,Asian,620.0,4.0,PE/VC,0
4864,1,False,3.22,Business,Black,630.0,5.0,PE/VC,0
4865,1,True,3.51,Humanities,Unknown,630.0,5.0,PE/VC,0
4866,0,False,3.64,Business,Black,720.0,5.0,Nonprofit/Gov,0
4867,1,True,3.2,Business,Unknown,650.0,4.0,Investment Banking,0
4868,1,False,3.09,Humanities,Hispanic,580.0,4.0,Health Care,0
4869,0,True,3.1,Business,Unknown,570.0,7.0,PE/VC,0
4870,1,False,3.36,Humanities,Asian,710.0,6.0,Financial Services,0
4871,1,False,3.17,Business,White,590.0,4.0,Nonprofit/Gov,0
4872,1,False,3.28,Business,White,710.0,5.0,Investment Banking,0
4873,0,True,3.37,Humanities,Unknown,720.0,6.0,Consulting,0
4874,1,True,3.29,Humanities,Unknown,650.0,5.0,Consulting,0
4875,1,True,3.03,STEM,Unknown,620.0,7.0,Consulting,0
4876,0,False,3.21,STEM,White,600.0,6.0,PE/VC,0
4877,0,False,3.07,Humanities,Asian,690.0,4.0,Consulting,0
4878,1,False,2.93,STEM,White,570.0,5.0,Technology,0
4879,1,False,3.34,Humanities,White,710.0,5.0,Other,0
4880,0,True,3.12,Humanities,Unknown,610.0,4.0,Consulting,0
4881,0,False,3.29,STEM,White,690.0,5.0,Nonprofit/Gov,0
4882,1,True,2.95,Business,Unknown,570.0,4.0,CPG,0
4883,0,False,3.25,Humanities,Asian,730.0,5.0,Financial Services,1
4884,1,True,3.02,Business,Unknown,580.0,3.0,Other,0
4885,0,True,3.39,Humanities,Unknown,740.0,7.0,Other,1
4886,1,True,3.1,Humanities,Unknown,640.0,5.0,Technology,0
4887,1,False,3.53,STEM,Hispanic,700.0,4.0,Health Care,1
4888,0,True,3.03,Humanities,Unknown,580.0,4.0,Health Care,0
4889,1,False,3.26,Humanities,Other,630.0,3.0,Investment Banking,0
4890,0,False,2.98,Humanities,White,570.0,5.0,Health Care,0
4891,1,False,3.39,Business,White,740.0,5.0,Nonprofit/Gov,0
4892,1,True,3.03,Humanities,Unknown,590.0,4.0,PE/VC,0
4893,1,True,3.15,Humanities,Unknown,600.0,3.0,Investment Banking,0
4894,0,False,3.17,Humanities,White,640.0,3.0,Nonprofit/Gov,0
4895,0,True,3.13,Business,Unknown,650.0,6.0,Investment Banking,0
4896,1,False,3.28,Humanities,White,620.0,4.0,Nonprofit/Gov,0
4897,1,False,3.17,Business,Asian,660.0,6.0,Consulting,0
4898,0,True,3.27,STEM,Unknown,660.0,5.0,Health Care,0
4899,1,False,3.45,Business,Black,720.0,4.0,Other,0
4900,1,False,3.38,STEM,Asian,640.0,5.0,Health Care,0
4901,1,False,3.31,Business,White,660.0,6.0,Technology,1
4902,0,True,2.65,Humanities,Unknown,570.0,6.0,Investment Banking,0
4903,0,False,3.36,Humanities,Asian,710.0,6.0,Nonprofit/Gov,1
4904,1,False,3.34,Humanities,White,570.0,6.0,PE/VC,0
4905,1,False,3.15,Business,Hispanic,630.0,4.0,Investment Banking,0
4906,1,False,3.36,Humanities,Asian,640.0,5.0,Consulting,0
4907,1,True,3.31,Business,Unknown,690.0,5.0,Investment Banking,0
4908,1,False,3.19,Humanities,Asian,610.0,7.0,Technology,0
4909,1,False,3.35,Business,White,580.0,3.0,PE/VC,0
4910,1,False,3.14,Business,Asian,620.0,5.0,Investment Banking,0
4911,1,True,3.28,Business,Unknown,690.0,6.0,Financial Services,0
4912,1,True,3.09,Humanities,Unknown,630.0,3.0,Consulting,0
4913,0,False,3.49,Humanities,Asian,720.0,4.0,Consulting,0
4914,0,False,3.41,Humanities,Asian,680.0,6.0,Nonprofit/Gov,1
4915,1,True,3.21,Humanities,Unknown,700.0,3.0,Financial Services,1
4916,1,False,3.32,Humanities,White,610.0,6.0,Technology,0
4917,1,True,3.27,STEM,Unknown,640.0,7.0,Technology,0
4918,0,False,3.19,Business,Black,620.0,6.0,Other,0
4919,1,False,3.17,Business,White,610.0,5.0,Nonprofit/Gov,0
4920,0,True,3.19,Humanities,Unknown,650.0,6.0,Consulting,0
4921,1,False,3.28,STEM,White,630.0,5.0,Health Care,0
4922,1,False,3.33,Business,Black,690.0,6.0,Consulting,0
4923,0,False,3.34,STEM,Black,610.0,6.0,Consulting,0
4924,0,False,3.19,STEM,Black,570.0,4.0,Investment Banking,0
4925,1,False,3.24,Humanities,White,630.0,5.0,Consulting,0
4926,1,False,3.56,Humanities,Hispanic,670.0,6.0,Consulting,1
4927,1,False,3.27,Humanities,Other,620.0,5.0,Consulting,0
4928,1,False,3.41,Humanities,Asian,670.0,6.0,Financial Services,1
4929,1,False,3.49,Business,Hispanic,690.0,4.0,Nonprofit/Gov,0
4930,0,False,3.27,Humanities,Black,660.0,5.0,Consulting,1
4931,1,False,2.85,Business,Black,570.0,5.0,Consulting,0
4932,0,True,2.99,Humanities,Unknown,570.0,5.0,Consulting,0
4933,1,False,3.2,STEM,Hispanic,630.0,4.0,Financial Services,0
4934,0,False,3.05,Business,Other,680.0,5.0,Consulting,0
4935,0,False,3.31,STEM,Hispanic,600.0,4.0,Consulting,0
4936,1,False,3.15,Humanities,White,580.0,5.0,Consulting,0
4937,1,True,3.13,STEM,Unknown,640.0,7.0,Financial Services,0
4939,1,False,2.97,Humanities,Asian,620.0,6.0,Consulting,0
4940,1,False,3.13,Humanities,White,600.0,5.0,Nonprofit/Gov,0
4941,1,False,3.14,Humanities,Black,580.0,8.0,PE/VC,0
4942,1,False,3.09,Business,White,650.0,5.0,Consulting,0
4943,0,True,3.26,STEM,Unknown,630.0,6.0,Other,0
4944,0,False,3.36,Business,Other,700.0,6.0,Consulting,1
4945,1,False,3.37,Business,White,660.0,6.0,PE/VC,1
4946,1,True,3.42,Humanities,Unknown,650.0,5.0,Consulting,0
4947,0,False,3.51,Business,Black,680.0,4.0,Consulting,0
4948,0,False,3.32,STEM,Asian,660.0,5.0,Investment Banking,0
4949,0,False,3.39,Humanities,Black,710.0,4.0,Consulting,0
4950,1,False,3.26,Humanities,White,660.0,5.0,PE/VC,1
4951,0,True,3.35,Business,Unknown,710.0,5.0,Consulting,0
4952,0,True,3.21,STEM,Unknown,580.0,6.0,Consulting,0
4953,0,False,3.26,STEM,Hispanic,630.0,5.0,Nonprofit/Gov,0
4954,1,False,3.31,STEM,Asian,670.0,6.0,Nonprofit/Gov,0
4955,1,False,3.33,Humanities,Asian,700.0,5.0,Consulting,0
4956,1,False,3.57,STEM,Asian,720.0,7.0,Financial Services,0
4957,1,False,3.28,Humanities,Asian,660.0,5.0,Nonprofit/Gov,0
4958,1,False,3.26,Business,White,630.0,4.0,PE/VC,0
4959,1,True,3.3,Business,Unknown,680.0,5.0,PE/VC,0
4960,1,True,3.12,Humanities,Unknown,650.0,3.0,Consulting,0
4961,0,True,3.04,Business,Unknown,640.0,6.0,PE/VC,0
4962,1,False,3.21,Humanities,Black,600.0,5.0,Consulting,0
4963,1,False,3.13,Humanities,Hispanic,670.0,7.0,PE/VC,0
4964,0,True,3.1,Humanities,Unknown,690.0,6.0,Investment Banking,0
4965,1,False,3.38,Humanities,White,660.0,5.0,Financial Services,1
4966,1,False,3.21,Humanities,Other,610.0,2.0,Nonprofit/Gov,0
4967,0,False,3.18,STEM,White,670.0,5.0,Health Care,0
4968,1,False,3.0,Business,Asian,650.0,5.0,PE/VC,0
4969,1,False,3.13,Humanities,White,630.0,4.0,Technology,0
4970,1,False,3.34,Humanities,Asian,690.0,6.0,Financial Services,0
4971,1,False,3.24,Business,Hispanic,660.0,5.0,Energy,0
4972,1,False,3.0,Business,White,600.0,6.0,Nonprofit/Gov,0
4973,0,False,3.18,STEM,Hispanic,610.0,3.0,PE/VC,0
4974,0,False,3.59,Humanities,White,750.0,3.0,Consulting,1
4975,0,False,3.24,Business,Hispanic,660.0,6.0,Investment Banking,0
4976,0,True,3.18,Humanities,Unknown,680.0,4.0,Consulting,0
4977,1,False,3.42,STEM,Asian,710.0,4.0,Technology,1
4978,1,True,3.28,Business,Unknown,610.0,5.0,PE/VC,0
4979,0,False,2.98,Business,Hispanic,610.0,5.0,CPG,0
4980,1,True,3.09,STEM,Unknown,590.0,2.0,Technology,0
4981,1,False,3.16,Humanities,Black,610.0,5.0,Other,0
4982,1,False,3.26,STEM,Asian,610.0,4.0,Financial Services,0
4983,0,False,3.24,STEM,Asian,690.0,6.0,Consulting,0
4984,0,True,3.19,Business,Unknown,650.0,5.0,Other,0
4985,0,False,3.26,STEM,Asian,610.0,6.0,PE/VC,0
4986,1,False,3.31,Humanities,Asian,640.0,4.0,Consulting,0
4987,1,False,3.55,STEM,White,720.0,5.0,PE/VC,0
4988,1,False,3.45,Humanities,Black,690.0,5.0,Financial Services,1
4989,0,False,2.92,Humanities,White,570.0,6.0,PE/VC,0
4990,0,True,3.44,STEM,Unknown,650.0,4.0,Health Care,0
4991,1,False,3.37,Humanities,Hispanic,650.0,3.0,PE/VC,0
4992,0,False,3.2,Business,White,720.0,6.0,Consulting,0
4993,0,True,3.46,STEM,Unknown,630.0,6.0,Nonprofit/Gov,0
4994,1,False,3.31,Business,White,630.0,5.0,Consulting,0
4995,0,False,3.29,Business,Asian,670.0,5.0,Financial Services,0
4996,1,False,3.38,Business,Other,680.0,7.0,Consulting,0
4997,0,False,3.18,STEM,Hispanic,580.0,5.0,Consulting,0
4998,0,True,3.27,Business,Unknown,600.0,5.0,Financial Services,0
4999,0,True,3.14,STEM,Unknown,590.0,5.0,Nonprofit/Gov,0
5000,0,False,3.1,Humanities,White,580.0,6.0,Consulting,0
5001,1,True,3.35,STEM,Unknown,760.0,5.0,PE/VC,1
5002,0,False,3.36,Business,Hispanic,650.0,4.0,Nonprofit/Gov,0
5003,0,False,3.35,STEM,Black,710.0,3.0,Consulting,1
5004,0,False,3.3,Humanities,Black,620.0,6.0,Investment Banking,0
5005,1,False,3.06,Humanities,Other,580.0,5.0,Technology,0
5006,0,False,3.39,Business,Other,780.0,5.0,Other,0
5007,0,False,3.03,STEM,Other,610.0,7.0,Technology,0
5008,1,True,3.35,Business,Unknown,570.0,6.0,Consulting,0
5009,1,False,3.31,STEM,Hispanic,670.0,6.0,Technology,0
5010,1,True,3.07,STEM,Unknown,590.0,3.0,Investment Banking,0
5011,1,False,3.4,Business,Asian,590.0,6.0,Consulting,0
5012,1,False,3.45,Business,Asian,590.0,6.0,Nonprofit/Gov,0
5013,0,False,3.22,Humanities,White,600.0,4.0,Consulting,0
5014,1,False,3.25,Humanities,Other,710.0,6.0,Consulting,1
5015,0,True,3.32,Business,Unknown,650.0,6.0,Technology,0
5016,0,True,3.3,Humanities,Unknown,670.0,5.0,Technology,1
5017,1,True,3.14,STEM,Unknown,730.0,5.0,Technology,0
5018,0,True,3.14,Business,Unknown,650.0,4.0,Investment Management,0
5019,1,False,3.34,Business,Asian,700.0,6.0,PE/VC,1
5020,1,False,3.22,Humanities,White,630.0,4.0,Consulting,0
5021,0,False,3.15,Business,White,570.0,5.0,Technology,0
5022,1,True,3.29,STEM,Unknown,670.0,4.0,Consulting,1
5023,1,False,3.06,Business,Black,620.0,5.0,Nonprofit/Gov,0
5024,0,False,3.19,STEM,Asian,670.0,4.0,Consulting,0
5025,0,False,2.98,Humanities,White,590.0,8.0,Nonprofit/Gov,0
5026,0,False,3.35,Humanities,Asian,610.0,4.0,PE/VC,0
5027,1,False,3.44,Humanities,Asian,690.0,5.0,Other,1
5028,0,True,3.43,STEM,Unknown,640.0,4.0,Financial Services,0
5029,0,False,3.33,STEM,Asian,700.0,6.0,Investment Banking,0
5030,1,False,3.14,Business,Asian,570.0,5.0,PE/VC,0
5031,1,True,2.87,Humanities,Unknown,590.0,5.0,Technology,0
5032,1,False,3.28,Business,Hispanic,690.0,7.0,Investment Management,0
5033,0,False,3.22,Business,White,600.0,4.0,Other,0
5034,1,False,3.3,Business,Hispanic,660.0,4.0,Technology,0
5035,0,True,3.06,Humanities,Unknown,600.0,4.0,Other,0
5036,0,True,3.14,Humanities,Unknown,650.0,3.0,Consulting,0
5037,0,True,3.49,Humanities,Unknown,630.0,7.0,Consulting,0
5038,1,False,3.01,STEM,Asian,600.0,6.0,PE/VC,0
5039,0,False,3.35,STEM,White,650.0,5.0,PE/VC,0
5040,1,False,3.32,Humanities,Hispanic,680.0,5.0,Consulting,0
5041,1,True,3.38,Humanities,Unknown,740.0,3.0,Consulting,0
5042,0,False,3.31,Humanities,Asian,640.0,6.0,Technology,0
5043,1,False,3.3,Business,White,660.0,6.0,Consulting,0
5044,0,False,3.22,Business,Asian,710.0,4.0,PE/VC,1
5045,1,False,3.1,STEM,Hispanic,610.0,5.0,PE/VC,0
5046,1,False,3.43,STEM,Asian,630.0,5.0,Consulting,0
5047,0,False,3.33,Humanities,Black,570.0,5.0,Consulting,0
5048,0,False,3.21,STEM,Black,650.0,5.0,Investment Banking,0
5049,1,True,3.05,Humanities,Unknown,600.0,6.0,Technology,0
5050,1,False,3.54,Humanities,Asian,710.0,6.0,Nonprofit/Gov,0
5051,0,False,3.28,Business,Hispanic,650.0,6.0,Consulting,0
5052,0,True,3.37,STEM,Unknown,740.0,6.0,PE/VC,0
5053,0,False,3.37,Business,Asian,640.0,4.0,Media/Entertainment,0
5054,1,True,3.31,Humanities,Unknown,660.0,4.0,CPG,0
5055,1,False,3.34,Humanities,Black,710.0,5.0,Investment Banking,0
5056,0,False,3.39,STEM,White,690.0,5.0,Technology,1
5057,1,False,3.07,Business,Asian,600.0,6.0,Financial Services,0
5058,1,True,3.44,Humanities,Unknown,660.0,4.0,PE/VC,0
5059,0,False,3.19,Humanities,Other,640.0,4.0,Financial Services,0
5060,1,True,3.38,Humanities,Unknown,620.0,5.0,PE/VC,0
5061,1,False,3.2,Humanities,Asian,600.0,5.0,PE/VC,0
5062,0,False,3.07,Business,White,620.0,5.0,Financial Services,0
5063,0,False,3.36,Business,Black,580.0,6.0,Financial Services,0
5064,0,False,3.13,Humanities,Asian,650.0,5.0,PE/VC,0
5065,1,False,3.27,Humanities,Black,670.0,5.0,Nonprofit/Gov,0
5066,1,False,3.13,STEM,White,580.0,4.0,Technology,0
5067,1,False,3.44,Humanities,White,650.0,5.0,Technology,0
5068,0,False,3.34,Humanities,Black,740.0,4.0,Consulting,1
5069,1,True,3.17,Business,Unknown,620.0,3.0,Consulting,0
5070,1,False,3.31,Business,Black,630.0,6.0,Investment Banking,0
5071,1,True,3.11,Humanities,Unknown,600.0,5.0,Nonprofit/Gov,0
5072,1,True,3.21,STEM,Unknown,650.0,5.0,PE/VC,0
5073,0,False,3.23,Business,Black,650.0,4.0,PE/VC,0
5074,1,False,3.18,Humanities,Hispanic,640.0,4.0,PE/VC,0
5075,1,False,3.25,STEM,Asian,640.0,4.0,Nonprofit/Gov,0
5076,1,True,3.3,Humanities,Unknown,690.0,6.0,Nonprofit/Gov,0
5077,0,False,3.08,STEM,Black,590.0,6.0,Nonprofit/Gov,0
5078,0,True,3.16,Business,Unknown,620.0,6.0,Nonprofit/Gov,0
5079,1,False,3.15,Humanities,Asian,680.0,5.0,PE/VC,0
5080,1,True,3.19,Business,Unknown,570.0,5.0,Consulting,0
5081,1,False,3.52,STEM,Asian,700.0,5.0,Investment Banking,0
5082,0,True,3.25,Business,Unknown,640.0,5.0,Technology,0
5083,0,False,3.27,Humanities,Black,650.0,5.0,PE/VC,0
5084,0,True,3.43,Business,Unknown,620.0,4.0,CPG,0
5085,1,False,3.48,Humanities,Other,750.0,4.0,Investment Banking,1
5086,1,True,3.11,STEM,Unknown,630.0,6.0,Technology,0
5087,1,False,3.13,STEM,Asian,610.0,5.0,Consulting,0
5088,1,False,3.33,Humanities,Other,680.0,6.0,Consulting,0
5089,1,True,3.28,Humanities,Unknown,660.0,6.0,Other,0
5090,0,False,3.27,Humanities,Hispanic,620.0,6.0,PE/VC,0
5091,1,False,3.02,STEM,Hispanic,650.0,5.0,Financial Services,0
5092,0,True,3.3,Business,Unknown,670.0,5.0,Technology,0
5094,0,True,3.5,Humanities,Unknown,720.0,7.0,Other,0
5095,0,False,3.38,Humanities,White,780.0,6.0,Consulting,1
5096,0,True,3.45,Humanities,Unknown,670.0,4.0,Nonprofit/Gov,0
5097,1,True,3.32,Humanities,Unknown,600.0,4.0,Consulting,0
5098,1,False,3.45,Humanities,Asian,650.0,5.0,PE/VC,0
5099,0,True,2.91,STEM,Unknown,590.0,5.0,Investment Management,0
5100,0,False,3.09,Business,Asian,590.0,6.0,Technology,0
5101,1,False,3.27,Business,Asian,650.0,5.0,Investment Banking,0
5102,1,False,3.42,Humanities,Other,590.0,5.0,Consulting,0
5103,1,False,3.11,Business,Black,590.0,5.0,Consulting,0
5104,1,False,3.25,Humanities,White,640.0,5.0,Consulting,0
5105,1,False,3.22,Humanities,Black,610.0,4.0,Investment Banking,0
5106,0,False,3.27,Business,White,600.0,6.0,Consulting,0
5107,0,True,2.94,Humanities,Unknown,590.0,5.0,Investment Banking,0
5108,1,False,3.08,STEM,Other,670.0,5.0,Technology,0
5109,0,True,3.18,Humanities,Unknown,600.0,4.0,Consulting,0
5110,1,False,3.34,Business,Asian,730.0,5.0,Consulting,0
5111,1,True,3.51,Business,Unknown,680.0,5.0,Other,0
5112,0,False,3.25,Humanities,White,600.0,4.0,Investment Banking,0
5113,0,False,3.11,Business,Asian,600.0,5.0,Consulting,0
5114,1,True,3.05,STEM,Unknown,600.0,6.0,Investment Banking,0
5115,1,True,3.54,STEM,Unknown,670.0,5.0,Technology,1
5116,1,False,3.28,Humanities,Asian,600.0,5.0,Health Care,0
5117,0,True,2.99,Business,Unknown,590.0,7.0,Other,0
5118,1,True,3.23,Humanities,Unknown,570.0,6.0,Consulting,0
5119,0,False,3.31,STEM,White,710.0,5.0,Investment Banking,0
5120,1,False,3.38,STEM,Hispanic,670.0,4.0,Consulting,0
5121,1,False,3.28,Business,Hispanic,630.0,5.0,Consulting,0
5122,0,False,3.38,Business,White,740.0,5.0,Consulting,0
5123,1,False,3.24,Business,Other,640.0,6.0,Nonprofit/Gov,0
5124,1,False,3.49,Humanities,Other,710.0,5.0,Financial Services,0
5125,0,False,3.03,Humanities,Black,620.0,4.0,Technology,0
5126,1,True,3.31,Humanities,Unknown,690.0,4.0,Investment Banking,0
5127,0,False,3.21,Business,Asian,580.0,4.0,Consulting,0
5128,1,True,3.24,STEM,Unknown,680.0,6.0,Consulting,0
5129,1,False,3.3,Humanities,White,720.0,5.0,PE/VC,0
5130,1,False,3.44,STEM,Black,770.0,5.0,Investment Banking,0
5131,0,False,3.44,Humanities,Asian,730.0,7.0,Technology,1
5132,0,True,3.48,Humanities,Unknown,690.0,5.0,Nonprofit/Gov,0
5133,1,False,3.4,Humanities,Asian,670.0,5.0,Consulting,0
5134,1,False,3.62,Humanities,Asian,700.0,6.0,Technology,1
5135,1,False,3.35,Humanities,Hispanic,750.0,4.0,Consulting,1
5136,0,False,3.06,STEM,White,610.0,5.0,Retail,0
5137,0,False,3.13,Business,Asian,650.0,7.0,Other,0
5138,0,False,3.24,Business,Asian,610.0,6.0,Real Estate,0
5139,1,False,3.28,STEM,White,640.0,4.0,Health Care,0
5140,1,False,3.31,Humanities,Black,700.0,6.0,Investment Banking,0
5141,1,False,3.33,Humanities,White,600.0,5.0,Financial Services,0
5142,0,False,3.51,STEM,White,730.0,3.0,Financial Services,1
5143,1,False,3.19,STEM,Black,700.0,5.0,Technology,0
5144,1,False,3.41,Humanities,Black,730.0,5.0,PE/VC,1
5145,1,False,3.05,Humanities,White,670.0,5.0,PE/VC,0
5146,1,False,3.42,Business,White,670.0,4.0,CPG,0
5147,1,False,3.44,Humanities,Black,740.0,5.0,Technology,0
5148,1,True,3.35,Humanities,Unknown,660.0,7.0,Financial Services,0
5149,0,True,3.41,Business,Unknown,710.0,6.0,Other,0
5150,0,True,3.15,Humanities,Unknown,600.0,4.0,PE/VC,0
5151,1,False,3.43,STEM,Black,780.0,6.0,Financial Services,0
5152,1,False,3.08,STEM,Asian,600.0,6.0,Nonprofit/Gov,0
5153,1,True,3.48,Humanities,Unknown,700.0,4.0,Consulting,0
5154,1,False,3.42,Business,Black,650.0,5.0,Real Estate,0
5155,0,False,3.17,Humanities,White,610.0,4.0,Technology,0
5156,0,False,3.08,Business,Asian,620.0,4.0,Investment Banking,0
5157,1,False,3.04,Humanities,Hispanic,610.0,7.0,Nonprofit/Gov,0
5158,0,False,3.25,Humanities,Asian,630.0,6.0,Consulting,0
5159,1,True,3.41,Humanities,Unknown,630.0,4.0,PE/VC,0
5160,0,True,3.57,Humanities,Unknown,760.0,4.0,Investment Banking,0
5161,0,True,3.35,Business,Unknown,630.0,5.0,Consulting,0
5162,0,True,3.0,Business,Unknown,650.0,4.0,Financial Services,0
5163,0,False,3.49,Business,Black,640.0,5.0,Consulting,0
5164,1,False,3.2,Business,Asian,620.0,4.0,Other,0
5165,1,False,2.93,Humanities,White,590.0,7.0,Financial Services,0
5166,0,False,3.41,Humanities,Asian,730.0,5.0,Technology,1
5167,0,False,3.25,STEM,Black,720.0,6.0,Consulting,0
5168,0,True,3.19,STEM,Unknown,630.0,5.0,PE/VC,0
5169,1,True,3.29,STEM,Unknown,660.0,6.0,Technology,0
5170,1,True,3.25,Business,Unknown,670.0,4.0,PE/VC,0
5171,0,False,3.33,Business,White,670.0,4.0,Consulting,0
5172,0,False,3.24,STEM,Asian,660.0,4.0,Technology,0
5173,0,False,3.57,STEM,Hispanic,690.0,4.0,PE/VC,0
5174,0,True,3.27,STEM,Unknown,670.0,6.0,Financial Services,1
5175,0,False,3.36,Humanities,Hispanic,600.0,5.0,CPG,0
5176,0,False,3.24,Business,White,590.0,6.0,Other,0
5177,1,False,3.26,STEM,White,690.0,6.0,PE/VC,0
5178,0,False,3.39,STEM,Asian,650.0,4.0,Energy,0
5179,1,False,3.41,Humanities,Asian,670.0,7.0,Technology,0
5180,1,False,3.31,Humanities,Asian,610.0,5.0,CPG,0
5181,0,True,3.5,STEM,Unknown,740.0,4.0,Nonprofit/Gov,0
5182,0,False,3.52,Humanities,Hispanic,740.0,4.0,Technology,0
5183,1,False,3.28,STEM,Black,660.0,6.0,Other,0
5184,0,False,3.41,STEM,Black,680.0,5.0,Consulting,0
5185,0,True,3.26,STEM,Unknown,700.0,3.0,Consulting,0
5186,0,True,3.47,Humanities,Unknown,680.0,4.0,PE/VC,0
5187,1,False,3.27,Business,Asian,620.0,5.0,Investment Banking,0
5188,1,True,3.32,Humanities,Unknown,740.0,7.0,Consulting,0
5189,1,True,3.1,Humanities,Unknown,620.0,5.0,Consulting,0
5190,1,False,3.17,Business,Black,570.0,4.0,Consulting,0
5191,0,False,3.14,Humanities,Asian,620.0,6.0,Investment Banking,0
5192,1,False,3.26,STEM,Other,650.0,4.0,Health Care,0
5193,1,True,3.24,Business,Unknown,630.0,5.0,Nonprofit/Gov,0
5194,1,True,3.24,Business,Unknown,740.0,4.0,Consulting,1
5195,1,True,3.31,STEM,Unknown,650.0,6.0,Health Care,0
5196,1,False,3.37,Business,Black,650.0,3.0,Nonprofit/Gov,0
5197,0,False,3.15,Humanities,White,620.0,5.0,Investment Banking,0
5198,1,False,3.4,Humanities,Black,720.0,5.0,Consulting,0
5199,1,False,3.09,Humanities,Black,600.0,4.0,Investment Banking,0
5200,0,True,3.36,Humanities,Unknown,650.0,5.0,Technology,0
5201,0,False,3.19,Humanities,Hispanic,590.0,5.0,Investment Banking,0
5202,1,True,3.3,Humanities,Unknown,700.0,6.0,Consulting,0
5203,1,False,3.29,STEM,White,670.0,5.0,Nonprofit/Gov,0
5204,0,False,3.53,Humanities,White,690.0,6.0,PE/VC,0
5205,0,False,3.19,Business,Black,700.0,5.0,Technology,0
5206,1,False,3.22,Humanities,Asian,660.0,6.0,Consulting,0
5207,1,False,3.12,STEM,Black,660.0,6.0,Financial Services,0
5208,1,False,3.03,Humanities,Hispanic,590.0,6.0,Other,0
5209,0,True,3.25,STEM,Unknown,700.0,5.0,PE/VC,0
5210,1,False,3.04,Business,Other,570.0,4.0,Other,0
5211,1,False,3.32,Humanities,White,650.0,7.0,Real Estate,0
5212,1,True,3.24,Business,Unknown,660.0,4.0,Real Estate,0
5213,1,False,3.05,Humanities,Asian,590.0,6.0,Real Estate,0
5214,1,False,3.21,Business,White,750.0,4.0,Consulting,1
5215,1,False,3.35,Humanities,Asian,610.0,6.0,Real Estate,0
5216,1,True,3.38,Humanities,Unknown,700.0,3.0,Consulting,0
5217,1,False,3.21,Business,White,640.0,5.0,Technology,0
5218,1,False,2.89,Humanities,Black,570.0,5.0,PE/VC,0
5219,1,False,3.19,Humanities,Black,650.0,5.0,PE/VC,0
5220,0,False,3.24,Business,Black,690.0,5.0,Technology,0
5221,0,False,3.31,Business,Hispanic,660.0,5.0,PE/VC,1
5222,0,False,3.18,STEM,White,640.0,4.0,Consulting,0
5223,0,False,3.35,Business,White,670.0,5.0,Nonprofit/Gov,1
5224,0,True,3.05,STEM,Unknown,630.0,6.0,Health Care,0
5225,1,True,3.39,Business,Unknown,660.0,6.0,PE/VC,0
5226,1,False,3.29,Humanities,Asian,660.0,5.0,Health Care,0
5227,1,True,3.27,Humanities,Unknown,660.0,5.0,Health Care,1
5228,0,False,3.04,STEM,Hispanic,630.0,6.0,Nonprofit/Gov,0
5229,0,False,2.98,Humanities,White,640.0,5.0,Health Care,0
5230,0,False,3.07,STEM,White,640.0,5.0,Technology,0
5231,1,True,3.48,Humanities,Unknown,760.0,5.0,Consulting,1
5232,1,False,3.55,Business,White,710.0,4.0,PE/VC,0
5233,1,True,3.11,Business,Unknown,590.0,4.0,Consulting,0
5234,0,False,3.27,STEM,Hispanic,570.0,8.0,Nonprofit/Gov,0
5235,0,True,3.18,Business,Unknown,620.0,4.0,Consulting,0
5236,0,False,3.26,Humanities,Asian,680.0,6.0,Technology,1
5237,1,True,2.96,Humanities,Unknown,570.0,4.0,Technology,0
5238,1,True,3.32,Business,Unknown,690.0,4.0,Investment Banking,0
5239,0,True,3.34,STEM,Unknown,680.0,5.0,Other,0
5240,1,False,3.31,STEM,Hispanic,660.0,5.0,PE/VC,1
5241,1,True,3.29,Humanities,Unknown,650.0,3.0,Consulting,0
5242,1,True,3.13,Humanities,Unknown,670.0,5.0,Consulting,0
5243,1,False,3.38,Business,Black,670.0,5.0,CPG,0
5244,1,True,3.13,Business,Unknown,590.0,5.0,Investment Banking,0
5245,0,True,3.27,Humanities,Unknown,610.0,4.0,Consulting,0
5246,1,True,3.18,Humanities,Unknown,600.0,7.0,Nonprofit/Gov,0
5247,1,True,3.24,Business,Unknown,630.0,7.0,Investment Banking,0
5248,1,False,3.63,STEM,White,780.0,7.0,Investment Banking,0
5249,1,True,3.01,Business,Unknown,660.0,5.0,Consulting,0
5250,0,True,3.17,STEM,Unknown,660.0,5.0,Nonprofit/Gov,0
5251,0,False,3.38,Business,Hispanic,720.0,5.0,Financial Services,1
5252,0,False,3.13,Humanities,White,590.0,4.0,Nonprofit/Gov,0
5253,0,False,3.38,Business,Asian,710.0,5.0,Financial Services,1
5254,1,False,3.38,Humanities,Asian,690.0,4.0,PE/VC,0
5255,1,True,3.4,Business,Unknown,670.0,5.0,Other,0
5256,1,False,3.23,Humanities,White,610.0,4.0,Financial Services,0
5257,0,True,3.39,Humanities,Unknown,680.0,6.0,Investment Banking,0
5258,1,False,3.26,STEM,Black,590.0,6.0,Consulting,0
5259,0,True,3.17,STEM,Unknown,610.0,4.0,Investment Management,0
5260,1,False,3.23,Humanities,Asian,620.0,5.0,Investment Banking,0
5261,1,False,3.28,Humanities,Black,740.0,3.0,Consulting,0
5262,0,False,3.48,STEM,Black,750.0,6.0,PE/VC,1
5263,1,False,3.12,Business,Other,610.0,4.0,Consulting,0
5264,0,False,3.31,Business,White,650.0,7.0,Investment Banking,0
5265,0,False,3.18,Business,White,670.0,5.0,Other,0
5266,0,True,3.12,STEM,Unknown,570.0,4.0,Consulting,0
5267,1,True,3.05,Humanities,Unknown,620.0,4.0,Financial Services,0
5268,1,True,3.42,STEM,Unknown,650.0,4.0,Consulting,0
5269,0,False,3.48,Humanities,Hispanic,630.0,6.0,Other,0
5270,1,True,3.35,Business,Unknown,680.0,5.0,Consulting,0
5271,0,False,3.57,Humanities,Black,710.0,4.0,Technology,0
5272,1,True,3.32,Business,Unknown,600.0,5.0,Consulting,0
5273,1,False,2.95,Humanities,White,630.0,4.0,Financial Services,0
5274,1,False,3.44,Business,White,750.0,3.0,PE/VC,1
5275,0,False,3.35,Humanities,Hispanic,670.0,3.0,Nonprofit/Gov,1
5276,0,False,3.15,Humanities,Asian,640.0,5.0,PE/VC,0
5277,0,False,3.33,Business,White,660.0,5.0,Technology,0
5278,0,False,3.27,Business,Black,700.0,4.0,Technology,0
5279,1,False,3.49,STEM,Other,700.0,6.0,Nonprofit/Gov,0
5280,1,False,3.24,Business,Asian,710.0,5.0,Nonprofit/Gov,0
5281,1,False,3.07,Humanities,White,600.0,5.0,Financial Services,0
5282,1,True,3.04,Humanities,Unknown,590.0,6.0,Investment Management,0
5283,1,False,3.21,Humanities,White,620.0,3.0,Consulting,0
5284,0,False,3.28,STEM,Hispanic,600.0,5.0,Investment Banking,0
5285,1,False,3.29,Humanities,Asian,670.0,7.0,Financial Services,1
5286,1,True,3.25,STEM,Unknown,620.0,4.0,Investment Banking,0
5287,1,True,3.54,Humanities,Unknown,700.0,5.0,Consulting,0
5288,1,True,3.2,Business,Unknown,720.0,5.0,Investment Banking,0
5289,1,False,3.44,Business,Black,760.0,5.0,Consulting,1
5290,1,True,3.35,Business,Unknown,730.0,5.0,Health Care,0
5291,1,True,3.28,Business,Unknown,570.0,5.0,Technology,0
5292,1,False,3.25,Business,Hispanic,610.0,5.0,CPG,0
5293,1,False,3.18,Humanities,Asian,660.0,7.0,Consulting,0
5294,0,False,3.14,Humanities,Asian,600.0,4.0,PE/VC,0
5295,1,False,3.38,Business,Hispanic,680.0,6.0,Consulting,0
5297,1,False,3.06,Business,White,590.0,6.0,Other,0
5298,0,False,3.26,Business,White,620.0,4.0,Technology,0
5299,1,False,3.27,STEM,Other,640.0,6.0,Technology,0
5300,1,False,3.08,Humanities,Asian,610.0,5.0,Investment Banking,0
5301,1,True,3.29,Business,Unknown,590.0,5.0,PE/VC,0
5302,1,False,3.38,STEM,Black,730.0,4.0,PE/VC,0
5303,1,False,3.2,Humanities,Asian,620.0,6.0,Other,0
5304,0,True,3.03,Business,Unknown,650.0,6.0,Consulting,0
5305,0,False,3.21,STEM,Other,630.0,5.0,Consulting,0
5306,1,False,3.1,STEM,Asian,680.0,5.0,Other,0
5307,1,False,3.26,Humanities,White,620.0,5.0,Investment Banking,0
5308,1,False,3.34,STEM,Black,680.0,5.0,Investment Banking,1
5309,1,False,3.23,Business,Asian,670.0,8.0,Consulting,0
5310,1,False,3.08,Business,White,590.0,5.0,Consulting,0
5311,1,False,3.17,STEM,Black,670.0,6.0,Health Care,0
5312,0,True,3.27,Humanities,Unknown,680.0,5.0,Investment Banking,0
5313,1,False,3.37,Humanities,Asian,700.0,6.0,PE/VC,0
5314,0,True,3.04,STEM,Unknown,570.0,6.0,Nonprofit/Gov,0
5315,0,False,3.41,Business,Asian,660.0,5.0,Consulting,1
5316,1,True,3.26,Humanities,Unknown,660.0,3.0,Other,0
5317,0,False,3.45,Business,Asian,780.0,7.0,Consulting,0
5318,1,False,3.44,Humanities,Hispanic,730.0,3.0,Consulting,1
5319,1,False,3.32,Business,Asian,700.0,4.0,Technology,0
5320,1,False,3.02,Humanities,White,650.0,5.0,Investment Banking,0
5321,0,False,3.17,STEM,Other,700.0,4.0,Health Care,0
5322,1,False,3.31,Business,Black,640.0,6.0,Media/Entertainment,0
5323,1,False,3.31,Humanities,Asian,700.0,5.0,Technology,0
5325,1,True,3.25,STEM,Unknown,670.0,4.0,Nonprofit/Gov,0
5326,0,False,3.2,STEM,White,640.0,4.0,Investment Banking,0
5327,0,False,3.19,Business,Asian,590.0,5.0,Energy,0
5328,0,False,3.05,Business,Black,620.0,4.0,Investment Banking,0
5329,0,False,3.02,Business,Asian,630.0,6.0,PE/VC,0
5330,1,False,3.08,STEM,Asian,610.0,7.0,Health Care,0
5331,1,True,3.28,Humanities,Unknown,570.0,5.0,Financial Services,0
5332,0,True,3.11,Business,Unknown,630.0,5.0,Consulting,0
5333,1,False,3.28,STEM,White,620.0,4.0,Health Care,0
5334,0,False,3.18,Humanities,Black,650.0,5.0,Technology,0
5335,1,False,3.3,Business,Asian,600.0,6.0,Consulting,0
5336,1,True,3.16,Humanities,Unknown,640.0,4.0,Health Care,0
5337,0,False,3.27,STEM,Black,660.0,7.0,PE/VC,1
5338,1,True,3.01,Business,Unknown,670.0,3.0,Health Care,0
5339,1,True,3.32,Humanities,Unknown,710.0,6.0,Consulting,0
5340,0,False,3.41,Humanities,White,780.0,3.0,Consulting,1
5341,1,True,3.23,Humanities,Unknown,610.0,5.0,Real Estate,0
5342,1,False,3.1,Business,Black,630.0,6.0,Technology,0
5343,1,True,3.43,Humanities,Unknown,710.0,4.0,Investment Management,1
5344,1,False,3.32,Business,White,630.0,6.0,Investment Banking,0
5345,1,False,3.37,STEM,White,650.0,6.0,Investment Management,0
5346,1,True,3.2,Business,Unknown,750.0,4.0,Consulting,0
5347,1,False,3.27,Humanities,Asian,610.0,6.0,Investment Banking,0
5348,1,True,3.09,STEM,Unknown,570.0,4.0,PE/VC,0
5349,1,False,3.22,Business,White,700.0,6.0,Technology,0
5350,1,False,3.41,STEM,Hispanic,710.0,6.0,Nonprofit/Gov,0
5351,1,False,3.58,Humanities,Asian,670.0,5.0,Financial Services,0
5352,0,False,3.41,Humanities,Other,640.0,4.0,Technology,0
5353,1,False,3.33,Business,Black,640.0,4.0,Health Care,0
5354,1,False,3.24,Humanities,Asian,660.0,3.0,Consulting,0
5355,1,True,3.07,STEM,Unknown,620.0,4.0,Other,0
5356,0,False,3.22,Humanities,Black,660.0,7.0,Financial Services,1
5357,0,False,3.15,Business,Asian,670.0,6.0,Consulting,0
5358,1,True,3.52,STEM,Unknown,780.0,6.0,Technology,1
5359,1,False,3.17,Humanities,Asian,620.0,5.0,Consulting,0
5360,0,True,3.37,Business,Unknown,660.0,6.0,Technology,0
5361,1,True,3.13,STEM,Unknown,630.0,6.0,Consulting,0
5362,1,False,3.34,Humanities,Black,670.0,5.0,Nonprofit/Gov,0
5364,0,False,3.15,STEM,Black,630.0,4.0,Nonprofit/Gov,0
5365,0,True,3.41,Business,Unknown,660.0,6.0,Consulting,1
5366,1,False,3.19,STEM,White,680.0,4.0,Consulting,0
5367,1,True,3.25,Humanities,Unknown,620.0,5.0,Nonprofit/Gov,0
5368,1,True,3.42,STEM,Unknown,740.0,3.0,Real Estate,0
5369,1,False,3.23,Humanities,White,690.0,3.0,Technology,0
5370,0,True,3.54,Humanities,Unknown,780.0,5.0,Investment Banking,1
5371,0,True,3.4,Business,Unknown,640.0,4.0,Nonprofit/Gov,0
5372,0,True,3.08,Business,Unknown,570.0,4.0,Consulting,0
5373,0,False,3.23,Business,Black,660.0,6.0,Consulting,1
5374,0,True,2.96,Humanities,Unknown,630.0,4.0,Nonprofit/Gov,0
5375,1,False,3.51,STEM,Black,720.0,5.0,Other,0
5376,1,True,3.38,STEM,Unknown,690.0,7.0,Consulting,0
5377,1,False,3.32,Humanities,White,630.0,4.0,Other,0
5378,0,False,3.36,Business,Other,700.0,5.0,PE/VC,0
5379,1,False,3.3,STEM,Black,590.0,6.0,Technology,0
5380,1,True,3.33,Humanities,Unknown,640.0,4.0,Technology,0
5381,0,False,3.37,Humanities,White,630.0,6.0,PE/VC,0
5382,1,False,3.19,Humanities,White,680.0,4.0,Investment Management,0
5383,1,True,3.1,Humanities,Unknown,700.0,6.0,PE/VC,0
5384,1,False,3.19,STEM,Black,650.0,6.0,PE/VC,0
5385,0,False,3.18,Humanities,White,630.0,4.0,PE/VC,0
5386,1,True,3.18,Humanities,Unknown,580.0,6.0,Financial Services,0
5387,1,False,3.23,Humanities,Asian,680.0,5.0,Investment Management,1
5388,0,False,3.23,Humanities,Black,610.0,5.0,Consulting,0
5389,1,False,3.08,Humanities,Hispanic,580.0,5.0,PE/VC,0
5390,1,False,3.2,Humanities,Black,580.0,4.0,Consulting,0
5391,1,False,3.24,Humanities,Asian,570.0,5.0,Consulting,0
5392,1,False,3.18,Business,White,680.0,4.0,Consulting,0
5393,0,False,3.39,Business,Hispanic,640.0,4.0,Financial Services,0
5394,0,False,3.16,Humanities,White,700.0,4.0,Consulting,0
5395,1,False,3.21,Humanities,Hispanic,570.0,6.0,Investment Banking,0
5396,1,True,3.03,Humanities,Unknown,590.0,5.0,Financial Services,0
5397,0,False,3.38,Humanities,Asian,700.0,4.0,Financial Services,1
5398,1,True,3.33,Humanities,Unknown,670.0,5.0,PE/VC,0
5399,1,True,3.07,Humanities,Unknown,740.0,7.0,Other,0
5400,1,False,3.32,Business,Other,730.0,5.0,Investment Management,1
5401,1,True,3.06,Humanities,Unknown,570.0,4.0,CPG,0
5402,1,False,3.18,Business,Black,670.0,5.0,Technology,0
5403,0,True,3.11,Humanities,Unknown,630.0,3.0,CPG,0
5404,0,True,3.35,STEM,Unknown,660.0,5.0,Investment Banking,0
5405,0,False,3.22,Business,Black,660.0,4.0,Nonprofit/Gov,0
5406,0,False,3.04,STEM,Asian,570.0,5.0,Technology,0
5407,1,True,3.44,Business,Unknown,630.0,6.0,Consulting,0
5408,0,False,3.41,STEM,White,760.0,6.0,Consulting,1
5409,1,False,3.44,Humanities,Black,670.0,4.0,Consulting,0
5410,1,False,3.2,Business,Black,720.0,5.0,Retail,0
5411,1,False,3.3,STEM,Hispanic,660.0,6.0,PE/VC,0
5412,0,True,3.43,STEM,Unknown,570.0,5.0,Consulting,0
5413,1,True,3.3,STEM,Unknown,620.0,6.0,Nonprofit/Gov,0
5414,0,False,3.3,Humanities,White,640.0,3.0,Consulting,0
5415,1,False,2.99,Humanities,Black,580.0,5.0,Investment Banking,0
5416,1,False,2.96,STEM,Asian,580.0,5.0,Health Care,0
5417,0,False,3.36,STEM,Black,680.0,6.0,PE/VC,0
5418,1,True,3.26,Humanities,Unknown,580.0,5.0,Nonprofit/Gov,0
5419,1,True,3.15,Humanities,Unknown,630.0,6.0,Financial Services,0
5420,1,False,3.42,Business,Black,690.0,4.0,Investment Banking,0
5421,0,False,3.52,STEM,White,680.0,5.0,PE/VC,0
5422,0,False,3.26,Humanities,Asian,620.0,4.0,Consulting,0
5423,1,False,3.07,STEM,White,570.0,6.0,Financial Services,0
5424,0,False,3.14,Business,Black,660.0,4.0,Other,0
5425,0,False,3.3,Business,Asian,680.0,4.0,PE/VC,1
5426,1,False,3.24,STEM,Black,660.0,6.0,Consulting,0
5427,1,False,3.65,Business,White,780.0,5.0,PE/VC,0
5428,0,True,3.24,Business,Unknown,640.0,4.0,Consulting,0
5429,1,False,3.39,Business,Asian,610.0,5.0,Nonprofit/Gov,0
5430,0,False,3.3,Humanities,White,640.0,5.0,Health Care,0
5431,0,False,3.24,Business,White,620.0,4.0,Nonprofit/Gov,0
5432,0,False,3.39,STEM,Hispanic,630.0,4.0,Consulting,0
5433,0,True,3.29,Humanities,Unknown,610.0,3.0,Financial Services,0
5434,1,False,3.32,Humanities,Asian,720.0,5.0,Financial Services,0
5435,1,True,3.35,STEM,Unknown,620.0,4.0,Technology,0
5436,0,True,3.39,Humanities,Unknown,700.0,6.0,Technology,0
5437,1,False,3.26,STEM,Asian,640.0,4.0,PE/VC,0
5438,1,True,3.2,STEM,Unknown,710.0,5.0,Consulting,0
5439,1,False,3.24,Humanities,White,710.0,5.0,Consulting,0
5440,1,True,3.45,STEM,Unknown,650.0,5.0,Financial Services,0
5441,1,False,3.39,STEM,White,650.0,5.0,Other,0
5442,1,False,3.26,STEM,Black,670.0,4.0,Consulting,0
5443,0,False,3.48,STEM,Black,690.0,6.0,PE/VC,0
5444,0,False,2.98,Business,White,590.0,5.0,Technology,0
5445,0,False,3.33,Humanities,Asian,720.0,5.0,Financial Services,0
5446,1,True,3.13,Humanities,Unknown,650.0,5.0,Nonprofit/Gov,0
5447,1,False,3.28,STEM,Black,710.0,5.0,PE/VC,0
5448,0,False,3.22,STEM,White,620.0,5.0,Consulting,0
5449,0,True,3.23,STEM,Unknown,590.0,4.0,PE/VC,0
5450,0,False,3.18,Humanities,Asian,610.0,5.0,Technology,0
5451,0,False,3.24,STEM,Hispanic,670.0,6.0,PE/VC,0
5452,1,True,3.26,Humanities,Unknown,700.0,5.0,Health Care,0
5453,0,False,2.97,Humanities,Hispanic,580.0,4.0,Consulting,0
5454,0,False,3.26,Business,White,720.0,6.0,Financial Services,0
5455,1,False,3.51,Humanities,Asian,690.0,4.0,Technology,1
5456,0,True,3.34,Business,Unknown,660.0,5.0,PE/VC,0
5457,1,True,3.28,STEM,Unknown,570.0,5.0,Consulting,0
5458,1,False,3.48,Humanities,Black,730.0,5.0,Health Care,0
5459,1,False,3.06,Humanities,Asian,620.0,6.0,Other,0
5460,0,False,3.57,Humanities,Black,750.0,2.0,Technology,0
5461,1,False,3.14,Humanities,White,620.0,5.0,Consulting,0
5462,1,True,3.37,Humanities,Unknown,670.0,4.0,Consulting,0
5463,0,False,3.0,Business,White,570.0,6.0,PE/VC,0
5464,1,True,3.41,STEM,Unknown,650.0,5.0,Consulting,0
5465,1,True,2.96,Humanities,Unknown,570.0,5.0,Technology,0
5466,0,True,3.28,Humanities,Unknown,680.0,5.0,Consulting,1
5467,1,False,3.27,Humanities,Asian,690.0,5.0,Media/Entertainment,1
5468,1,False,2.96,Humanities,Hispanic,570.0,6.0,Consulting,0
5469,1,True,3.49,STEM,Unknown,600.0,6.0,Consulting,0
5470,1,True,2.92,Business,Unknown,630.0,7.0,Technology,0
5471,1,False,3.25,STEM,Other,610.0,4.0,Consulting,0
5472,1,False,3.08,Business,White,600.0,7.0,PE/VC,0
5473,1,True,3.22,Humanities,Unknown,680.0,5.0,Financial Services,1
5474,0,False,3.53,Business,Black,650.0,5.0,Other,0
5475,0,False,3.31,Humanities,Black,650.0,3.0,Technology,0
5476,1,False,3.22,Humanities,White,660.0,6.0,Technology,0
5477,1,False,3.22,Humanities,White,660.0,5.0,Technology,1
5478,0,True,2.95,Business,Unknown,620.0,6.0,Consulting,0
5480,1,True,2.99,STEM,Unknown,600.0,5.0,Consulting,0
5481,1,False,3.41,Humanities,Black,650.0,6.0,Investment Management,0
5482,0,False,3.15,Business,Asian,580.0,5.0,Investment Management,0
5483,1,True,3.25,Business,Unknown,700.0,5.0,Technology,0
5484,0,False,3.5,Humanities,White,750.0,5.0,Technology,1
5485,1,False,3.12,Humanities,Black,640.0,5.0,Nonprofit/Gov,0
5486,1,False,3.06,Humanities,White,670.0,5.0,Technology,0
5487,1,False,3.02,Business,Asian,710.0,4.0,Investment Banking,0
5488,0,True,2.86,STEM,Unknown,570.0,5.0,CPG,0
5489,1,False,2.96,Humanities,Hispanic,600.0,4.0,Investment Banking,0
5490,1,False,3.42,Humanities,Asian,710.0,5.0,Energy,0
5491,0,False,2.89,Humanities,White,570.0,5.0,Technology,0
5492,1,False,3.19,Humanities,Black,620.0,6.0,Health Care,0
5493,0,True,3.34,Business,Unknown,570.0,6.0,PE/VC,0
5494,1,False,3.46,STEM,Black,690.0,6.0,Financial Services,0
5495,0,True,3.17,Business,Unknown,650.0,5.0,Real Estate,0
5496,1,True,3.13,Humanities,Unknown,650.0,4.0,PE/VC,0
5497,0,False,3.4,Humanities,White,700.0,6.0,Health Care,0
5498,1,False,3.22,Humanities,White,700.0,5.0,Technology,0
5499,1,False,3.43,Humanities,Asian,660.0,6.0,Consulting,1
5500,1,False,3.25,Humanities,Asian,620.0,4.0,Investment Banking,0
5501,0,True,2.92,Humanities,Unknown,570.0,4.0,Investment Management,0
5502,1,False,3.11,STEM,Black,710.0,5.0,Investment Banking,0
5503,1,True,3.29,Humanities,Unknown,650.0,7.0,PE/VC,0
5504,0,False,2.96,STEM,Asian,620.0,8.0,Other,0
5505,1,False,3.08,STEM,Hispanic,610.0,6.0,Consulting,0
5506,0,True,3.45,STEM,Unknown,610.0,4.0,Investment Banking,0
5507,1,False,3.12,STEM,White,680.0,6.0,Investment Banking,0
5508,1,False,3.48,STEM,Asian,680.0,5.0,Consulting,0
5509,1,True,3.29,STEM,Unknown,650.0,5.0,Technology,0
5510,0,False,3.31,STEM,Black,610.0,5.0,Consulting,0
5511,0,False,3.28,Business,Asian,670.0,4.0,Financial Services,0
5512,0,True,3.16,STEM,Unknown,660.0,6.0,Financial Services,0
5513,0,True,3.34,Humanities,Unknown,660.0,3.0,Financial Services,0
5514,0,True,3.44,Humanities,Unknown,640.0,3.0,Technology,0
5515,1,True,3.23,Humanities,Unknown,630.0,5.0,Investment Management,0
5516,1,True,3.39,STEM,Unknown,610.0,3.0,Consulting,0
5517,0,True,3.54,STEM,Unknown,750.0,5.0,Nonprofit/Gov,0
5518,1,False,3.15,Humanities,Hispanic,680.0,5.0,PE/VC,0
5519,1,True,3.27,STEM,Unknown,660.0,3.0,Investment Banking,1
5520,1,False,3.24,Humanities,Hispanic,670.0,5.0,Nonprofit/Gov,0
5521,1,False,2.95,Business,White,630.0,4.0,Nonprofit/Gov,0
5522,1,True,3.13,STEM,Unknown,660.0,5.0,Nonprofit/Gov,0
5523,1,True,3.22,Humanities,Unknown,730.0,4.0,Technology,0
5524,1,False,3.27,Business,White,660.0,5.0,Consulting,1
5525,1,False,3.13,STEM,Black,570.0,6.0,Investment Banking,0
5526,1,False,3.12,STEM,Other,580.0,5.0,Consulting,0
5527,0,False,3.02,STEM,Black,680.0,5.0,Investment Banking,0
5528,1,True,3.3,Humanities,Unknown,700.0,4.0,Consulting,1
5529,1,False,3.19,Humanities,Asian,620.0,5.0,Nonprofit/Gov,0
5530,0,True,3.56,STEM,Unknown,650.0,5.0,Nonprofit/Gov,0
5531,1,False,3.23,STEM,White,660.0,5.0,Financial Services,0
5532,1,False,3.24,Business,Asian,700.0,6.0,Technology,0
5533,1,False,3.32,STEM,White,640.0,4.0,Other,0
5534,0,False,3.2,Business,Black,670.0,4.0,Consulting,0
5535,1,False,3.4,Humanities,White,640.0,5.0,Health Care,0
5536,1,False,3.11,STEM,White,650.0,5.0,Investment Banking,0
5537,1,False,3.44,Business,White,690.0,4.0,Investment Banking,0
5538,0,False,3.01,STEM,Hispanic,690.0,3.0,Consulting,0
5539,1,False,3.09,Humanities,Asian,590.0,2.0,Consulting,0
5540,0,True,3.36,STEM,Unknown,760.0,5.0,Financial Services,1
5541,1,False,3.31,Humanities,Other,600.0,5.0,Technology,0
5542,1,True,3.42,Humanities,Unknown,710.0,3.0,Investment Banking,0
5543,1,False,3.11,Humanities,White,590.0,5.0,Health Care,0
5544,0,False,3.08,Humanities,White,590.0,4.0,Technology,0
5546,1,False,3.07,Business,Asian,650.0,6.0,Technology,0
5547,1,True,3.21,Humanities,Unknown,690.0,5.0,Consulting,0
5548,1,False,3.34,Business,Hispanic,650.0,5.0,Health Care,0
5549,1,True,3.36,Humanities,Unknown,740.0,3.0,Financial Services,0
5550,0,False,3.57,Business,White,720.0,5.0,Investment Banking,1
5551,0,True,3.46,STEM,Unknown,610.0,5.0,Consulting,0
5552,0,False,3.38,Business,Asian,640.0,6.0,Technology,0
5553,0,False,3.22,STEM,Black,630.0,3.0,Consulting,0
5554,1,False,3.35,Humanities,White,690.0,4.0,Financial Services,0
5555,1,False,2.97,Humanities,Asian,600.0,4.0,Technology,0
5556,1,True,3.06,Business,Unknown,590.0,5.0,Consulting,0
5557,0,True,3.42,Humanities,Unknown,690.0,4.0,Other,1
5558,1,False,3.26,Humanities,Hispanic,640.0,4.0,Other,0
5559,1,False,3.38,Business,Black,710.0,6.0,Media/Entertainment,0
5560,1,False,3.15,Humanities,White,570.0,5.0,Consulting,0
5561,0,False,3.37,Business,White,670.0,7.0,Consulting,1
5562,1,True,3.24,Humanities,Unknown,650.0,5.0,Technology,0
5563,1,False,3.37,Business,White,620.0,6.0,Investment Banking,0
5564,0,False,3.25,Humanities,Asian,620.0,3.0,Nonprofit/Gov,0
5565,1,True,3.07,Humanities,Unknown,610.0,5.0,Consulting,0
5566,1,False,3.19,Business,Asian,630.0,3.0,Other,0
5567,1,False,3.38,Business,Asian,680.0,6.0,Consulting,1
5568,0,True,3.13,Business,Unknown,650.0,4.0,Technology,0
5569,0,False,3.15,Business,Other,610.0,4.0,Consulting,0
5570,1,False,3.17,Humanities,White,720.0,3.0,Consulting,0
5571,1,False,3.23,Humanities,Asian,620.0,5.0,Consulting,0
5572,0,False,3.22,Humanities,Hispanic,670.0,4.0,Technology,0
5573,1,False,3.76,Humanities,Black,780.0,5.0,Other,0
5574,1,False,2.95,Business,Black,610.0,4.0,Financial Services,0
5575,0,False,3.01,Business,Hispanic,590.0,6.0,PE/VC,0
5576,1,False,3.07,Humanities,White,640.0,5.0,PE/VC,0
5577,1,False,3.48,Business,Black,780.0,4.0,Consulting,0
5578,0,True,3.42,Humanities,Unknown,670.0,5.0,Health Care,0
5579,0,False,3.26,Business,Asian,670.0,4.0,Technology,0
5580,1,False,3.24,STEM,White,580.0,4.0,Consulting,0
5581,1,False,3.45,Business,White,680.0,6.0,Media/Entertainment,0
5582,0,False,3.43,STEM,Asian,620.0,4.0,Investment Banking,0
5583,1,True,3.18,STEM,Unknown,670.0,5.0,Consulting,0
5584,0,False,3.27,Business,Hispanic,640.0,4.0,Consulting,0
5585,1,False,3.22,Business,Black,730.0,6.0,Technology,0
5586,1,True,3.15,Business,Unknown,620.0,6.0,PE/VC,0
5587,1,False,3.12,Humanities,Black,620.0,5.0,Other,0
5588,1,False,3.38,STEM,Other,610.0,7.0,Health Care,0
5589,1,True,3.47,STEM,Unknown,700.0,6.0,Health Care,0
5590,1,False,3.14,Business,White,640.0,4.0,Investment Banking,0
5591,1,False,3.41,Business,Asian,730.0,5.0,Consulting,1
5592,1,False,3.12,STEM,Black,650.0,6.0,Investment Banking,0
5593,1,False,3.29,STEM,White,640.0,4.0,Investment Banking,0
5594,0,False,3.31,Business,Hispanic,580.0,7.0,Nonprofit/Gov,0
5595,1,False,3.07,STEM,Black,640.0,4.0,Health Care,0
5596,1,False,3.32,Humanities,Asian,690.0,5.0,Consulting,0
5597,1,False,3.22,Humanities,Asian,700.0,5.0,Consulting,0
5598,1,True,3.19,Business,Unknown,670.0,6.0,PE/VC,0
5599,1,False,3.16,Business,Asian,660.0,5.0,Technology,0
5600,0,False,3.25,STEM,White,720.0,6.0,PE/VC,0
5601,1,True,3.44,Business,Unknown,650.0,5.0,Consulting,0
5602,0,False,3.28,Business,Black,660.0,6.0,PE/VC,0
5603,1,True,2.96,Humanities,Unknown,610.0,4.0,Consulting,0
5604,0,False,3.28,Humanities,White,720.0,5.0,Technology,1
5605,0,True,3.42,Humanities,Unknown,670.0,6.0,Nonprofit/Gov,1
5606,1,False,3.39,Business,White,700.0,6.0,Nonprofit/Gov,1
5607,0,False,3.01,STEM,Hispanic,580.0,6.0,Investment Banking,0
5608,1,False,3.0,STEM,Hispanic,610.0,6.0,Financial Services,0
5609,1,True,3.22,Humanities,Unknown,660.0,4.0,Nonprofit/Gov,0
5610,1,False,3.35,STEM,Black,690.0,4.0,Financial Services,0
5611,1,False,3.22,Humanities,Hispanic,610.0,6.0,Real Estate,0
5612,1,False,3.29,Business,Hispanic,620.0,8.0,Technology,0
5613,1,False,3.38,Humanities,White,660.0,5.0,Consulting,1
5614,1,False,3.26,STEM,White,720.0,6.0,Nonprofit/Gov,1
5615,1,False,3.3,Humanities,White,660.0,4.0,PE/VC,0
5616,0,True,3.54,Business,Unknown,670.0,7.0,PE/VC,0
5617,1,False,3.0,STEM,Black,590.0,4.0,Investment Management,0
5618,1,False,3.19,STEM,Hispanic,610.0,6.0,Nonprofit/Gov,0
5619,0,False,3.18,STEM,White,620.0,4.0,PE/VC,0
5620,1,False,3.32,Humanities,Asian,640.0,5.0,Investment Banking,0
5621,0,False,3.2,STEM,White,680.0,6.0,Nonprofit/Gov,0
5622,0,False,3.2,Business,White,630.0,5.0,Consulting,0
5623,1,True,3.33,Business,Unknown,640.0,5.0,Nonprofit/Gov,0
5624,1,False,3.2,STEM,Asian,700.0,5.0,Consulting,0
5625,1,False,3.05,STEM,Asian,690.0,5.0,Health Care,0
5626,1,True,3.18,Business,Unknown,680.0,5.0,Investment Management,0
5627,1,False,3.42,Business,Other,710.0,5.0,PE/VC,0
5628,1,True,3.54,STEM,Unknown,710.0,3.0,PE/VC,0
5629,1,False,3.39,Humanities,Asian,680.0,6.0,Health Care,0
5630,1,False,3.19,Humanities,Hispanic,670.0,4.0,Technology,0
5631,1,True,3.26,STEM,Unknown,600.0,5.0,Consulting,0
5632,0,True,3.2,Humanities,Unknown,700.0,6.0,Other,0
5633,0,False,3.03,Business,White,610.0,6.0,Financial Services,0
5634,0,False,3.37,Humanities,White,630.0,5.0,Investment Banking,0
5635,1,False,3.18,STEM,Asian,580.0,3.0,Consulting,0
5636,1,False,3.15,Business,White,570.0,4.0,Nonprofit/Gov,0
5637,1,False,3.12,Business,White,670.0,4.0,Nonprofit/Gov,0
5638,0,False,3.01,Humanities,Asian,640.0,4.0,Technology,0
5639,1,True,3.45,STEM,Unknown,750.0,4.0,Other,0
5640,1,False,3.21,Humanities,Asian,590.0,5.0,Consulting,0
5641,1,True,3.4,Business,Unknown,740.0,5.0,Consulting,0
5642,0,False,3.05,Humanities,Asian,570.0,6.0,PE/VC,0
5643,1,True,3.22,Humanities,Unknown,650.0,4.0,Investment Banking,0
5644,1,False,3.48,Business,White,690.0,4.0,Nonprofit/Gov,1
5645,1,True,3.4,Humanities,Unknown,700.0,4.0,Nonprofit/Gov,0
5646,1,True,3.33,Humanities,Unknown,600.0,6.0,Consulting,0
5647,1,False,3.1,STEM,Black,590.0,5.0,PE/VC,0
5648,1,False,3.32,Business,White,700.0,3.0,Investment Banking,0
5649,0,False,3.34,Humanities,Hispanic,670.0,5.0,PE/VC,0
5650,1,False,3.58,Business,Hispanic,690.0,4.0,Consulting,0
5651,0,True,3.27,STEM,Unknown,610.0,4.0,Consulting,0
5652,1,True,3.1,Humanities,Unknown,580.0,5.0,Investment Management,0
5653,1,False,3.44,Business,White,730.0,5.0,Health Care,0
5654,1,False,3.43,STEM,Asian,720.0,5.0,Investment Management,1
5655,1,True,3.32,STEM,Unknown,670.0,4.0,Consulting,1
5656,1,True,3.29,Business,Unknown,680.0,4.0,Consulting,0
5657,1,True,2.88,STEM,Unknown,610.0,5.0,Nonprofit/Gov,0
5658,0,True,3.13,STEM,Unknown,600.0,4.0,Media/Entertainment,0
5659,1,True,3.29,Business,Unknown,660.0,5.0,Health Care,0
5660,1,True,3.24,Business,Unknown,570.0,5.0,Other,0
5661,1,True,3.19,Business,Unknown,680.0,6.0,Consulting,0
5662,0,False,3.24,STEM,Hispanic,650.0,5.0,Technology,0
5663,0,True,3.37,Business,Unknown,670.0,4.0,Nonprofit/Gov,1
5664,1,False,3.32,STEM,White,680.0,6.0,Health Care,1
5665,1,True,3.28,STEM,Unknown,660.0,3.0,PE/VC,1
5666,0,False,3.34,Humanities,White,620.0,7.0,Financial Services,0
5667,0,True,3.14,Business,Unknown,620.0,6.0,PE/VC,0
5668,1,False,3.61,Humanities,Asian,780.0,5.0,Consulting,1
5669,1,False,3.25,Business,Black,700.0,2.0,Nonprofit/Gov,0
5670,0,False,3.22,STEM,Black,660.0,4.0,Investment Banking,0
5671,1,True,3.31,STEM,Unknown,650.0,7.0,PE/VC,0
5672,1,False,3.17,Business,Asian,650.0,5.0,Consulting,0
5673,0,False,3.32,Business,Asian,650.0,5.0,Investment Management,0
5674,1,False,3.35,STEM,Asian,570.0,5.0,Consulting,0
5675,0,False,3.35,Business,Black,660.0,6.0,Technology,1
5676,1,False,3.26,Humanities,Asian,640.0,6.0,Other,0
5677,1,False,3.48,Humanities,White,740.0,6.0,Health Care,0
5678,1,False,3.0,Humanities,Hispanic,570.0,4.0,Nonprofit/Gov,0
5679,1,False,3.35,Humanities,Asian,710.0,1.0,Consulting,1
5680,0,False,3.25,Humanities,White,570.0,5.0,Consulting,0
5681,1,False,3.0,Business,White,620.0,6.0,Consulting,0
5682,1,False,2.89,STEM,Black,570.0,6.0,Investment Management,0
5683,1,False,3.3,STEM,White,660.0,5.0,Technology,0
5684,0,False,3.39,STEM,Asian,670.0,6.0,Real Estate,0
5685,1,False,3.33,Business,Asian,660.0,6.0,Nonprofit/Gov,0
5686,0,True,3.4,Business,Unknown,720.0,6.0,Consulting,0
5687,0,False,3.34,Humanities,Asian,640.0,4.0,CPG,0
5688,1,False,3.55,Business,Hispanic,660.0,4.0,Technology,1
5689,1,True,2.99,Business,Unknown,640.0,5.0,Consulting,0
5690,0,False,3.2,Business,White,690.0,6.0,Technology,0
5691,0,True,3.41,STEM,Unknown,700.0,5.0,Consulting,0
5692,0,False,3.11,STEM,Asian,660.0,5.0,Technology,0
5693,1,False,3.12,Humanities,Asian,700.0,5.0,Technology,0
5694,1,False,3.17,Humanities,Black,630.0,6.0,Consulting,0
5695,1,False,3.24,STEM,Black,620.0,6.0,Investment Banking,0
5696,1,False,3.21,Business,White,580.0,7.0,Other,0
5697,1,False,2.85,Business,Black,570.0,5.0,Technology,0
5698,1,False,3.27,Humanities,White,770.0,5.0,Investment Management,1
5699,0,True,3.05,Humanities,Unknown,570.0,6.0,Nonprofit/Gov,0
5700,1,True,3.25,Humanities,Unknown,630.0,4.0,Investment Banking,0
5701,1,False,3.43,Business,Asian,760.0,5.0,Investment Banking,0
5702,1,False,3.27,Humanities,Black,660.0,7.0,Nonprofit/Gov,0
5703,0,True,3.09,Business,Unknown,600.0,6.0,Financial Services,0
5704,1,True,3.42,Business,Unknown,660.0,5.0,Health Care,0
5705,0,False,3.17,Humanities,White,660.0,6.0,Investment Management,0
5706,1,False,3.5,STEM,Black,760.0,5.0,Investment Banking,1
5707,0,True,3.3,Humanities,Unknown,690.0,4.0,PE/VC,0
5708,0,True,3.34,STEM,Unknown,740.0,7.0,Consulting,0
5709,1,False,3.32,Humanities,White,750.0,6.0,Consulting,1
5710,1,True,3.13,Humanities,Unknown,650.0,4.0,PE/VC,0
5711,0,False,3.22,Business,White,650.0,6.0,PE/VC,0
5712,0,False,3.31,STEM,White,610.0,5.0,Media/Entertainment,0
5713,1,False,3.61,Business,Other,670.0,6.0,Investment Banking,0
5714,0,False,3.29,Business,Asian,640.0,4.0,Consulting,0
5715,1,False,3.3,Humanities,White,610.0,6.0,Consulting,0
5716,1,True,2.99,Business,Unknown,570.0,4.0,Nonprofit/Gov,0
5717,1,False,3.2,Business,White,680.0,4.0,Financial Services,0
5718,0,False,3.14,STEM,Black,640.0,6.0,PE/VC,0
5719,1,True,2.91,Humanities,Unknown,610.0,6.0,Financial Services,0
5720,0,False,3.51,STEM,Black,590.0,5.0,PE/VC,0
5721,1,False,3.12,Business,Hispanic,570.0,6.0,Consulting,0
5722,0,True,3.25,STEM,Unknown,670.0,6.0,Financial Services,0
5723,1,True,3.34,Humanities,Unknown,730.0,7.0,Consulting,1
5724,0,False,3.24,STEM,White,670.0,6.0,PE/VC,1
5725,1,False,3.49,Business,Hispanic,680.0,6.0,Other,0
5726,1,False,3.29,STEM,Hispanic,690.0,5.0,Real Estate,0
5727,1,False,3.16,Business,Asian,640.0,5.0,Retail,0
5728,0,False,3.33,Humanities,Black,680.0,6.0,Health Care,1
5729,1,False,2.98,Humanities,Hispanic,590.0,5.0,Investment Banking,0
5730,0,False,3.16,Business,White,580.0,2.0,Consulting,0
5731,1,False,3.31,STEM,Asian,760.0,5.0,Technology,0
5732,1,False,3.06,Humanities,Asian,660.0,5.0,Investment Banking,0
5733,0,False,3.34,Humanities,Black,670.0,4.0,Nonprofit/Gov,0
5734,0,True,3.51,Humanities,Unknown,720.0,6.0,Consulting,0
5735,0,False,3.32,STEM,Asian,670.0,4.0,Technology,1
5736,1,False,3.19,Business,Black,600.0,4.0,Technology,0
5737,0,False,3.37,Business,Hispanic,650.0,4.0,Consulting,0
5738,0,False,3.02,Business,Black,580.0,4.0,Consulting,0
5739,0,False,2.94,Humanities,Black,610.0,5.0,Consulting,0
5740,0,True,2.96,Business,Unknown,650.0,5.0,Consulting,0
5741,1,False,3.18,STEM,Asian,640.0,4.0,Technology,0
5742,0,False,3.52,Humanities,Black,630.0,7.0,PE/VC,0
5743,1,False,3.42,Humanities,Hispanic,690.0,5.0,Energy,0
5744,1,False,3.29,Business,Asian,680.0,4.0,Technology,1
5745,0,True,3.09,STEM,Unknown,690.0,6.0,Consulting,0
5746,0,False,3.17,Business,Black,710.0,6.0,Technology,0
5747,1,False,2.98,Business,Asian,590.0,6.0,Consulting,0
5748,1,False,3.24,Business,Hispanic,710.0,5.0,Technology,0
5749,1,False,3.24,Business,Other,640.0,7.0,CPG,0
5750,1,False,3.46,STEM,Asian,670.0,5.0,Consulting,0
5751,1,False,3.19,Business,White,610.0,5.0,Consulting,0
5752,0,False,3.05,Humanities,Asian,590.0,4.0,Consulting,0
5753,0,False,3.03,STEM,White,630.0,5.0,Investment Management,0
5754,1,True,3.31,Humanities,Unknown,620.0,6.0,Financial Services,0
5755,0,False,3.34,Humanities,White,700.0,6.0,Consulting,1
5756,1,True,3.17,Humanities,Unknown,650.0,5.0,Consulting,0
5757,1,False,3.44,STEM,Black,700.0,7.0,PE/VC,0
5758,0,False,3.29,Business,White,650.0,5.0,PE/VC,0
5759,1,False,3.12,STEM,Hispanic,590.0,6.0,Other,0
5760,0,False,3.16,Business,White,610.0,5.0,Nonprofit/Gov,0
5761,1,False,3.38,STEM,White,770.0,4.0,Nonprofit/Gov,1
5762,1,False,3.52,Humanities,Asian,670.0,5.0,Nonprofit/Gov,0
5763,1,False,3.2,STEM,Black,730.0,6.0,Consulting,0
5764,0,True,3.46,Business,Unknown,730.0,5.0,PE/VC,1
5765,0,False,2.99,Humanities,White,570.0,3.0,Nonprofit/Gov,0
5766,1,False,3.15,Humanities,Black,630.0,5.0,Media/Entertainment,0
5767,0,False,3.36,Humanities,Hispanic,670.0,3.0,PE/VC,0
5768,1,False,3.51,Business,White,740.0,4.0,CPG,1
5769,0,False,3.34,STEM,White,620.0,4.0,Consulting,0
5770,1,False,3.49,Humanities,Black,690.0,4.0,Real Estate,0
5771,1,True,3.3,Humanities,Unknown,670.0,5.0,PE/VC,1
5772,0,True,3.09,Business,Unknown,620.0,5.0,Nonprofit/Gov,0
5773,0,False,3.02,Business,Asian,640.0,6.0,Investment Management,0
5774,1,False,3.21,Business,Black,680.0,4.0,PE/VC,0
5775,1,False,3.25,Business,White,680.0,7.0,PE/VC,0
5776,0,False,3.17,Humanities,White,690.0,4.0,Consulting,0
5777,1,True,3.19,Humanities,Unknown,570.0,5.0,Consulting,0
5778,1,True,3.23,STEM,Unknown,690.0,5.0,Consulting,0
5779,1,False,3.14,STEM,White,640.0,6.0,Consulting,0
5780,1,False,3.48,Business,White,750.0,4.0,PE/VC,0
5781,1,True,3.15,Humanities,Unknown,570.0,6.0,Financial Services,0
5782,1,False,3.37,Humanities,Asian,710.0,4.0,Technology,0
5783,0,True,3.09,Humanities,Unknown,600.0,8.0,Consulting,0
5784,0,False,3.57,Humanities,Hispanic,710.0,6.0,Consulting,0
5785,1,True,3.38,Business,Unknown,670.0,5.0,Technology,0
5786,1,False,3.33,Business,Black,630.0,7.0,PE/VC,0
5787,1,False,3.17,Humanities,White,660.0,5.0,Health Care,0
5788,1,False,3.4,Business,Black,620.0,5.0,Consulting,0
5789,0,False,3.25,Humanities,Black,680.0,5.0,Consulting,0
5790,1,False,3.05,Humanities,Black,590.0,5.0,Technology,0
5791,1,False,3.18,Business,Black,690.0,5.0,PE/VC,0
5792,1,True,3.66,Humanities,Unknown,680.0,5.0,Technology,1
5793,1,False,3.11,Humanities,White,580.0,5.0,Technology,0
5794,1,False,2.95,Humanities,Hispanic,610.0,4.0,Investment Banking,0
5795,1,False,3.18,STEM,White,710.0,4.0,Investment Banking,0
5796,1,False,3.25,Business,Black,670.0,7.0,Consulting,1
5797,1,False,3.32,STEM,Asian,700.0,5.0,Investment Banking,0
5798,1,True,3.35,Humanities,Unknown,680.0,4.0,PE/VC,0
5799,0,False,3.27,Humanities,Other,730.0,5.0,Other,0
5800,1,True,3.41,Humanities,Unknown,710.0,6.0,Consulting,0
5801,1,False,3.28,Humanities,Asian,700.0,6.0,Consulting,0
5803,1,False,3.54,Humanities,Black,740.0,5.0,PE/VC,0
5804,1,False,3.39,Humanities,Hispanic,720.0,5.0,PE/VC,0
5805,1,False,3.1,STEM,Asian,600.0,5.0,PE/VC,0
5806,1,True,3.35,STEM,Unknown,620.0,5.0,Financial Services,0
5807,1,False,3.04,STEM,White,650.0,5.0,Energy,0
5808,0,False,3.24,Business,White,590.0,5.0,Investment Banking,0
5809,1,False,3.51,STEM,Hispanic,740.0,6.0,Financial Services,0
5810,1,True,3.24,Humanities,Unknown,620.0,6.0,Nonprofit/Gov,0
5811,1,False,3.41,Humanities,White,640.0,6.0,Financial Services,0
5812,1,False,3.26,Humanities,Black,710.0,6.0,Nonprofit/Gov,0
5813,1,False,3.35,Business,White,680.0,6.0,Nonprofit/Gov,0
5814,1,False,3.43,Humanities,White,660.0,5.0,Consulting,0
5815,1,True,3.27,Humanities,Unknown,660.0,5.0,Consulting,0
5816,1,False,3.31,Humanities,Asian,710.0,6.0,Financial Services,1
5817,0,False,3.29,Humanities,Hispanic,640.0,3.0,Investment Management,0
5818,1,False,3.26,Business,White,630.0,4.0,Financial Services,0
5819,1,True,3.32,STEM,Unknown,670.0,7.0,Investment Banking,1
5820,1,False,3.21,STEM,Hispanic,610.0,3.0,Consulting,0
5821,0,False,2.97,Business,Other,620.0,4.0,Investment Banking,0
5822,1,False,3.47,Business,White,650.0,6.0,Financial Services,0
5823,1,False,3.4,Humanities,White,690.0,5.0,Technology,1
5824,1,True,3.37,Humanities,Unknown,770.0,4.0,Consulting,0
5825,1,False,3.36,STEM,White,610.0,5.0,PE/VC,0
5826,0,False,3.49,Humanities,Other,780.0,4.0,PE/VC,0
5827,1,False,3.32,STEM,White,690.0,5.0,PE/VC,1
5828,1,False,3.38,STEM,Asian,620.0,5.0,Technology,0
5829,1,False,3.14,Humanities,White,640.0,5.0,Financial Services,0
5830,1,True,3.4,Humanities,Unknown,680.0,5.0,Consulting,1
5831,1,True,3.23,Business,Unknown,620.0,4.0,Investment Banking,0
5832,0,False,3.29,STEM,White,660.0,6.0,Health Care,1
5833,0,False,3.26,Humanities,White,570.0,5.0,PE/VC,0
5834,0,True,3.28,Humanities,Unknown,570.0,6.0,Technology,0
5835,1,True,3.36,Humanities,Unknown,690.0,6.0,PE/VC,1
5837,1,True,3.08,STEM,Unknown,610.0,4.0,Investment Banking,0
5838,0,True,3.11,Humanities,Unknown,630.0,5.0,Consulting,0
5839,1,False,3.24,Business,Black,710.0,6.0,Nonprofit/Gov,0
5840,1,False,3.25,STEM,Asian,610.0,5.0,Investment Management,0
5841,1,False,2.98,Humanities,Hispanic,590.0,6.0,Nonprofit/Gov,0
5842,1,False,3.46,Humanities,Black,690.0,5.0,Investment Banking,0
5843,1,False,3.38,Humanities,Asian,700.0,4.0,PE/VC,0
5844,1,True,3.0,Business,Unknown,650.0,5.0,Financial Services,0
5845,0,False,3.34,STEM,White,710.0,4.0,Consulting,0
5846,1,False,3.26,Humanities,Black,690.0,3.0,Technology,0
5847,0,False,3.12,STEM,White,630.0,5.0,Technology,0
5848,1,False,3.32,STEM,Asian,670.0,3.0,Technology,0
5849,1,False,3.34,Humanities,Asian,660.0,4.0,Financial Services,0
5850,1,True,3.37,Business,Unknown,730.0,6.0,Technology,1
5851,0,False,3.25,Business,White,670.0,4.0,Other,1
5852,1,True,3.09,Humanities,Unknown,580.0,5.0,Technology,0
5853,1,False,3.27,STEM,White,700.0,5.0,Consulting,1
5854,1,False,3.34,Humanities,Black,700.0,5.0,Financial Services,0
5855,1,True,3.32,Humanities,Unknown,720.0,6.0,PE/VC,1
5856,1,False,3.41,Humanities,Black,620.0,4.0,Consulting,0
5857,1,False,3.48,Humanities,Hispanic,650.0,5.0,Consulting,0
5858,1,False,3.07,STEM,Asian,620.0,3.0,Consulting,0
5859,1,False,3.1,STEM,White,570.0,6.0,Nonprofit/Gov,0
5860,1,False,3.16,Humanities,White,590.0,5.0,Technology,0
5861,0,False,3.34,Humanities,White,630.0,5.0,PE/VC,0
5862,0,False,3.09,STEM,Other,660.0,4.0,Consulting,0
5863,1,False,3.15,Business,White,600.0,3.0,Investment Banking,0
5864,0,True,3.11,Humanities,Unknown,610.0,5.0,Technology,0
5865,1,False,3.39,Humanities,White,670.0,6.0,Financial Services,0
5866,1,True,3.29,Humanities,Unknown,660.0,5.0,Consulting,0
5867,1,False,3.24,Humanities,Black,660.0,3.0,Other,0
5868,1,False,3.46,Business,Other,730.0,4.0,PE/VC,1
5869,0,True,3.55,Humanities,Unknown,740.0,6.0,Financial Services,1
5870,0,True,3.5,Business,Unknown,670.0,5.0,Investment Banking,0
5871,0,False,3.28,Humanities,Black,660.0,5.0,Consulting,0
5872,1,False,3.4,Humanities,Black,660.0,6.0,Other,0
5873,0,True,3.34,Humanities,Unknown,670.0,5.0,Technology,0
5874,1,True,3.15,Business,Unknown,590.0,4.0,Investment Management,0
5875,0,False,3.42,Business,Black,680.0,4.0,Consulting,0
5876,1,False,3.28,Business,White,620.0,3.0,Other,0
5877,1,False,3.17,Humanities,Hispanic,670.0,4.0,Health Care,0
5878,1,False,3.15,Humanities,Hispanic,610.0,6.0,Other,0
5879,0,True,3.16,STEM,Unknown,590.0,4.0,Consulting,0
5880,1,True,3.4,Humanities,Unknown,700.0,6.0,Health Care,0
5881,1,True,3.12,STEM,Unknown,600.0,5.0,Consulting,0
5882,0,True,3.2,Humanities,Unknown,660.0,5.0,Consulting,0
5883,1,False,3.66,Humanities,Asian,710.0,7.0,Other,0
5884,0,False,3.24,STEM,White,680.0,5.0,Consulting,1
5885,0,False,3.07,Humanities,White,640.0,5.0,Media/Entertainment,0
5886,1,False,3.27,STEM,Hispanic,600.0,5.0,Financial Services,0
5887,1,False,3.27,Humanities,Hispanic,670.0,3.0,PE/VC,0
5888,1,False,3.32,STEM,Hispanic,590.0,4.0,Financial Services,0
5889,1,False,3.22,Humanities,White,580.0,5.0,Health Care,0
5890,0,False,3.29,Business,White,590.0,5.0,Investment Management,0
5892,1,True,3.06,Business,Unknown,610.0,5.0,CPG,0
5893,0,True,3.44,Business,Unknown,630.0,6.0,Investment Banking,0
5894,0,True,3.24,Humanities,Unknown,690.0,7.0,Consulting,0
5895,1,True,3.1,Humanities,Unknown,620.0,5.0,Nonprofit/Gov,0
5896,1,True,3.3,Humanities,Unknown,600.0,7.0,PE/VC,0
5897,1,True,3.5,Business,Unknown,700.0,8.0,Consulting,0
5898,1,True,3.11,Humanities,Unknown,590.0,6.0,PE/VC,0
5899,0,True,3.31,Humanities,Unknown,660.0,5.0,Consulting,1
5900,0,True,3.51,Humanities,Unknown,650.0,6.0,Consulting,0
5901,1,True,3.19,Business,Unknown,600.0,4.0,Consulting,0
5902,0,False,3.41,Humanities,Asian,650.0,3.0,PE/VC,0
5903,1,False,3.5,Business,Hispanic,670.0,7.0,Other,0
5904,1,True,3.06,STEM,Unknown,680.0,4.0,Consulting,0
5905,0,True,3.3,Humanities,Unknown,640.0,6.0,Nonprofit/Gov,0
5906,1,True,3.33,STEM,Unknown,650.0,5.0,Other,0
5907,0,True,3.09,STEM,Unknown,660.0,5.0,Investment Management,0
5908,1,True,3.24,Business,Unknown,600.0,3.0,PE/VC,0
5909,1,False,3.32,STEM,White,590.0,5.0,Consulting,0
5910,1,False,3.66,Business,White,770.0,5.0,Other,1
5911,0,False,3.57,STEM,Asian,720.0,3.0,Health Care,0
5912,1,False,3.13,Humanities,Asian,600.0,6.0,Health Care,0
5913,1,True,3.26,STEM,Unknown,660.0,6.0,Financial Services,0
5914,1,False,3.16,Business,White,610.0,5.0,Nonprofit/Gov,0
5915,1,False,3.2,Business,Black,670.0,4.0,Nonprofit/Gov,0
5916,0,True,3.23,STEM,Unknown,670.0,3.0,PE/VC,0
5917,1,False,3.33,Humanities,Asian,610.0,6.0,Financial Services,0
5918,0,False,3.45,STEM,White,690.0,6.0,Consulting,0
5919,1,False,3.44,STEM,White,680.0,5.0,Consulting,0
5920,1,False,3.25,Business,Asian,660.0,5.0,Investment Banking,0
5921,0,False,3.36,Humanities,Black,680.0,5.0,Health Care,0
5922,1,False,3.26,Humanities,Black,620.0,4.0,Consulting,0
5923,0,True,3.28,STEM,Unknown,640.0,5.0,PE/VC,0
5924,1,False,3.14,STEM,Asian,610.0,5.0,Investment Banking,0
5925,0,False,3.46,Humanities,Hispanic,670.0,5.0,Consulting,1
5926,0,False,3.36,Humanities,Asian,670.0,7.0,Nonprofit/Gov,0
5927,1,False,3.47,STEM,Hispanic,670.0,4.0,Investment Banking,0
5928,0,False,3.12,Humanities,Black,600.0,8.0,Consulting,0
5929,0,False,3.35,STEM,Asian,580.0,3.0,Consulting,0
5930,1,False,3.48,Humanities,Asian,760.0,8.0,Financial Services,1
5931,0,False,3.18,Humanities,Black,680.0,4.0,Investment Management,0
5932,1,False,3.26,Humanities,Asian,670.0,3.0,CPG,1
5933,1,False,3.26,Humanities,Asian,740.0,6.0,Nonprofit/Gov,1
5934,1,False,3.35,STEM,White,630.0,4.0,PE/VC,0
5935,1,False,3.18,STEM,Black,670.0,4.0,Nonprofit/Gov,0
5936,0,False,3.4,STEM,Asian,690.0,5.0,PE/VC,0
5937,0,True,3.21,Humanities,Unknown,670.0,5.0,Consulting,0
5938,1,False,3.36,Humanities,Asian,680.0,5.0,PE/VC,0
5939,0,False,3.21,STEM,Black,610.0,5.0,Health Care,0
5940,1,False,3.27,Humanities,Asian,670.0,5.0,Financial Services,1
5941,1,False,3.32,Humanities,Asian,750.0,4.0,Technology,0
5942,1,False,3.64,Business,White,740.0,6.0,Financial Services,0
5943,1,False,3.22,Humanities,Asian,620.0,5.0,PE/VC,0
5944,1,False,2.9,STEM,White,570.0,5.0,PE/VC,0
5945,0,False,3.14,Business,White,630.0,5.0,Investment Banking,0
5946,1,True,3.13,Business,Unknown,600.0,5.0,Financial Services,0
5947,1,False,3.24,STEM,White,580.0,3.0,Consulting,0
5948,0,False,3.3,STEM,Asian,590.0,4.0,PE/VC,0
5949,1,True,3.36,Humanities,Unknown,650.0,6.0,Nonprofit/Gov,0
5950,1,False,3.15,STEM,Other,650.0,6.0,PE/VC,0
5951,1,True,3.44,Business,Unknown,740.0,6.0,Nonprofit/Gov,0
5952,1,True,3.21,STEM,Unknown,610.0,5.0,Financial Services,0
5953,1,True,3.25,STEM,Unknown,620.0,7.0,Consulting,0
5954,1,False,3.39,STEM,Hispanic,680.0,5.0,Retail,1
5955,1,False,3.36,Humanities,Asian,700.0,6.0,Other,0
5956,0,False,3.16,STEM,Hispanic,640.0,5.0,Nonprofit/Gov,0
5957,0,True,3.09,STEM,Unknown,630.0,5.0,Consulting,0
5958,0,True,3.4,Business,Unknown,720.0,4.0,Health Care,0
5959,0,False,3.2,Humanities,White,580.0,6.0,Consulting,0
5960,1,True,3.31,Humanities,Unknown,660.0,5.0,Investment Management,1
5961,0,False,3.15,Humanities,Asian,660.0,5.0,Consulting,0
5962,0,True,3.25,STEM,Unknown,570.0,4.0,Financial Services,0
5963,1,True,3.28,Humanities,Unknown,640.0,5.0,Technology,0
5964,1,False,3.4,STEM,Black,690.0,5.0,Technology,0
5965,1,False,3.07,Humanities,Asian,620.0,5.0,Consulting,0
5966,0,False,3.31,Business,White,630.0,7.0,Other,0
5967,0,False,3.22,Humanities,Asian,660.0,5.0,Consulting,1
5968,1,False,3.24,Business,Black,600.0,4.0,Technology,0
5969,1,False,3.15,Humanities,Asian,680.0,5.0,PE/VC,0
5970,0,True,3.14,Humanities,Unknown,620.0,4.0,Financial Services,0
5971,1,False,3.29,Humanities,Black,620.0,6.0,Nonprofit/Gov,0
5972,0,False,3.62,Humanities,Other,710.0,5.0,Technology,0
5973,1,True,3.0,Humanities,Unknown,610.0,4.0,Other,0
5974,1,False,3.25,Humanities,White,630.0,5.0,Investment Banking,0
5975,1,True,3.05,Humanities,Unknown,610.0,4.0,Investment Banking,0
5976,1,False,3.1,Humanities,White,620.0,5.0,Investment Banking,0
5977,1,False,3.2,Humanities,Black,720.0,4.0,Nonprofit/Gov,0
5978,1,False,3.18,Business,Black,600.0,5.0,Investment Banking,0
5979,1,False,3.2,Humanities,Hispanic,620.0,6.0,Technology,0
5980,0,False,3.11,Humanities,Black,650.0,5.0,Investment Management,0
5981,1,True,3.33,Business,Unknown,650.0,3.0,Technology,0
5982,1,False,3.17,Business,Asian,650.0,6.0,CPG,0
5983,0,True,3.17,Business,Unknown,650.0,5.0,Consulting,0
5984,0,False,3.45,STEM,Black,740.0,5.0,Investment Banking,0
5985,0,True,3.35,STEM,Unknown,640.0,4.0,Consulting,0
5986,1,True,3.23,STEM,Unknown,630.0,5.0,Health Care,0
5987,0,True,3.23,STEM,Unknown,610.0,6.0,Consulting,0
5988,1,True,3.3,STEM,Unknown,620.0,5.0,Consulting,0
5989,1,False,3.14,Humanities,Asian,590.0,4.0,Real Estate,0
5990,1,True,3.09,Business,Unknown,650.0,3.0,PE/VC,0
5991,1,True,3.13,STEM,Unknown,640.0,5.0,Investment Banking,0
5992,0,False,3.36,STEM,Asian,650.0,5.0,PE/VC,0
5993,0,False,3.44,STEM,White,720.0,5.0,Nonprofit/Gov,1
5994,1,False,3.16,STEM,Other,600.0,5.0,Consulting,0
5995,0,False,3.27,STEM,Asian,660.0,4.0,Consulting,1
5996,0,True,3.31,Business,Unknown,640.0,5.0,Nonprofit/Gov,0
5997,0,False,3.23,Business,Black,710.0,5.0,Nonprofit/Gov,1
5998,0,True,3.12,STEM,Unknown,620.0,4.0,Technology,0
5999,1,False,3.48,Business,Hispanic,730.0,6.0,Consulting,0
6000,0,False,3.56,Humanities,Black,630.0,6.0,Consulting,0
6001,1,False,3.24,Humanities,Black,610.0,5.0,Nonprofit/Gov,0
6002,0,True,3.08,Business,Unknown,640.0,6.0,Consulting,0
6003,1,False,3.35,Humanities,Asian,690.0,5.0,Other,0
6004,1,True,3.18,Humanities,Unknown,710.0,4.0,Investment Banking,0
6005,1,False,3.33,Humanities,Asian,640.0,3.0,Consulting,0
6006,1,False,3.37,Humanities,Asian,690.0,6.0,Investment Banking,0
6008,0,False,3.13,Humanities,Asian,650.0,6.0,PE/VC,0
6009,0,False,3.17,Humanities,Asian,640.0,5.0,Consulting,0
6010,1,False,3.17,STEM,Asian,610.0,4.0,Other,0
6011,1,True,3.2,Humanities,Unknown,620.0,7.0,Consulting,0
6012,1,False,3.06,STEM,White,600.0,5.0,Financial Services,0
6013,1,False,3.29,Humanities,Asian,640.0,5.0,Investment Banking,0
6014,0,False,3.17,Humanities,Hispanic,640.0,6.0,Other,0
6015,0,False,3.31,Business,White,670.0,6.0,Investment Banking,0
6016,1,False,3.03,STEM,White,570.0,4.0,Investment Banking,0
6017,0,False,3.41,Humanities,White,670.0,3.0,Consulting,0
6018,0,False,3.17,Business,Black,640.0,4.0,Investment Management,0
6019,1,True,3.47,Business,Unknown,770.0,6.0,Financial Services,1
6020,0,False,3.14,STEM,White,620.0,3.0,Investment Banking,0
6021,1,False,3.13,STEM,Asian,670.0,5.0,Investment Banking,0
6022,0,True,3.36,Business,Unknown,620.0,5.0,Consulting,0
6023,1,True,3.18,Humanities,Unknown,650.0,5.0,Consulting,0
6024,0,True,3.53,Humanities,Unknown,710.0,6.0,Consulting,0
6025,1,True,3.15,Business,Unknown,570.0,5.0,Investment Banking,0
6026,1,False,3.05,Humanities,White,570.0,6.0,Technology,0
6027,0,False,3.47,Humanities,Black,780.0,5.0,Consulting,0
6028,0,False,3.26,Humanities,Asian,710.0,4.0,Technology,0
6029,1,False,3.47,Business,White,720.0,7.0,PE/VC,0
6030,1,True,3.48,STEM,Unknown,640.0,5.0,Technology,0
6031,1,True,3.18,STEM,Unknown,590.0,5.0,PE/VC,0
6032,0,False,3.21,Humanities,White,630.0,7.0,Technology,0
6033,1,True,3.26,STEM,Unknown,660.0,5.0,Consulting,1
6034,0,False,3.23,Business,White,710.0,5.0,Nonprofit/Gov,0
6036,0,False,3.26,STEM,Black,570.0,4.0,Consulting,0
6037,1,False,3.14,STEM,Black,670.0,5.0,Consulting,0
6038,0,True,3.3,Humanities,Unknown,680.0,5.0,Health Care,0
6039,1,False,3.45,Humanities,Black,720.0,8.0,Investment Banking,0
6040,1,False,3.23,Humanities,White,670.0,6.0,Consulting,0
6041,0,False,3.43,STEM,Other,640.0,2.0,Financial Services,0
6042,0,False,3.29,Humanities,White,680.0,4.0,Technology,0
6043,1,False,3.23,Business,White,620.0,6.0,Technology,0
6044,0,True,3.28,STEM,Unknown,650.0,5.0,Consulting,0
6045,1,False,3.26,Business,Hispanic,660.0,5.0,Investment Banking,0
6046,1,False,3.36,STEM,Other,740.0,7.0,Consulting,0
6047,1,False,3.41,STEM,White,710.0,5.0,Technology,1
6048,1,False,3.39,Humanities,Black,660.0,5.0,Retail,0
6049,1,False,3.45,Humanities,Black,660.0,5.0,Consulting,0
6050,1,False,3.19,Humanities,White,670.0,5.0,CPG,0
6051,1,False,3.42,Humanities,White,670.0,5.0,Investment Banking,1
6052,1,False,3.3,Humanities,Hispanic,650.0,6.0,Consulting,0
6053,1,True,3.21,Humanities,Unknown,620.0,4.0,Investment Banking,0
6054,0,False,2.89,Business,Black,630.0,4.0,Financial Services,0
6055,1,True,3.4,Business,Unknown,630.0,4.0,Investment Banking,0
6056,0,True,3.17,Humanities,Unknown,640.0,7.0,Technology,0
6057,0,True,3.25,Business,Unknown,650.0,7.0,Consulting,0
6058,1,True,3.53,Humanities,Unknown,700.0,5.0,Consulting,0
6059,1,False,3.4,Business,Black,680.0,6.0,PE/VC,0
6060,1,False,3.22,STEM,Asian,600.0,5.0,Consulting,0
6061,1,False,3.13,STEM,White,630.0,6.0,Health Care,0
6062,1,False,3.02,Humanities,Black,670.0,6.0,Technology,0
6063,1,True,3.29,STEM,Unknown,730.0,5.0,Technology,0
6064,0,False,3.17,Humanities,Hispanic,610.0,4.0,Technology,0
6065,1,False,3.6,STEM,Black,700.0,5.0,Health Care,0
6066,1,False,3.4,Humanities,Black,760.0,5.0,Technology,0
6067,0,True,3.09,Humanities,Unknown,620.0,7.0,Investment Banking,0
6068,0,True,3.31,STEM,Unknown,710.0,6.0,Nonprofit/Gov,0
6069,1,True,3.24,Humanities,Unknown,610.0,4.0,Consulting,0
6070,0,False,3.2,Business,Black,610.0,4.0,PE/VC,0
6071,0,True,3.24,STEM,Unknown,680.0,6.0,Investment Banking,1
6072,1,False,3.35,Humanities,Hispanic,720.0,5.0,Technology,0
6073,1,False,3.29,Humanities,White,620.0,4.0,PE/VC,0
6074,1,False,3.52,Humanities,Asian,720.0,7.0,Investment Banking,0
6075,1,False,3.49,Business,Hispanic,640.0,5.0,Investment Banking,0
6076,1,True,3.35,STEM,Unknown,680.0,6.0,Investment Management,0
6077,0,False,3.16,Humanities,Other,600.0,6.0,Health Care,0
6078,1,False,3.33,STEM,Black,680.0,3.0,Consulting,0
6079,0,False,3.39,Humanities,Hispanic,640.0,5.0,Other,0
6080,1,False,3.18,STEM,Black,640.0,4.0,Other,0
6081,0,False,3.42,Humanities,Asian,620.0,6.0,Financial Services,0
6082,1,False,3.16,STEM,White,620.0,3.0,Consulting,0
6083,1,False,3.14,Humanities,Hispanic,620.0,6.0,Consulting,0
6084,0,False,3.23,Humanities,White,610.0,6.0,Technology,0
6085,1,False,3.15,Humanities,White,590.0,8.0,Technology,0
6086,1,False,3.32,Business,White,660.0,7.0,Consulting,0
6087,1,False,3.17,STEM,Black,590.0,4.0,Consulting,0
6088,1,True,3.34,Humanities,Unknown,680.0,5.0,Technology,0
6090,1,False,3.5,STEM,White,700.0,3.0,Consulting,1
6091,1,True,3.54,STEM,Unknown,750.0,5.0,Other,0
6092,1,True,3.32,Business,Unknown,670.0,6.0,PE/VC,0
6093,1,False,3.54,Humanities,White,700.0,6.0,Consulting,1
6094,1,False,3.03,Humanities,White,620.0,4.0,Consulting,0
6095,1,False,3.17,Humanities,Asian,600.0,5.0,PE/VC,0
6096,0,False,3.58,Humanities,White,750.0,5.0,Nonprofit/Gov,0
6097,1,True,3.03,STEM,Unknown,650.0,5.0,Consulting,0
6098,0,False,3.35,Humanities,White,650.0,5.0,Consulting,0
6099,1,False,3.11,Humanities,Black,570.0,6.0,PE/VC,0
6100,0,True,3.14,Business,Unknown,620.0,5.0,Nonprofit/Gov,0
6101,1,False,3.38,STEM,Asian,700.0,7.0,Financial Services,1
6102,1,True,3.28,Business,Unknown,600.0,5.0,Consulting,0
6103,0,True,3.29,STEM,Unknown,590.0,4.0,Financial Services,0
6104,0,False,3.37,Business,Asian,720.0,6.0,Investment Banking,1
6105,1,False,3.36,Humanities,White,630.0,6.0,Consulting,0
6106,0,True,3.51,Humanities,Unknown,700.0,4.0,Nonprofit/Gov,0
6107,0,False,3.66,Business,White,690.0,5.0,Nonprofit/Gov,0
6108,1,False,3.26,Humanities,White,680.0,5.0,Nonprofit/Gov,0
6109,0,False,3.03,Humanities,Asian,640.0,5.0,Technology,0
6110,0,True,3.42,Humanities,Unknown,660.0,7.0,Consulting,1
6111,0,True,3.19,STEM,Unknown,640.0,6.0,Other,0
6112,1,False,3.05,Humanities,White,610.0,5.0,Investment Banking,0
6113,1,False,3.14,STEM,Black,640.0,6.0,Health Care,0
6114,1,False,3.12,Business,White,660.0,3.0,Technology,0
6115,0,False,3.38,Business,Hispanic,690.0,7.0,Technology,1
6116,0,False,3.15,STEM,Black,610.0,5.0,Consulting,0
6117,0,True,3.44,STEM,Unknown,570.0,3.0,Other,0
6118,1,False,3.45,STEM,Other,750.0,6.0,Health Care,1
6119,1,False,3.43,STEM,White,700.0,5.0,Financial Services,0
6120,1,False,3.12,Humanities,Hispanic,630.0,7.0,PE/VC,0
6121,0,False,2.95,Business,Hispanic,630.0,5.0,PE/VC,0
6122,0,False,3.05,Business,White,580.0,6.0,Consulting,0
6123,1,False,3.22,Business,Asian,620.0,4.0,Investment Banking,0
6124,0,False,3.25,Humanities,Black,630.0,4.0,Nonprofit/Gov,0
6125,0,True,3.31,STEM,Unknown,720.0,6.0,PE/VC,0
6126,1,False,3.35,STEM,Hispanic,740.0,6.0,Consulting,0
6127,0,True,3.68,Business,Unknown,780.0,5.0,Investment Banking,1
6128,0,False,3.09,Humanities,Hispanic,570.0,4.0,Health Care,0
6129,0,True,3.24,Humanities,Unknown,600.0,4.0,Consulting,0
6130,0,False,3.13,Humanities,White,640.0,5.0,Health Care,0
6131,0,True,3.18,Humanities,Unknown,640.0,4.0,Nonprofit/Gov,0
6132,1,True,3.41,Humanities,Unknown,620.0,4.0,Financial Services,0
6133,1,False,3.2,STEM,White,630.0,5.0,PE/VC,0
6134,1,False,3.05,STEM,Black,580.0,5.0,Financial Services,0
6135,1,True,2.98,STEM,Unknown,600.0,5.0,Financial Services,0
6136,1,False,3.19,Business,Black,680.0,5.0,Consulting,0
6137,0,False,3.1,Business,Black,660.0,6.0,CPG,0
6138,1,True,3.33,STEM,Unknown,690.0,5.0,Consulting,1
6139,1,True,3.18,Business,Unknown,640.0,4.0,Investment Banking,0
6140,0,False,3.36,Humanities,White,640.0,5.0,Technology,0
6141,1,False,3.34,Humanities,Asian,660.0,6.0,Other,0
6142,0,True,3.37,Humanities,Unknown,760.0,6.0,Consulting,0
6143,0,False,3.31,Humanities,White,660.0,6.0,PE/VC,0
6144,0,True,3.37,STEM,Unknown,600.0,5.0,Consulting,0
6145,0,True,3.21,Business,Unknown,610.0,6.0,Consulting,0
6146,0,True,3.45,Humanities,Unknown,680.0,6.0,Consulting,0
6147,0,False,3.29,Humanities,White,650.0,5.0,Consulting,0
6148,1,False,3.06,Business,Asian,620.0,5.0,Consulting,0
6149,1,False,3.3,Business,White,710.0,5.0,Investment Management,0
6150,0,False,3.05,STEM,White,570.0,4.0,Consulting,0
6151,0,False,3.46,Business,Asian,680.0,5.0,Investment Banking,1
6152,1,False,3.16,Business,Asian,610.0,4.0,PE/VC,0
6153,0,False,3.31,Business,Black,690.0,3.0,Other,1
6154,1,True,3.17,Business,Unknown,610.0,6.0,Consulting,0
6155,1,True,3.54,STEM,Unknown,760.0,6.0,Health Care,0
6156,0,False,3.25,Humanities,Black,720.0,5.0,Retail,0
6157,0,False,2.97,Business,Asian,590.0,3.0,Health Care,0
6158,1,False,3.19,STEM,Black,570.0,5.0,Other,0
6159,1,False,3.26,Business,Black,650.0,4.0,Technology,0
6160,1,True,3.26,STEM,Unknown,610.0,5.0,PE/VC,0
6161,0,True,3.16,Humanities,Unknown,570.0,5.0,PE/VC,0
6162,0,False,3.13,Humanities,Black,650.0,4.0,Consulting,0
6163,1,False,3.2,Business,Hispanic,610.0,6.0,Consulting,0
6164,0,False,3.33,Humanities,Asian,650.0,5.0,Consulting,0
6165,1,False,3.42,STEM,Black,610.0,5.0,Technology,0
6166,0,False,3.27,Humanities,Asian,720.0,5.0,Nonprofit/Gov,0
6167,0,False,3.23,Business,White,620.0,4.0,Investment Banking,0
6168,1,True,3.24,Business,Unknown,570.0,4.0,Consulting,0
6169,0,False,3.21,STEM,White,680.0,5.0,Consulting,1
6170,1,False,3.23,STEM,Asian,650.0,5.0,Consulting,0
6171,1,False,3.05,STEM,White,600.0,6.0,Other,0
6172,0,False,3.25,STEM,Black,630.0,3.0,PE/VC,0
6173,1,False,2.91,Humanities,White,630.0,4.0,Financial Services,0
6174,0,False,3.58,Humanities,Black,690.0,4.0,Consulting,0
6175,0,False,3.32,Humanities,Black,670.0,6.0,PE/VC,0
6176,0,False,3.38,Humanities,Hispanic,680.0,3.0,Technology,1
6177,0,True,3.29,Business,Unknown,640.0,5.0,Technology,0
6178,1,False,3.35,Humanities,Hispanic,750.0,5.0,PE/VC,1
6179,1,False,2.96,Business,Asian,630.0,3.0,Financial Services,0
6180,0,False,3.01,Humanities,White,590.0,6.0,Nonprofit/Gov,0
6181,1,False,3.3,Business,Asian,600.0,5.0,PE/VC,0
6182,1,False,3.48,Humanities,Asian,710.0,5.0,Media/Entertainment,0
6183,0,False,3.28,Business,Black,580.0,6.0,Consulting,0
6184,0,False,3.06,Humanities,Black,660.0,5.0,Nonprofit/Gov,0
6185,1,False,3.33,STEM,White,620.0,5.0,Health Care,0
6186,1,False,3.19,STEM,Asian,660.0,4.0,Health Care,0
6187,1,True,3.23,Humanities,Unknown,610.0,7.0,Financial Services,0
6188,1,False,3.03,Humanities,Asian,570.0,6.0,PE/VC,0
6189,1,False,3.12,STEM,Black,630.0,4.0,Consulting,0
6190,1,False,3.49,Business,White,640.0,5.0,Other,0
6191,1,False,3.18,STEM,Black,670.0,4.0,Consulting,0
6192,0,True,3.22,Business,Unknown,680.0,5.0,Health Care,1
6193,1,True,3.36,Business,Unknown,590.0,5.0,Other,0
6194,1,False,3.23,STEM,Hispanic,650.0,4.0,Consulting,0
